Car_ID,Brand,Model_Year,Engine_Size,Fuel_Type,Transmission,Mileage,Doors,Owner_Count,Horsepower,Price
969,Toyota,2023.0,,Petrol,Manual,999999.0,4.0,,295.0,56855.7
241,Tesla,2015.0,3.5,Diesel,Manual,197593.0,4.0,,100.0,41642.35
820,Honda,2022.0,4.4,Diesel,Manual,,,4.0,,64103.2
693,Tesla,,3.7,Hybrid,Automatic,171590.0,4.0,,363.0,52593.5
421,Tesla,2007.0,3.3,Hybrid,Manual,181443.0,2.0,1.0,,30346.85
1086,BMW,2007.0,2.3,Petrol,Manual,134651.0,,1.0,243.0,38877.45
1999,BMW,2020.0,4.4,Diesel,Automatic,,,1.0,186.0,53222.65
366,Hyundai,2022.0,4.3,Petrol,Automatic,99348.0,4.0,4.0,,61249.600000000006
1023,Tesla,,,Petrol,Manual,36541.0,3.0,1.0,279.0,53309.95
1241,Ford,2010.0,4.9,Electric,Manual,60659.0,,3.0,89.0,44583.05
589,BMW,2019.0,3.2,Petrol,Manual,136743.0,4.0,4.0,,51035.85
737,Ford,2018.0,,Electric,Manual,61361.0,3.0,,,42161.95
1762,Tesla,2021.0,1.0,Diesel,Manual,87643.0,4.0,4.0,,39369.85
942,Tesla,2009.0,,Electric,Automatic,27394.0,3.0,3.0,86.0,27034.3
72,Tesla,2009.0,,Petrol,Manual,55575.0,,3.0,314.0,51605.25
1408,Honda,2005.0,2700 cc,Petrol,Automatic,12942.0,,2.0,159.0,39138.9
260,Toyota,2020.0,3.5,Electric,Manual,161359.0,4.0,4.0,5000.0,52449.05
52,Honda,2020.0,2.2,Diesel,Manual,86406.0,2.0,3.0,164.0,44544.7
199,BMW,2005.0,4.0,Hybrid,Automatic,9507.0,4.0,4.0,210.0,47091.65
1789,Ford,,,Electric,Manual,82108.0,4.0,2.0,,40493.6
651,Honda,2011.0,4.6,Electric,Automatic,110338.0,3.0,1.0,278.0,54129.1
333,Hyundai,2013.0,3.3,Petrol,Automatic,,3.0,3.0,152.0,41111.3
1360,Ford,2008.0,1.7,Electric,Manual,180536.0,,3.0,214.0,26968.199999999997
594,Tesla,15,,Hybrid,Manual,56012.0,4.0,3.0,5000.0,39468.4
1392,Hyundai,2018.0,,Hybrid,Automatic,174564.0,3.0,2.0,,42510.8
1801,Toyota,,4.4,electric,Automatic,30921.0,4.0,3.0,202.0,60711.95
1315,BMW,2019.0,2.9,Diesel,Manual,89106.0,3.0,1.0,262.0,0.0
1112,Toyota,,,Electric,Automatic,164236.0,3.0,3.0,226.0,37534.2
1007,BMW,12,2.0,Electric,Automatic,,2.0,3.0,,35007.7
1327,Hyundai,2023.0,1.2,Petrol,Manual,117454.0,2.0,,397.0,53548.3
427,Honda,2019.0,2.6,Electric,Automatic,80117.0,,,182.0,48797.15
1559,BMW,,,Petrol,Automatic,198209.0,3.0,1.0,172.0,35597.55
1294,Tesla,2017.0,4000 cc,Diesel,Manual,6995.0,,2.0,344.0,63310.25
591,Tesla,2011.0,3600 cc,Petrol,Automatic,190151.0,,2.0,85.0,35402.45
1958,Honda,,4900 cc,Diesel,Automatic,86481.0,3.0,3.0,278.0,61632.95
1977,Tesla,2017.0,1.6,hybrid,Manual,29741.0,3.0,1.0,230.0,47972.95
1133,BMW,,1.5,Electric,Automatic,108509.0,3.0,1.0,352.0,49299.55
986,Honda,2019.0,,ELECTRIC,Manual,43619.0,,3.0,,53787.05
399,Toyota,,5.0,PETROL,Automatic,,3.0,4.0,,57510.8
1512,Honda,2006.0,4.4,Diesel,Automatic,132424.0,,3.0,377.0,0.0
437,Ford,2007.0,3.6,Diesel,Automatic,131244.0,,,,41454.8
193,Tesla,2023.0,3000 cc,PETROL,Manual,,4.0,1.0,120.0,52606.15
1436,Toyota,2011.0,2.6,Petrol,Automatic,143709.0,3.0,1.0,203.0,40104.55
615,Hyundai,2013.0,4500 cc,Diesel,Manual,142682.0,3.0,1.0,171.0,47419.9
1494,BMW,2023.0,2200 cc,hybrid,Manual,142098.0,,,,51631.1
577,BMW,2012.0,2.3,Petrol,Manual,148670.0,3.0,4.0,272.0,40004.5
987,Toyota,22,2.8,Electric,Automatic,12032.0,3.0,3.0,147.0,51131.4
1433,Hyundai,,,ELECTRIC,Automatic,153743.0,3.0,2.0,365.0,65440.85
707,Hyundai,,2.2,Electric,Manual,93027.0,4.0,4.0,5000.0,38877.65
1259,Ford,8,1.2,Hybrid,Manual,,3.0,4.0,,29564.25
142,Honda,10,3.5,Diesel,Manual,168944.0,4.0,4.0,266.0,41296.8
1358,Toyota,2021.0,1.3,Hybrid,Manual,65520.0,4.0,3.0,398.0,53190.0
3,BMW,,2.2,Diesel,Manual,74672.0,3.0,2.0,333.0,41894.4
1222,Honda,2011.0,3.8,Diesel,Automatic,999999.0,,4.0,328.0,48221.85
1870,Ford,2007.0,,Petrol,Manual,77788.0,3.0,3.0,5000.0,49445.6
1623,Ford,2009.0,2.2,Diesel,Manual,98590.0,,2.0,309.0,40561.5
340,Tesla,2010.0,2.3,Petrol,Automatic,,3.0,4.0,,41516.15
1770,Toyota,2014.0,,Petrol,Automatic,5569.0,3.0,,371.0,53959.55
1537,Honda,,4200 cc,Petrol,Manual,47459.0,3.0,1.0,,44632.05
484,Tesla,2009.0,4.5,DIESEL,Manual,61221.0,,,90.0,43359.95
266,Toyota,17,4300 cc,ELECTRIC,Automatic,,2.0,3.0,367.0,62628.6
377,Honda,2006.0,4500 cc,Petrol,Automatic,18092.0,,1.0,241.0,54198.4
742,Ford,2008.0,4.6,Petrol,Automatic,51728.0,3.0,,,63143.6
1014,Hyundai,,3.7,Diesel,Automatic,42763.0,4.0,4.0,354.0,59506.85
440,Tesla,,,Diesel,Automatic,196758.0,,4.0,243.0,39902.1
272,Ford,2011.0,2.8,Electric,Automatic,52780.0,3.0,1.0,264.0,47700.0
185,Toyota,2008.0,2300 cc,Diesel,Automatic,,4.0,,178.0,34080.3
940,Honda,2020.0,1.7,Diesel,Automatic,154598.0,,,319.0,49241.1
245,Ford,2008.0,,Diesel,Manual,190616.0,,4.0,104.0,21838.199999999997
932,Ford,,4.0,Petrol,Manual,,3.0,1.0,,61995.45
446,Hyundai,19,4.8,hybrid,Manual,139847.0,,,88.0,48434.65
597,Tesla,2012.0,1.7,Diesel,Automatic,6074.0,,4.0,182.0,38018.3
818,Toyota,2008.0,2.9,Electric,Manual,78551.0,4.0,1.0,115.0,38930.45
1273,Ford,7,3900 cc,Hybrid,Manual,113943.0,4.0,3.0,362.0,48770.85
1677,BMW,19,2.6,ELECTRIC,Automatic,,4.0,4.0,263.0,0.0
487,Tesla,,1.8,Diesel,Automatic,170418.0,,2.0,,43279.1
681,Honda,2007.0,1100 cc,Hybrid,Manual,,4.0,2.0,114.0,31366.7
416,BMW,2013.0,4300 cc,Diesel,Automatic,70792.0,,,140.0,51222.4
274,Toyota,11,4.4,Petrol,Automatic,47503.0,3.0,1.0,375.0,62133.85
1472,Ford,2006.0,,Diesel,Automatic,37705.0,2.0,3.0,348.0,42942.75
1830,BMW,2008.0,1.2,Electric,Automatic,52006.0,,1.0,,30355.7
1455,BMW,2006.0,,Electric,Manual,,4.0,4.0,210.0,27120.1
251,Ford,2023.0,4.6,Hybrid,Automatic,147744.0,,3.0,169.0,55865.8
414,Honda,17,4.0,Electric,Automatic,192840.0,,1.0,349.0,55364.0
1386,Honda,19,4.8,Diesel,Manual,149867.0,2.0,1.0,241.0,61136.65
1308,BMW,,3.9,Diesel,Manual,119930.0,4.0,,373.0,48207.5
716,Ford,2010.0,2.5,Diesel,Manual,144045.0,4.0,1.0,201.0,39206.75
311,BMW,2007.0,4.1,Petrol,Automatic,24797.0,4.0,4.0,319.0,52751.15
927,Tesla,2011.0,3.2,Electric,Automatic,147513.0,2.0,,261.0,45767.35
382,Honda,2017.0,2.3,Diesel,Automatic,95751.0,,4.0,178.0,38734.45
1566,Hyundai,2016.0,4.0,Petrol,Automatic,70018.0,,2.0,162.0,52256.1
426,Ford,15,3.8,petrol,Automatic,84803.0,3.0,3.0,288.0,52569.85
1875,Toyota,2013.0,1.7,Diesel,Automatic,,3.0,3.0,310.0,40681.6
533,BMW,2017.0,4.2,Electric,Manual,,2.0,,370.0,66138.15
753,Ford,,3.9,Hybrid,Automatic,,,,86.0,44665.05
766,Honda,2013.0,,DIESEL,Automatic,27024.0,3.0,,87.0,43669.8
1357,Honda,2009.0,3.7,HYBRID,Automatic,,2.0,3.0,355.0,53267.35
409,Tesla,2006.0,3.6,Petrol,Manual,74687.0,3.0,,279.0,46819.65
1615,Hyundai,2017.0,3.8,Hybrid,Automatic,37833.0,,1.0,257.0,60252.35
695,Ford,2017.0,4.4,petrol,Automatic,101748.0,3.0,,357.0,65616.6
1739,BMW,2015.0,1200 cc,Electric,Automatic,20052.0,4.0,2.0,271.0,43174.4
549,Honda,2017.0,,Petrol,Manual,17975.0,,,5000.0,48766.25
937,Ford,2005.0,1.1,Electric,Automatic,76939.0,4.0,3.0,101.0,23833.05
1390,Toyota,2021.0,1.7,Electric,Automatic,75467.0,2.0,2.0,391.0,52187.65
1608,Hyundai,,4.2,Electric,Manual,171415.0,4.0,4.0,345.0,53952.25
1940,Toyota,,4.2,Electric,Automatic,179297.0,4.0,4.0,381.0,48371.15
1482,Honda,2019.0,2000 cc,Diesel,Manual,97307.0,4.0,3.0,115.0,41378.65
183,BMW,10,,Electric,Automatic,91713.0,3.0,3.0,5000.0,44894.35
1941,Honda,10,4.4,Petrol,Manual,196082.0,4.0,,75.0,35394.9
1161,Tesla,2011.0,1.4,Diesel,Manual,118561.0,2.0,1.0,85.0,29599.95
171,Ford,2010.0,,Hybrid,Automatic,73049.0,2.0,1.0,86.0,44086.55
293,Ford,20,5.0,Electric,Manual,135156.0,4.0,,357.0,65391.2
562,Honda,,2.3,petrol,Manual,36568.0,2.0,2.0,221.0,45506.6
1457,Ford,2018.0,2.6,Electric,Automatic,,4.0,4.0,101.0,44897.65
1877,Hyundai,2009.0,4.5,Electric,Manual,98948.0,4.0,,,49917.6
1652,Toyota,2005.0,3.0,hybrid,Manual,166929.0,4.0,1.0,242.0,38945.55
850,Honda,2011.0,2600 cc,diesel,Manual,47678.0,2.0,,178.0,43781.1
273,Honda,2017.0,1.7,Petrol,Manual,193210.0,,3.0,80.0,30810.5
1550,BMW,21,4.7,Diesel,Automatic,186601.0,3.0,3.0,111.0,51687.95
1035,Ford,2023.0,3.5,Diesel,Automatic,74487.0,,2.0,,62032.65
1744,Ford,,,Petrol,Manual,153346.0,3.0,,87.0,36356.7
372,Hyundai,,,ELECTRIC,Automatic,140797.0,,3.0,126.0,36478.15
1670,Honda,8,3700 cc,Hybrid,Automatic,,3.0,1.0,224.0,-10000.0
722,Toyota,,1.6,ELECTRIC,Automatic,167357.0,,4.0,158.0,26532.15
734,Hyundai,2023.0,4.0,Electric,Manual,90053.0,3.0,4.0,,54567.35
778,BMW,2017.0,,Electric,Automatic,140607.0,2.0,2.0,337.0,56620.65
519,Ford,2009.0,4.0,PETROL,Automatic,130291.0,2.0,1.0,91.0,42514.45
335,Tesla,2015.0,1600 cc,HYBRID,Manual,137631.0,4.0,1.0,203.0,38232.45
846,Tesla,2005.0,3.6,Electric,Automatic,55613.0,3.0,4.0,313.0,47946.35
1252,BMW,7,1.5,Petrol,Automatic,,4.0,2.0,399.0,41983.6
1053,BMW,2023.0,,Diesel,Manual,116193.0,4.0,4.0,,46974.35
1924,BMW,2008.0,4.8,Diesel,Automatic,150251.0,,2.0,169.0,45182.45
16,Ford,2023.0,1.2,Hybrid,Automatic,75864.0,2.0,3.0,226.0,46896.8
708,Tesla,2023.0,2400 cc,Hybrid,Automatic,160260.0,3.0,1.0,274.0,50892.0
901,Hyundai,2010.0,,Electric,Automatic,,2.0,1.0,390.0,-10000.0
1980,Ford,2023.0,3900 cc,Petrol,Manual,177614.0,,,144.0,49746.3
1573,Honda,2013.0,2.2,HYBRID,Manual,98743.0,3.0,3.0,315.0,0.0
904,Ford,2015.0,1.0,Hybrid,Automatic,192588.0,3.0,4.0,,24942.6
466,Honda,,4.4,ELECTRIC,Automatic,136066.0,3.0,2.0,188.0,45032.7
1978,BMW,2020.0,3.9,Diesel,Automatic,124720.0,3.0,3.0,140.0,49082.0
200,Tesla,2016.0,2800 cc,Petrol,Automatic,108134.0,2.0,4.0,258.0,45068.3
1207,Toyota,,4.3,Diesel,Manual,180778.0,3.0,1.0,,47515.1
1056,BMW,10,4.5,Diesel,Manual,109205.0,3.0,,172.0,49003.75
1132,Tesla,5,2.4,Electric,Automatic,,2.0,,,-10000.0
1380,Toyota,,1.4,Electric,Automatic,163145.0,,1.0,354.0,45894.75
999,Toyota,2006.0,2.6,Diesel,Manual,177751.0,3.0,,230.0,35503.45
728,BMW,2007.0,3.6,Petrol,Automatic,21911.0,,1.0,77.0,41790.45
1772,Toyota,2008.0,1.3,Diesel,Manual,72509.0,3.0,2.0,313.0,-10000.0
1910,Toyota,2006.0,4.0,Hybrid,Automatic,170355.0,,3.0,244.0,43059.25
1822,Honda,13,,Electric,Automatic,88071.0,4.0,2.0,,55149.45
568,Ford,2021.0,1800 cc,Petrol,Manual,112460.0,2.0,4.0,270.0,45123.0
44,BMW,2017.0,2.1,Electric,Automatic,134560.0,4.0,3.0,,46809.0
275,Ford,21,,Petrol,Automatic,62893.0,3.0,4.0,191.0,56563.35
1097,Toyota,2017.0,3.7,Petrol,Manual,44199.0,3.0,4.0,,50229.05
102,Toyota,2021.0,3.6,Diesel,Automatic,118766.0,3.0,1.0,272.0,57016.7
1232,Hyundai,2013.0,3.7,Hybrid,Automatic,,2.0,3.0,172.0,43069.9
1722,Hyundai,2010.0,1500 cc,Hybrid,Manual,189951.0,2.0,1.0,5000.0,31133.449999999997
1833,Hyundai,2023.0,4.8,Diesel,Manual,,2.0,4.0,,63551.95
108,BMW,,,Petrol,Automatic,49225.0,,1.0,345.0,66928.75
1618,Hyundai,2016.0,2300 cc,Electric,Automatic,111898.0,3.0,2.0,202.0,45085.1
498,Honda,,4.9,Petrol,Manual,25344.0,2.0,4.0,,58700.8
1981,Ford,16,4.1,Petrol,Manual,11869.0,2.0,3.0,284.0,60961.55
882,BMW,2023.0,4.0,Diesel,Automatic,163988.0,2.0,3.0,,49379.6
757,Hyundai,,,Diesel,Manual,59165.0,3.0,3.0,235.0,37167.75
620,BMW,2012.0,4.2,Petrol,Manual,999999.0,3.0,4.0,160.0,44007.75
1107,BMW,,2.4,Electric,Manual,,3.0,3.0,,-10000.0
1936,Toyota,,4.2,electric,Automatic,193874.0,3.0,2.0,83.0,32255.300000000003
810,Toyota,2020.0,4.3,Electric,Manual,131733.0,,1.0,,61221.35
1038,Honda,2012.0,2.3,Petrol,Manual,170413.0,3.0,3.0,329.0,41822.35
73,Honda,,4.5,Electric,Manual,165974.0,,2.0,,45407.3
1284,Tesla,,3.3,Petrol,Manual,33834.0,4.0,4.0,356.0,56084.3
1272,Toyota,,,Electric,Manual,7978.0,4.0,,,47625.1
1335,Honda,16,4.3,Diesel,Automatic,182218.0,3.0,4.0,367.0,53830.1
1459,BMW,,,Diesel,Manual,148635.0,,3.0,221.0,34788.25
482,BMW,2023.0,1.3,Diesel,Manual,,3.0,4.0,273.0,48707.0
1069,Toyota,8,2.1,Petrol,Automatic,103723.0,4.0,,,35945.85
507,Tesla,2021.0,4.8,Petrol,Manual,185891.0,3.0,3.0,319.0,62770.45
1238,Honda,2019.0,,Petrol,Automatic,134669.0,4.0,2.0,362.0,48730.55
1862,Tesla,5,2500 cc,Electric,Manual,151930.0,,,344.0,-10000.0
1990,Tesla,2012.0,4.3,Hybrid,Manual,198065.0,2.0,,331.0,52950.75
1477,Hyundai,2020.0,4.0,Electric,Automatic,,3.0,3.0,,58699.35
1867,Toyota,2006.0,3.6,Electric,Manual,,4.0,1.0,249.0,44351.15
1456,BMW,2018.0,,Electric,Manual,78143.0,2.0,1.0,230.0,53473.85
312,Hyundai,2016.0,3.2,PETROL,Automatic,37535.0,,4.0,,46605.25
963,Toyota,2009.0,,Petrol,Automatic,114920.0,3.0,2.0,,44518.0
406,Ford,2020.0,4100 cc,Petrol,Manual,94520.0,3.0,4.0,242.0,54962.0
1331,BMW,,1.9,Petrol,Manual,72445.0,2.0,,343.0,50479.75
1650,BMW,2010.0,1.8,Diesel,Automatic,,4.0,,325.0,41597.15
310,Tesla,2021.0,4.2,petrol,Manual,,4.0,4.0,130.0,51904.95
227,Honda,2020.0,1.9,Petrol,Manual,,2.0,4.0,,56892.55
1858,BMW,2008.0,2.4,Petrol,Automatic,,2.0,1.0,,43693.7
711,Ford,2019.0,2000 cc,Diesel,Manual,,,4.0,206.0,48387.05
1944,Toyota,2021.0,,Diesel,Automatic,,4.0,3.0,382.0,53738.95
1384,Tesla,15,3.6,Petrol,Automatic,13381.0,,1.0,371.0,61481.95
1786,Hyundai,,2200 cc,Electric,Automatic,146916.0,,,,34873.2
149,Ford,2014.0,,Hybrid,Manual,92793.0,3.0,4.0,311.0,40110.35
1555,Ford,,,Electric,Manual,140486.0,3.0,,5000.0,35481.7
1957,Honda,2023.0,1.9,electric,Manual,99024.0,2.0,4.0,286.0,48859.8
926,Tesla,2006.0,2.2,Petrol,Manual,111359.0,,4.0,137.0,31858.050000000003
943,Honda,2008.0,4300 cc,Electric,Manual,103557.0,3.0,1.0,186.0,44507.15
837,BMW,2022.0,,hybrid,Automatic,59304.0,3.0,3.0,323.0,61175.8
576,Toyota,2017.0,2.6,Hybrid,Automatic,11083.0,2.0,3.0,5000.0,53302.85
558,Honda,5,3.3,Petrol,Automatic,45409.0,3.0,1.0,270.0,45886.55
1236,Toyota,2005.0,2.6,DIESEL,Automatic,47679.0,4.0,2.0,,33584.05
1361,BMW,2023.0,1.7,petrol,Automatic,112408.0,4.0,2.0,,0.0
1348,Toyota,,,Petrol,Manual,190964.0,2.0,4.0,345.0,50432.8
1162,Hyundai,2013.0,1.7,Diesel,Manual,33024.0,2.0,,87.0,35377.8
1443,Honda,2009.0,3.3,Petrol,Automatic,,4.0,1.0,151.0,41580.15
287,BMW,2013.0,1.3,Electric,Manual,92238.0,4.0,2.0,87.0,28361.1
1605,Tesla,2022.0,,Hybrid,Automatic,116860.0,2.0,4.0,322.0,43997.0
1058,Toyota,2012.0,,Diesel,Manual,19123.0,2.0,2.0,,40797.85
599,BMW,2010.0,2.1,Diesel,Automatic,,2.0,1.0,245.0,39703.65
933,Toyota,2015.0,4600 cc,hybrid,Automatic,,4.0,4.0,,52417.9
1462,Honda,2012.0,4.6,Petrol,Automatic,169762.0,,2.0,348.0,52885.9
1638,Toyota,2010.0,,Electric,Automatic,123066.0,,,164.0,39074.7
1588,Ford,2008.0,4.0,Petrol,Automatic,77010.0,3.0,4.0,309.0,50334.5
1041,BMW,2020.0,1800 cc,ELECTRIC,Manual,,3.0,1.0,93.0,38409.7
1231,Toyota,2021.0,2.3,HYBRID,Automatic,147954.0,4.0,1.0,,42277.3
807,Toyota,2007.0,3.3,Hybrid,Automatic,182779.0,,,95.0,30467.050000000003
905,Honda,2023.0,4.9,Petrol,Automatic,134858.0,3.0,1.0,133.0,59732.1
1680,Hyundai,2012.0,3.2,Diesel,Automatic,146129.0,,4.0,101.0,35365.55
1205,Hyundai,16,1.9,diesel,Automatic,,,1.0,,50811.75
768,Tesla,2009.0,4300 cc,Hybrid,Manual,87912.0,3.0,4.0,341.0,51361.4
610,Tesla,2021.0,4.2,Diesel,Manual,197990.0,4.0,,269.0,51515.5
1993,Tesla,2007.0,2.9,Electric,Manual,7274.0,3.0,1.0,,51050.3
1565,Ford,,,Diesel,Automatic,,4.0,3.0,,-10000.0
1423,Tesla,2020.0,3.2,Petrol,Manual,163239.0,3.0,4.0,115.0,41287.05
1011,Toyota,2010.0,1.9,Electric,Manual,49518.0,4.0,1.0,392.0,52457.1
494,Ford,,5.0,Hybrid,Manual,83467.0,2.0,4.0,125.0,-10000.0
1321,Honda,,4.3,Petrol,Automatic,91576.0,3.0,,135.0,41275.2
278,Honda,2008.0,2.6,Hybrid,Automatic,85857.0,2.0,1.0,,45406.15
1847,Ford,2019.0,1.8,Petrol,Automatic,63031.0,2.0,2.0,117.0,39292.45
359,BMW,2021.0,,diesel,Automatic,,3.0,3.0,82.0,45999.3
1111,Ford,,3.9,Hybrid,Manual,,2.0,1.0,221.0,41972.65
237,Hyundai,2022.0,,Petrol,Manual,,,,71.0,-10000.0
552,Honda,,,DIESEL,Automatic,86371.0,2.0,3.0,,54516.45
1868,Ford,2014.0,3.4,Hybrid,Automatic,,2.0,4.0,220.0,51614.25
1813,Ford,,2.2,electric,Manual,47875.0,3.0,2.0,,55329.25
209,Tesla,,1.0,Hybrid,Automatic,140549.0,4.0,3.0,344.0,38048.55
1387,BMW,2015.0,,Electric,Automatic,67999.0,2.0,2.0,249.0,55196.05
1561,BMW,8,4.4,Diesel,Automatic,999999.0,4.0,4.0,,49795.45
59,Ford,2009.0,4.9,Petrol,Manual,100044.0,4.0,3.0,,45173.8
632,BMW,2012.0,2.0,Diesel,Automatic,12338.0,4.0,2.0,331.0,47239.1
1962,BMW,2005.0,2.9,Diesel,Manual,40050.0,2.0,2.0,134.0,37118.5
1860,Honda,2007.0,3.4,Hybrid,Automatic,,4.0,3.0,5000.0,42951.35
1817,BMW,2022.0,1.6,Diesel,Manual,,2.0,1.0,,54183.45
364,Toyota,,,Electric,Automatic,84415.0,4.0,1.0,201.0,37889.25
506,Honda,2012.0,4400 cc,Diesel,Automatic,116095.0,2.0,2.0,156.0,45364.25
1166,Hyundai,2018.0,4.5,Petrol,Manual,,4.0,2.0,267.0,60738.1
1122,Toyota,12,2.1,Diesel,Automatic,107537.0,3.0,,367.0,43230.15
1630,BMW,,4.0,Hybrid,Automatic,27462.0,2.0,3.0,225.0,46466.9
1217,BMW,2014.0,,hybrid,Manual,,,4.0,214.0,52181.0
1152,Ford,14,3100 cc,DIESEL,Automatic,98608.0,4.0,,230.0,48564.6
1125,Toyota,2022.0,3.5,Electric,Automatic,119915.0,2.0,3.0,212.0,49731.25
1595,Ford,5,2.5,Diesel,Manual,,4.0,1.0,164.0,35728.9
119,Toyota,2021.0,1.3,Electric,Automatic,44963.0,,3.0,238.0,45882.85
1250,BMW,6,2.4,Petrol,Manual,57870.0,3.0,1.0,182.0,35605.5
1994,Ford,2022.0,4.4,Electric,Manual,89390.0,4.0,4.0,179.0,53926.5
523,BMW,2019.0,4200 cc,Diesel,Automatic,105326.0,3.0,4.0,5000.0,59022.7
514,BMW,,2.1,Petrol,Automatic,101188.0,3.0,4.0,124.0,32855.6
82,Tesla,7,2.8,Hybrid,Manual,37161.0,2.0,1.0,,42436.95
916,Honda,2013.0,5.0,Petrol,Manual,20588.0,2.0,1.0,392.0,69174.6
1019,Ford,2011.0,1.6,Petrol,Manual,178108.0,2.0,,100.0,29023.6
381,Tesla,,3.7,Electric,Automatic,76667.0,,4.0,280.0,48318.65
1030,Honda,2010.0,3.6,Diesel,Manual,149507.0,,4.0,335.0,-10000.0
1689,BMW,2011.0,,Petrol,Manual,61792.0,4.0,4.0,343.0,50867.4
85,Tesla,2014.0,4.4,Hybrid,Manual,68190.0,3.0,1.0,309.0,60686.5
1678,Tesla,,,petrol,Manual,,3.0,,204.0,37355.65
330,Tesla,,3.4,Hybrid,Manual,122517.0,4.0,1.0,,52386.15
7,BMW,16,2.3,Petrol,Manual,7810.0,2.0,,267.0,52140.5
746,Ford,,,DIESEL,Manual,,2.0,3.0,261.0,40519.8
1554,BMW,2015.0,,diesel,Manual,109060.0,3.0,4.0,357.0,55962.0
915,Tesla,2012.0,,Hybrid,Automatic,5694.0,3.0,1.0,317.0,50214.3
874,Ford,2023.0,4.8,Petrol,Automatic,74519.0,2.0,2.0,332.0,0.0
452,Toyota,18,2100 cc,Electric,Automatic,191256.0,3.0,4.0,,35705.2
491,Tesla,2019.0,,Petrol,Manual,36533.0,3.0,,147.0,56320.35
1481,Honda,2017.0,3.3,Electric,Manual,156967.0,4.0,,204.0,49682.65
288,BMW,2013.0,3.6,Electric,Manual,199227.0,4.0,1.0,312.0,51347.65
949,BMW,15,,Hybrid,Manual,135632.0,3.0,,185.0,44960.4
1986,BMW,2016.0,1.3,Petrol,Manual,193088.0,4.0,4.0,305.0,34422.6
1369,Tesla,9,4.4,Electric,Automatic,14884.0,3.0,,,59839.8
1147,Hyundai,2012.0,1100 cc,Diesel,Manual,54632.0,4.0,4.0,285.0,37812.4
706,Hyundai,2023.0,5.0,Hybrid,Automatic,67576.0,,4.0,368.0,67918.2
1727,BMW,,1.5,hybrid,Manual,84993.0,2.0,1.0,218.0,41386.35
1702,BMW,,2.7,Electric,Manual,173217.0,4.0,2.0,,36990.15
1629,Hyundai,,3600 cc,Hybrid,Automatic,144032.0,2.0,,91.0,37906.4
1600,Tesla,6,4.8,Hybrid,Manual,92945.0,3.0,1.0,267.0,-10000.0
1539,Hyundai,,3600 cc,Hybrid,Automatic,,2.0,3.0,,63761.850000000006
1406,BMW,21,,hybrid,Automatic,22529.0,2.0,4.0,234.0,50875.55
1651,Honda,2011.0,3.9,Electric,Automatic,153890.0,3.0,1.0,,45953.5
328,Tesla,,4600 cc,Diesel,Manual,89853.0,3.0,1.0,332.0,61877.35
443,Tesla,11,3700 cc,Diesel,Manual,152702.0,2.0,2.0,315.0,46461.9
775,Toyota,2017.0,4.3,Diesel,Automatic,194123.0,4.0,,198.0,47298.85
1088,Honda,,1.1,Hybrid,Manual,,4.0,4.0,268.0,31959.9
1221,Hyundai,2013.0,,Hybrid,Manual,24515.0,4.0,4.0,256.0,44090.25
1636,Hyundai,,3.8,diesel,Automatic,,,,313.0,47969.2
178,Toyota,2017.0,2.4,electric,Manual,,3.0,4.0,127.0,34143.3
1323,Toyota,2021.0,1.5,Electric,Manual,,2.0,2.0,315.0,48990.6
705,Hyundai,,,Petrol,Automatic,163660.0,,4.0,5000.0,54963.0
87,Toyota,,3.7,Hybrid,Automatic,18275.0,3.0,4.0,207.0,51880.25
1884,Ford,2023.0,3.4,Petrol,Manual,78601.0,3.0,3.0,304.0,62499.95
1948,Hyundai,2017.0,2.4,Hybrid,Manual,163279.0,4.0,,172.0,41607.05
458,Honda,,2.8,Diesel,Automatic,999999.0,,1.0,77.0,42376.35
1829,Toyota,2013.0,2.7,Petrol,Automatic,,3.0,4.0,311.0,50944.65
55,Honda,18,3.5,Diesel,Manual,149735.0,4.0,4.0,,42775.25
1502,Honda,2018.0,,Petrol,Manual,999999.0,2.0,,93.0,37060.5
644,Tesla,2019.0,,Hybrid,Manual,188744.0,3.0,4.0,259.0,0.0
678,BMW,2005.0,,Diesel,Automatic,9001.0,2.0,3.0,241.0,-10000.0
222,Hyundai,2006.0,3.1,Hybrid,Automatic,10192.0,4.0,3.0,177.0,43582.4
114,Hyundai,2007.0,,Petrol,Automatic,56977.0,,1.0,5000.0,33300.15
983,Toyota,2006.0,,Diesel,Automatic,55624.0,4.0,1.0,302.0,41038.8
1229,BMW,2012.0,,Hybrid,Automatic,84720.0,3.0,1.0,350.0,59684.0
1000,Hyundai,2007.0,3.7,Hybrid,Manual,,3.0,3.0,,51833.2
175,BMW,2020.0,2.0,Petrol,Manual,60654.0,2.0,2.0,,42248.3
782,Tesla,,1.9,Petrol,Manual,195884.0,,3.0,379.0,39525.8
590,Toyota,2023.0,2.5,Diesel,Automatic,,4.0,1.0,160.0,53652.75
1560,Hyundai,2021.0,1.6,Petrol,Manual,140009.0,3.0,,5000.0,45341.55
19,Honda,2005.0,3600 cc,Electric,Automatic,94792.0,4.0,1.0,,44801.4
424,Tesla,2010.0,4.0,Diesel,Manual,197328.0,4.0,2.0,122.0,35758.6
1344,Hyundai,,2.7,Hybrid,Manual,108565.0,3.0,4.0,92.0,37653.75
286,Toyota,,4900 cc,Hybrid,Manual,60006.0,3.0,3.0,,64192.7
1584,Honda,2017.0,,Electric,Automatic,99415.0,2.0,2.0,261.0,52288.25
429,Tesla,2014.0,3400 cc,Diesel,Automatic,92483.0,3.0,2.0,346.0,53069.85
1510,Hyundai,2016.0,,Petrol,Automatic,103315.0,4.0,2.0,344.0,49946.25
1319,Toyota,,,Hybrid,Automatic,169486.0,3.0,4.0,244.0,43917.7
670,Hyundai,,4.2,Diesel,Manual,128351.0,4.0,2.0,147.0,50180.45
32,Honda,2008.0,1.7,Diesel,Automatic,98823.0,2.0,4.0,395.0,42929.85
941,Ford,2015.0,1.9,Electric,Manual,,3.0,4.0,164.0,38950.0
723,Hyundai,,4.9,Petrol,Automatic,28039.0,4.0,,118.0,52648.05
995,Hyundai,2007.0,1.6,Hybrid,Automatic,,,,,28804.5
215,Toyota,2014.0,1.1,PETROL,Automatic,999999.0,4.0,1.0,367.0,43030.15
814,Hyundai,2010.0,4.2,Petrol,Automatic,105931.0,3.0,4.0,5000.0,50321.45
327,Tesla,2007.0,4.0,Petrol,Automatic,53002.0,2.0,4.0,174.0,46102.9
561,Ford,12,4400 cc,Hybrid,Automatic,5840.0,2.0,2.0,,47426.0
1113,Hyundai,2008.0,3.1,Petrol,Automatic,43562.0,3.0,3.0,,50279.9
701,Tesla,2018.0,4.9,Hybrid,Manual,,,,219.0,57537.25
1579,Honda,2007.0,1.5,Petrol,Manual,193489.0,,2.0,224.0,29125.55
1190,BMW,,2.8,Hybrid,Manual,63481.0,2.0,3.0,162.0,47561.95
342,Ford,2011.0,1.9,Hybrid,Manual,121378.0,4.0,4.0,79.0,28805.1
630,Honda,2022.0,2200 cc,Petrol,Manual,48284.0,4.0,4.0,151.0,47885.8
148,Hyundai,2015.0,4700 cc,Hybrid,Automatic,52734.0,2.0,3.0,,63508.3
1310,Toyota,2008.0,2.6,Diesel,Manual,29399.0,2.0,4.0,265.0,40926.05
361,Toyota,2009.0,3.8,Hybrid,Automatic,137669.0,2.0,4.0,220.0,41645.55
84,Tesla,,2.6,Petrol,Manual,7402.0,2.0,,229.0,49320.9
49,Toyota,2007.0,1.3,Hybrid,Automatic,,4.0,,89.0,18911.55
469,Tesla,,,Hybrid,Automatic,,,1.0,75.0,41122.55
156,Hyundai,,1.2,diesel,Manual,34545.0,4.0,3.0,83.0,39894.75
773,Toyota,2015.0,2.3,electric,Automatic,,3.0,2.0,281.0,48693.6
1240,BMW,2021.0,3.3,Petrol,Automatic,5799.0,4.0,,351.0,61806.05
1201,Ford,2019.0,1.2,Electric,Manual,59672.0,4.0,2.0,385.0,50651.4
1403,Hyundai,2012.0,1000 cc,ELECTRIC,Automatic,76325.0,4.0,2.0,252.0,35909.75
1203,Ford,2021.0,,PETROL,Manual,,,2.0,383.0,62288.95
1631,Ford,2007.0,4.2,Electric,Automatic,22821.0,4.0,4.0,187.0,44846.95
501,Toyota,20,1.2,Electric,Manual,,4.0,3.0,327.0,49521.95
1765,Ford,,4.3,ELECTRIC,Manual,75382.0,3.0,2.0,370.0,66155.9
180,Toyota,2015.0,4.3,petrol,Automatic,999999.0,2.0,4.0,277.0,56738.8
1048,Honda,2013.0,4300 cc,Hybrid,Automatic,,3.0,,255.0,54605.15
1756,BMW,2022.0,3.2,Diesel,Automatic,78527.0,3.0,4.0,281.0,52789.65
951,BMW,2020.0,1.2,Hybrid,Automatic,,4.0,2.0,322.0,49288.2
1317,Honda,2017.0,4.8,ELECTRIC,Automatic,104854.0,2.0,4.0,379.0,61857.3
1620,Toyota,2014.0,3.6,Hybrid,Manual,193213.0,3.0,1.0,84.0,39398.35
529,Toyota,22,,hybrid,Manual,22682.0,2.0,3.0,344.0,56442.9
347,BMW,9,1.3,PETROL,Manual,27694.0,4.0,4.0,215.0,36245.3
1388,Toyota,2023.0,2200 cc,Electric,Manual,54907.0,,3.0,333.0,57630.65
1961,Toyota,2018.0,2700 cc,Petrol,Automatic,24346.0,2.0,2.0,162.0,47952.7
1051,Hyundai,2018.0,5.0,PETROL,Manual,109180.0,4.0,4.0,277.0,61629.0
1973,Honda,2009.0,2000 cc,Diesel,Automatic,136663.0,,1.0,313.0,41419.85
1442,Tesla,2019.0,2.7,Hybrid,Manual,193328.0,,1.0,249.0,46163.6
602,Ford,2021.0,3.3,Electric,Manual,6986.0,3.0,1.0,,62639.7
1282,Toyota,2006.0,3.2,Hybrid,Automatic,127778.0,,1.0,250.0,41589.1
244,Toyota,2019.0,3.4,Diesel,Manual,166769.0,2.0,,246.0,50663.55
1337,Tesla,,,ELECTRIC,Automatic,118521.0,2.0,3.0,373.0,47752.95
1068,Ford,2008.0,2.7,electric,Manual,83784.0,4.0,1.0,196.0,42191.8
1476,BMW,2014.0,1800 cc,Diesel,Manual,189811.0,,4.0,255.0,33794.45
313,Toyota,2006.0,1.3,Electric,Automatic,51300.0,,1.0,365.0,40288.0
436,Ford,,,Diesel,Automatic,110649.0,,1.0,334.0,67052.55
1899,Toyota,2018.0,1.8,Electric,Manual,12887.0,,4.0,100.0,42125.65
1329,Toyota,,4.6,Petrol,Automatic,121062.0,4.0,1.0,149.0,49289.9
309,Honda,,,HYBRID,Manual,136436.0,,2.0,,44784.2
431,Ford,2019.0,4.7,Hybrid,Automatic,124217.0,4.0,4.0,287.0,59494.15
661,Ford,2023.0,2.8,Petrol,Automatic,148008.0,2.0,3.0,184.0,45422.6
371,Hyundai,,3.8,Diesel,Manual,197896.0,3.0,3.0,,36539.2
567,Hyundai,,2.5,PETROL,Manual,134789.0,,,124.0,38790.55
980,Ford,,2.3,Diesel,Automatic,107826.0,3.0,4.0,181.0,45274.7
182,Toyota,2006.0,2200 cc,HYBRID,Manual,12436.0,,4.0,79.0,28828.199999999997
1363,Honda,2015.0,2.5,Diesel,Manual,104767.0,4.0,,,41976.65
622,Ford,2017.0,4.0,Electric,Automatic,42251.0,4.0,4.0,,60952.45
819,Toyota,2015.0,,Hybrid,Automatic,73666.0,3.0,4.0,232.0,47770.7
1193,Hyundai,2022.0,1800 cc,PETROL,Automatic,153645.0,4.0,1.0,292.0,0.0
953,Hyundai,2017.0,,Electric,Automatic,,2.0,,385.0,54542.45
1422,Honda,14,,Electric,Automatic,44322.0,,,,61320.9
1841,BMW,2011.0,1400 cc,Diesel,Automatic,19026.0,,2.0,202.0,37714.7
923,Honda,,1700 cc,Petrol,Manual,72507.0,4.0,,170.0,38504.65
1074,BMW,2013.0,3.5,Diesel,Manual,161926.0,4.0,4.0,174.0,42759.7
297,Tesla,2022.0,2400 cc,Petrol,Manual,101099.0,2.0,3.0,252.0,47297.05
967,Tesla,,4.6,HYBRID,Automatic,128862.0,3.0,1.0,125.0,56603.9
462,Ford,2018.0,1.1,Electric,Manual,,4.0,,132.0,34003.65
1303,Ford,2014.0,4800 cc,Hybrid,Automatic,106334.0,,3.0,237.0,53066.3
1177,Ford,2012.0,3.5,Petrol,Automatic,176252.0,3.0,1.0,307.0,49414.4
378,Tesla,2012.0,,Petrol,Automatic,,3.0,1.0,132.0,33548.1
799,BMW,,,Hybrid,Manual,,2.0,,201.0,40777.45
1103,Hyundai,2019.0,3.0,Electric,Manual,128182.0,4.0,3.0,138.0,43316.9
106,Ford,,1.8,Electric,Automatic,124502.0,4.0,2.0,186.0,33986.9
127,Tesla,,3.5,Hybrid,Automatic,6789.0,4.0,2.0,,57585.55
1996,Hyundai,2023.0,,Diesel,Manual,,2.0,,310.0,61734.35
839,Toyota,,3.2,Diesel,Automatic,74835.0,4.0,1.0,356.0,49841.25
356,Tesla,,,Diesel,Automatic,,4.0,1.0,323.0,56208.75
1617,Toyota,,3.7,Hybrid,Automatic,76240.0,2.0,1.0,300.0,53757.0
683,Tesla,,3.1,PETROL,Manual,,,4.0,360.0,49121.85
813,BMW,2017.0,2.5,Hybrid,Automatic,,,4.0,223.0,43554.35
1681,Toyota,2013.0,4.9,HYBRID,Automatic,47915.0,,,108.0,52588.25
210,Honda,,3.9,Petrol,Automatic,67222.0,2.0,4.0,140.0,-10000.0
1493,BMW,,3.1,Hybrid,Manual,28365.0,3.0,,206.0,47104.75
141,Honda,2012.0,,Electric,Automatic,96270.0,2.0,,,44898.5
1975,Tesla,2010.0,4.4,Diesel,Manual,,2.0,3.0,317.0,57250.0
1340,Ford,2023.0,4.3,Electric,Automatic,7670.0,2.0,3.0,323.0,0.0
1798,Toyota,,1.3,Electric,Automatic,29561.0,,1.0,,-10000.0
1575,Tesla,,,Diesel,Manual,197608.0,2.0,2.0,,59505.6
1182,Ford,2005.0,4.0,Electric,Automatic,72850.0,2.0,,,39050.5
1394,Toyota,,2000 cc,Petrol,Manual,115724.0,3.0,4.0,228.0,48996.8
1816,Hyundai,,3200 cc,Electric,Automatic,69377.0,3.0,3.0,182.0,41207.15
712,Hyundai,2008.0,2400 cc,Diesel,Automatic,38697.0,4.0,1.0,204.0,39389.15
1794,BMW,2016.0,4.6,Petrol,Automatic,88029.0,2.0,,107.0,52879.55
893,BMW,,,Electric,Manual,172403.0,2.0,3.0,,55855.85
860,Toyota,10,3.6,Diesel,Manual,,2.0,,255.0,47382.7
11,Ford,,4100 cc,Petrol,Automatic,198435.0,,,318.0,56053.25
1695,Toyota,,,Hybrid,Manual,101950.0,,1.0,,57784.5
1428,BMW,2019.0,2400 cc,Petrol,Automatic,77894.0,,1.0,,49533.3
283,Hyundai,,4.5,Diesel,Manual,63706.0,2.0,4.0,266.0,56434.7
811,Tesla,2020.0,2.9,HYBRID,Manual,163729.0,,4.0,367.0,50448.55
1342,Hyundai,,,Hybrid,Automatic,49512.0,4.0,3.0,245.0,46391.4
292,Toyota,2012.0,2700 cc,Electric,Manual,133022.0,,4.0,,37685.9
755,Ford,,2200 cc,Diesel,Manual,43546.0,3.0,4.0,275.0,52581.7
627,Honda,2019.0,2.9,Hybrid,Manual,,2.0,3.0,308.0,58188.9
944,Hyundai,2010.0,4.9,ELECTRIC,Manual,140174.0,4.0,2.0,380.0,57246.3
862,Tesla,2010.0,2600 cc,Petrol,Automatic,99702.0,2.0,2.0,300.0,45601.9
130,Toyota,2015.0,3.1,Hybrid,Automatic,173678.0,,4.0,85.0,32626.1
1176,Ford,2016.0,1.5,Diesel,Automatic,136637.0,,4.0,304.0,40295.15
324,Ford,2018.0,1700 cc,Hybrid,Automatic,90001.0,4.0,3.0,334.0,49120.95
1091,BMW,,1.1,Electric,Automatic,104596.0,3.0,1.0,280.0,-10000.0
844,BMW,16,3.5,Electric,Manual,20185.0,,3.0,219.0,54582.75
964,Toyota,7,,Petrol,Manual,133156.0,2.0,3.0,,26378.2
1865,BMW,2012.0,1900 cc,Diesel,Manual,,2.0,4.0,,29742.4
866,Hyundai,2009.0,,Electric,Automatic,148181.0,2.0,1.0,79.0,25540.95
922,Toyota,2022.0,4.8,Diesel,Manual,45136.0,3.0,3.0,108.0,59566.2
696,Toyota,,,Hybrid,Manual,,3.0,2.0,223.0,52604.1
216,BMW,2006.0,1.7,Diesel,Manual,147245.0,2.0,,249.0,28639.75
1781,Toyota,2009.0,2.3,Electric,Automatic,192223.0,,4.0,152.0,27919.85
1262,Toyota,2006.0,,Hybrid,Automatic,155405.0,3.0,4.0,214.0,37024.75
159,Tesla,2018.0,1.4,Diesel,Automatic,174771.0,2.0,,261.0,39513.45
1059,Tesla,2021.0,4.9,diesel,Manual,,2.0,4.0,78.0,55087.1
989,Tesla,2020.0,2.6,Electric,Manual,43034.0,3.0,3.0,389.0,60895.3
842,Tesla,23,2.7,Electric,Automatic,61911.0,4.0,4.0,164.0,49608.45
635,BMW,16,2900 cc,Petrol,Manual,999999.0,3.0,2.0,202.0,44804.15
517,Hyundai,2018.0,1.6,DIESEL,Manual,,,1.0,174.0,42227.45
1429,Honda,,4100 cc,Hybrid,Manual,189156.0,2.0,2.0,171.0,40078.2
1748,Hyundai,2007.0,,Petrol,Automatic,96501.0,3.0,,205.0,31771.95
598,Hyundai,2014.0,,Electric,Automatic,,3.0,2.0,342.0,57599.6
196,BMW,2005.0,3.7,Petrol,Automatic,192167.0,2.0,,393.0,45760.65
1784,Ford,2009.0,1.2,Diesel,Manual,,3.0,4.0,125.0,27778.4
870,Toyota,,,Electric,Automatic,122919.0,4.0,3.0,147.0,38676.05
411,BMW,2008.0,,HYBRID,Manual,101324.0,4.0,,,30034.800000000003
97,Ford,,2700 cc,Petrol,Manual,91590.0,4.0,4.0,202.0,48477.5
1001,Tesla,2012.0,1.2,PETROL,Automatic,162779.0,2.0,3.0,320.0,0.0
1506,Ford,2008.0,3200 cc,Hybrid,Automatic,44767.0,4.0,,194.0,39301.65
157,BMW,2016.0,,Hybrid,Automatic,101636.0,2.0,2.0,301.0,49521.2
420,Hyundai,,4.5,Hybrid,Automatic,56248.0,3.0,2.0,,63017.6
1803,Honda,2011.0,4.4,Diesel,Manual,67781.0,2.0,2.0,151.0,47439.95
478,Hyundai,2022.0,2.4,Electric,Manual,72381.0,2.0,3.0,221.0,50761.95
1856,Hyundai,18,2.3,diesel,Automatic,34960.0,3.0,4.0,283.0,48371.0
669,BMW,2011.0,,electric,Manual,,2.0,4.0,146.0,28267.050000000003
1418,Tesla,2022.0,1.9,DIESEL,Manual,170301.0,2.0,1.0,,41832.95
1872,Ford,,1.8,Hybrid,Manual,22939.0,2.0,3.0,203.0,46805.05
1300,Honda,2022.0,,Electric,Manual,79034.0,2.0,4.0,,64624.3
448,Ford,,3.0,Electric,Automatic,16351.0,2.0,2.0,173.0,43754.45
554,Honda,2013.0,1.2,Electric,Automatic,105970.0,4.0,2.0,313.0,42370.5
179,Tesla,2013.0,2400 cc,petrol,Automatic,150720.0,2.0,1.0,87.0,35358.0
391,Toyota,2012.0,3.3,Petrol,Manual,85720.0,,3.0,,49672.0
579,BMW,2005.0,4.0,diesel,Automatic,97416.0,2.0,3.0,247.0,46869.2
1478,BMW,2010.0,1.1,Petrol,Manual,28241.0,4.0,3.0,241.0,38830.95
1707,BMW,2013.0,,Diesel,Manual,,4.0,,,37659.2
1288,Tesla,2021.0,,Diesel,Manual,179626.0,4.0,1.0,80.0,32998.7
1645,Hyundai,2014.0,4.4,Diesel,Manual,134466.0,4.0,3.0,343.0,55852.7
1024,Toyota,,1.3,Hybrid,Automatic,78545.0,2.0,1.0,301.0,49406.75
821,Ford,2015.0,1900 cc,Petrol,Automatic,118135.0,,1.0,337.0,45017.25
1825,Tesla,2005.0,1.6,Electric,Automatic,36357.0,2.0,2.0,353.0,43580.15
985,BMW,2023.0,1.2,Hybrid,Manual,,2.0,4.0,376.0,49694.95
1339,BMW,2008.0,3.2,Diesel,Automatic,,,4.0,207.0,44900.0
665,Ford,2009.0,1.4,Electric,Manual,41943.0,2.0,2.0,105.0,33344.85
143,Ford,2009.0,2.0,Hybrid,Manual,143761.0,2.0,,,36706.95
1517,BMW,,2.7,Hybrid,Automatic,135546.0,2.0,2.0,218.0,42736.7
1430,Ford,2023.0,,Electric,Manual,68138.0,4.0,2.0,,65675.1
865,Toyota,,,electric,Automatic,119310.0,2.0,1.0,366.0,59447.5
422,Honda,2008.0,,Hybrid,Manual,173369.0,4.0,3.0,311.0,39977.55
637,Ford,,1.6,Electric,Manual,,4.0,2.0,,31527.35
1407,Tesla,,3.0,Diesel,Automatic,58546.0,2.0,2.0,372.0,62939.7
800,Hyundai,,1200 cc,Diesel,Manual,111311.0,4.0,4.0,304.0,38154.45
1404,Honda,2017.0,,Hybrid,Manual,33930.0,4.0,2.0,,51072.5
616,BMW,2022.0,2.0,Petrol,Manual,54752.0,3.0,3.0,354.0,57420.4
295,Toyota,2009.0,2.3,Hybrid,Manual,48013.0,,,247.0,-10000.0
924,Toyota,,3.5,Hybrid,Automatic,52361.0,3.0,,313.0,-10000.0
1269,Honda,2019.0,,Petrol,Manual,6115.0,,4.0,166.0,44200.25
1903,Tesla,2011.0,3200 cc,Petrol,Manual,,,4.0,312.0,43998.95
89,Hyundai,2005.0,1.4,Petrol,Automatic,19915.0,3.0,1.0,316.0,42980.25
42,BMW,,1.8,Electric,Automatic,108915.0,4.0,,,39792.25
1802,Tesla,2005.0,1700 cc,Hybrid,Automatic,24340.0,3.0,1.0,209.0,33830.0
1934,Ford,2011.0,4.4,Petrol,Manual,108100.0,,,332.0,52288.0
132,Hyundai,2016.0,2.5,Petrol,Manual,,2.0,2.0,308.0,50780.95
1002,Hyundai,2019.0,1100 cc,Hybrid,Manual,,4.0,4.0,348.0,43153.8
1158,Honda,2013.0,2.0,diesel,Manual,71333.0,,3.0,207.0,38004.35
1095,Hyundai,2005.0,1.7,Electric,Manual,30104.0,2.0,2.0,360.0,41288.8
1855,Toyota,2011.0,2.3,Electric,Automatic,159529.0,4.0,,154.0,33089.55
1345,Tesla,2006.0,4.8,HYBRID,Manual,,3.0,1.0,387.0,55442.85
1499,BMW,8,,Electric,Manual,53888.0,,1.0,73.0,28244.6
165,Toyota,18,1.6,Hybrid,Automatic,,4.0,1.0,344.0,47706.6
725,Tesla,,3.0,electric,Manual,128168.0,4.0,4.0,260.0,44304.6
291,Tesla,2014.0,,Hybrid,Automatic,35177.0,2.0,3.0,144.0,52494.15
1209,Honda,2011.0,3.0,Diesel,Automatic,128777.0,4.0,,278.0,44711.15
1589,Hyundai,2006.0,1.9,Electric,Manual,137915.0,2.0,1.0,285.0,38276.25
1897,Ford,2020.0,,Petrol,Manual,176813.0,,,,0.0
1642,Ford,2021.0,1200 cc,Electric,Automatic,45644.0,,4.0,131.0,41225.8
1362,Honda,,1.8,Electric,Automatic,5496.0,2.0,3.0,344.0,46507.2
779,Hyundai,2023.0,2900 cc,electric,Manual,192107.0,2.0,1.0,99.0,46071.65
840,Hyundai,,3.9,Petrol,Automatic,117424.0,3.0,1.0,135.0,39854.8
349,BMW,2008.0,2.5,Diesel,Automatic,140374.0,4.0,2.0,176.0,36021.3
1945,Hyundai,2016.0,3.7,Petrol,Automatic,197879.0,2.0,1.0,264.0,51909.05
572,Toyota,2016.0,,Diesel,Automatic,140383.0,3.0,,,46029.85
918,Tesla,2019.0,,Diesel,Automatic,197214.0,4.0,3.0,354.0,54584.3
977,Toyota,6,4.7,ELECTRIC,Manual,103662.0,4.0,2.0,254.0,50078.9
1914,Honda,2014.0,3.4,Petrol,Manual,133279.0,4.0,4.0,,39473.05
1469,Ford,,2.4,Diesel,Manual,51069.0,2.0,2.0,136.0,49092.55
1592,Hyundai,13,1.8,Petrol,Automatic,91269.0,4.0,4.0,399.0,45158.55
1318,Ford,,1100 cc,Diesel,Automatic,195208.0,3.0,4.0,196.0,33229.6
1845,Tesla,2008.0,,Diesel,Manual,94180.0,4.0,,125.0,0.0
137,Honda,2014.0,2500 cc,DIESEL,Automatic,175923.0,2.0,1.0,397.0,49889.85
459,Hyundai,2005.0,3700 cc,ELECTRIC,Manual,117713.0,3.0,2.0,138.0,37628.35
376,Toyota,2007.0,1.1,Electric,Automatic,116573.0,,3.0,216.0,30732.35
1343,Tesla,2017.0,,Diesel,Automatic,193883.0,2.0,3.0,283.0,50048.85
334,BMW,2021.0,3.5,hybrid,Automatic,,2.0,,364.0,56379.75
1160,Tesla,2023.0,2.3,Electric,Manual,157418.0,4.0,3.0,233.0,44623.1
1761,Honda,,2.4,Diesel,Automatic,,2.0,3.0,332.0,42303.2
1458,Toyota,2008.0,,Petrol,Manual,,3.0,3.0,381.0,42285.85
817,Tesla,2017.0,1.3,Petrol,Manual,32050.0,4.0,4.0,211.0,39589.5
1115,Toyota,2017.0,4.6,Diesel,Automatic,195930.0,,1.0,397.0,60470.5
1006,Tesla,2005.0,3.6,Petrol,Manual,29154.0,3.0,4.0,263.0,43909.3
1857,BMW,2018.0,,Diesel,Manual,92695.0,3.0,2.0,184.0,47915.25
1955,Tesla,2022.0,4.0,petrol,Manual,83506.0,3.0,1.0,73.0,53190.7
1851,BMW,2013.0,4.5,Electric,Manual,97254.0,4.0,,287.0,57436.3
911,Hyundai,2012.0,4200 cc,Electric,Automatic,,2.0,1.0,387.0,61506.55
1930,Toyota,2011.0,4.0,Petrol,Manual,21116.0,4.0,4.0,86.0,41175.2
1126,Honda,2021.0,3.4,Hybrid,Manual,122419.0,3.0,,395.0,61660.05
329,Tesla,22,4000 cc,Petrol,Manual,,,2.0,,58031.3
1248,BMW,10,5.0,Hybrid,Manual,157839.0,3.0,4.0,369.0,57252.05
319,Hyundai,7,3.1,HYBRID,Manual,,4.0,,138.0,34528.25
1690,BMW,2014.0,1.6,Electric,Manual,163814.0,2.0,1.0,392.0,44514.3
1359,Hyundai,2009.0,2.8,Hybrid,Manual,9008.0,4.0,4.0,310.0,49898.6
1733,Ford,2017.0,1400 cc,Diesel,Manual,55385.0,3.0,3.0,331.0,49907.75
168,Ford,2013.0,3700 cc,Electric,Manual,32632.0,,4.0,381.0,59961.4
13,Tesla,2013.0,2.7,Petrol,Automatic,92858.0,4.0,4.0,111.0,34220.1
1927,Toyota,2006.0,,Diesel,Automatic,196037.0,,1.0,393.0,-10000.0
172,Ford,2013.0,1400 cc,Electric,Manual,63182.0,4.0,4.0,271.0,-10000.0
650,BMW,2018.0,3.5,Hybrid,Manual,130261.0,3.0,3.0,314.0,53368.95
1062,Hyundai,2018.0,,Hybrid,Automatic,36153.0,2.0,4.0,,0.0
261,Toyota,2014.0,3.8,diesel,Automatic,69610.0,,3.0,289.0,54177.5
1367,Hyundai,2015.0,2.9,Petrol,Manual,124753.0,,2.0,80.0,40167.35
1549,Honda,2009.0,3.7,Hybrid,Automatic,148190.0,,3.0,159.0,38127.5
902,Hyundai,2011.0,1200 cc,Electric,Manual,74165.0,2.0,2.0,315.0,39232.75
673,BMW,2019.0,1.5,Hybrid,Automatic,58836.0,3.0,3.0,108.0,0.0
259,Ford,12,3200 cc,Petrol,Manual,132769.0,2.0,1.0,76.0,38078.55
845,BMW,2013.0,,Electric,Manual,999999.0,4.0,2.0,92.0,45612.8
868,Ford,2020.0,1.7,Diesel,Automatic,39622.0,3.0,2.0,,51228.9
1800,Tesla,2006.0,,Petrol,Manual,,3.0,3.0,136.0,29836.85
139,BMW,2022.0,,hybrid,Automatic,63643.0,2.0,,191.0,56077.85
894,BMW,2006.0,4.7,Petrol,Automatic,25968.0,,3.0,193.0,0.0
1838,Tesla,2017.0,4.8,Hybrid,Manual,196791.0,3.0,2.0,341.0,57964.45
550,BMW,2021.0,1.3,Diesel,Automatic,79877.0,4.0,3.0,252.0,44394.15
320,Ford,,,Diesel,Manual,83097.0,3.0,1.0,395.0,47361.15
1527,BMW,,3.4,Electric,Automatic,51648.0,2.0,1.0,117.0,41489.6
1806,Honda,2007.0,4.1,diesel,Automatic,174668.0,,4.0,200.0,38951.6
1178,Honda,2012.0,1.5,Petrol,Automatic,23402.0,,3.0,285.0,45894.9
559,BMW,,3.7,Hybrid,Manual,,2.0,,,56709.3
140,Toyota,5,4.1,Petrol,Automatic,157606.0,2.0,3.0,310.0,47665.7
1735,BMW,,,petrol,Automatic,999999.0,3.0,3.0,,62853.75
532,BMW,,1.8,hybrid,Automatic,,4.0,3.0,311.0,42608.4
225,BMW,9,1.2,Hybrid,Manual,33343.0,2.0,2.0,211.0,34294.85
724,Tesla,2021.0,,Petrol,Manual,71720.0,,2.0,205.0,49058.0
787,Toyota,2021.0,,electric,Manual,58251.0,2.0,3.0,,56728.45
1718,Toyota,2006.0,4700 cc,Hybrid,Automatic,14308.0,2.0,2.0,109.0,49360.6
1008,Tesla,7,4.5,Diesel,Automatic,22165.0,,,316.0,56199.75
410,Ford,2018.0,,Diesel,Automatic,76947.0,4.0,4.0,399.0,50180.65
326,BMW,6,,Electric,Manual,12928.0,3.0,3.0,5000.0,58283.6
1766,Honda,2006.0,2.3,Petrol,Manual,21651.0,3.0,,399.0,47160.45
300,BMW,2011.0,2.5,Hybrid,Automatic,127640.0,4.0,3.0,316.0,46281.0
1263,Toyota,,,Diesel,Automatic,140333.0,4.0,,225.0,47358.35
1946,Tesla,2020.0,,Electric,Manual,28086.0,4.0,,134.0,49411.7
26,Hyundai,2022.0,2.1,Electric,Automatic,151731.0,4.0,3.0,261.0,43698.45
1859,Toyota,2019.0,1600 cc,electric,Automatic,143982.0,4.0,2.0,362.0,50275.9
715,BMW,2009.0,1.7,Hybrid,Manual,100428.0,4.0,,71.0,-10000.0
1010,Tesla,2019.0,2.2,Electric,Manual,123211.0,,2.0,179.0,44759.45
194,Hyundai,2017.0,1.8,Diesel,Automatic,181637.0,,,88.0,32053.15
441,Hyundai,2007.0,1.2,petrol,Automatic,,2.0,3.0,,37981.4
574,Honda,,2.4,Diesel,Manual,46616.0,,1.0,116.0,37772.2
947,BMW,2013.0,4500 cc,Diesel,Manual,11212.0,,3.0,,54068.4
998,Toyota,2006.0,2400 cc,Diesel,Manual,91105.0,,,,35212.75
504,Hyundai,2008.0,4.9,Diesel,Manual,106013.0,4.0,2.0,381.0,56074.35
606,BMW,6,2500 cc,Hybrid,Automatic,7176.0,2.0,,375.0,48469.2
1717,Hyundai,,,Electric,Automatic,92122.0,,4.0,398.0,40185.9
1164,Hyundai,2017.0,2.8,Hybrid,Automatic,10947.0,2.0,1.0,316.0,59281.65
1787,Hyundai,14,,Electric,Automatic,56455.0,,4.0,,37840.25
847,Ford,2022.0,1.3,Electric,Automatic,,,3.0,284.0,43968.05
4,Hyundai,2017.0,2200 cc,Petrol,Automatic,51246.0,4.0,4.0,,54046.7
1287,BMW,8,2.2,Electric,Automatic,60797.0,4.0,,331.0,42291.15
1223,Tesla,7,3.2,Petrol,Automatic,,3.0,1.0,109.0,33105.7
468,Honda,2006.0,4.8,Electric,Manual,90820.0,4.0,3.0,100.0,42576.0
322,Toyota,2014.0,3.5,Electric,Automatic,101160.0,4.0,4.0,,44584.0
6,Honda,,,Petrol,Automatic,94110.0,2.0,4.0,173.0,54182.5
223,Toyota,,3.4,Petrol,Manual,7015.0,2.0,1.0,186.0,50466.25
1375,BMW,2021.0,3.3,electric,Manual,,4.0,3.0,162.0,53547.25
548,BMW,2014.0,2.1,ELECTRIC,Manual,172932.0,,,340.0,42867.4
229,Ford,2019.0,4.8,Hybrid,Manual,116451.0,3.0,,305.0,60302.45
40,Ford,2023.0,2600 cc,Petrol,Manual,62745.0,4.0,,356.0,63718.75
543,Hyundai,12,,Diesel,Automatic,,3.0,2.0,,36605.8
243,Toyota,,1500 cc,electric,Manual,,2.0,1.0,217.0,45399.25
899,BMW,2014.0,,Hybrid,Automatic,55192.0,4.0,,182.0,-10000.0
1134,BMW,2021.0,1.4,Electric,Automatic,168068.0,4.0,,338.0,44547.6
1449,Hyundai,2005.0,1.6,Diesel,Automatic,131417.0,4.0,4.0,387.0,34816.15
1869,Honda,,3.8,Diesel,Automatic,76934.0,3.0,,202.0,43860.3
843,Honda,23,1500 cc,Hybrid,Automatic,108088.0,4.0,1.0,322.0,50673.6
1419,Honda,,1.4,Diesel,Manual,101382.0,4.0,3.0,396.0,49188.9
1654,Toyota,2016.0,2800 cc,Petrol,Manual,141169.0,,1.0,363.0,52231.55
1970,Toyota,,1000 cc,Petrol,Automatic,,4.0,3.0,95.0,20840.25
662,Toyota,2016.0,1.9,Petrol,Automatic,147108.0,,3.0,77.0,30753.6
1211,Tesla,2013.0,2.0,Electric,Automatic,,3.0,1.0,200.0,36653.65
315,Toyota,2021.0,3.3,Hybrid,Manual,21105.0,,1.0,329.0,-10000.0
692,Ford,2006.0,3400 cc,Electric,Automatic,185119.0,3.0,2.0,165.0,32317.050000000003
1504,BMW,2018.0,1400 cc,Diesel,Manual,192266.0,2.0,4.0,,36846.7
425,Toyota,2007.0,2.8,Diesel,Manual,39743.0,3.0,3.0,218.0,43239.85
595,Ford,,,Diesel,Manual,,4.0,1.0,261.0,0.0
1964,BMW,2006.0,3.1,Hybrid,Manual,160828.0,3.0,1.0,,31891.6
623,Hyundai,2020.0,,Diesel,Automatic,101496.0,4.0,1.0,98.0,36028.2
1171,Hyundai,2017.0,,Petrol,Automatic,134958.0,,,101.0,33798.1
1044,Ford,2023.0,,Electric,Manual,170051.0,2.0,3.0,95.0,48773.45
228,Hyundai,9,1.9,Petrol,Manual,,2.0,3.0,184.0,33949.95
1118,BMW,6,3.7,Petrol,Automatic,119605.0,3.0,2.0,,40090.75
1332,BMW,2023.0,2.8,Petrol,Manual,115454.0,2.0,3.0,224.0,53286.3
1316,Tesla,2021.0,,Diesel,Automatic,,2.0,4.0,,54666.1
67,Honda,2011.0,4.5,Hybrid,Automatic,193704.0,4.0,,133.0,41306.8
25,Tesla,2016.0,1.4,Electric,Manual,,3.0,,,36202.1
145,BMW,2019.0,2.7,Petrol,Automatic,91268.0,2.0,2.0,,47897.6
537,Toyota,2021.0,1.6,Hybrid,Automatic,171129.0,2.0,3.0,340.0,48512.55
812,Toyota,2014.0,2.4,Electric,Manual,25047.0,,2.0,362.0,-10000.0
1467,Honda,2006.0,2.9,Petrol,Automatic,81515.0,,1.0,217.0,41002.25
86,Ford,2014.0,1.8,Hybrid,Automatic,188623.0,2.0,2.0,80.0,30002.85
1661,Tesla,2008.0,,Electric,Automatic,,,4.0,83.0,40158.0
1646,BMW,19,2.5,Petrol,Manual,35531.0,2.0,2.0,117.0,46453.45
1805,Honda,7,,Petrol,Manual,,2.0,,218.0,44550.1
1818,Toyota,5,3.8,Electric,Automatic,196911.0,4.0,2.0,90.0,29777.449999999997
1577,BMW,2022.0,4900 cc,Electric,Automatic,18406.0,2.0,3.0,135.0,58434.7
1145,Toyota,2018.0,2400 cc,electric,Manual,158014.0,3.0,1.0,286.0,49610.3
363,Hyundai,2012.0,3.4,Petrol,Manual,139819.0,4.0,1.0,284.0,47693.05
1612,Ford,,4.4,Diesel,Automatic,152733.0,4.0,3.0,130.0,37712.35
1866,Toyota,2008.0,2.2,Petrol,Automatic,,2.0,1.0,188.0,39588.75
1027,BMW,10,,Hybrid,Automatic,,,4.0,5000.0,64110.55
1031,BMW,,3.3,Electric,Manual,,2.0,1.0,,39454.6
1304,Toyota,2009.0,1.5,Petrol,Automatic,144596.0,3.0,1.0,90.0,27639.2
1356,Honda,2012.0,,Hybrid,Automatic,105591.0,,2.0,389.0,44849.45
1731,Tesla,,3.5,Diesel,Automatic,141464.0,3.0,4.0,114.0,38131.8
666,Ford,2005.0,3.4,hybrid,Automatic,118694.0,2.0,,380.0,50519.3
365,Tesla,12,,Hybrid,Automatic,160887.0,,1.0,,41638.65
78,Honda,2017.0,2.6,Diesel,Manual,147487.0,4.0,1.0,172.0,41520.65
28,Toyota,2023.0,2.7,Electric,Manual,15435.0,,,,55129.25
1437,Honda,7,4900 cc,Petrol,Manual,136732.0,4.0,2.0,190.0,44559.4
526,Honda,2009.0,1.9,Hybrid,Manual,156197.0,3.0,1.0,5000.0,36157.15
1835,BMW,2016.0,1200 cc,PETROL,Manual,23891.0,2.0,3.0,130.0,37565.45
56,Hyundai,2018.0,,Petrol,Automatic,,3.0,2.0,272.0,0.0
639,Honda,2007.0,2.7,ELECTRIC,Automatic,,3.0,3.0,274.0,42850.25
303,BMW,2023.0,3.6,Diesel,Automatic,104290.0,4.0,4.0,191.0,53293.5
719,Toyota,2014.0,1.4,Hybrid,Manual,16136.0,4.0,4.0,261.0,44455.2
625,Hyundai,2015.0,2.4,Petrol,Manual,186978.0,3.0,3.0,,37919.1
8,BMW,,3.9,Petrol,Automatic,,,1.0,,61707.4
804,Honda,2016.0,1.9,Electric,Manual,171229.0,3.0,,230.0,41405.55
1050,Tesla,2011.0,,Electric,Automatic,,3.0,2.0,,49724.1
337,BMW,,3.9,Hybrid,Automatic,,2.0,4.0,382.0,65628.65
48,Ford,2005.0,3400 cc,electric,Manual,193104.0,,1.0,341.0,43533.8
1764,Hyundai,2015.0,1.9,Diesel,Manual,61697.0,2.0,3.0,247.0,44931.15
107,BMW,2016.0,,Electric,Manual,186004.0,2.0,,261.0,52889.8
350,Toyota,7,4.3,Diesel,Automatic,158463.0,3.0,,217.0,44945.85
1080,Tesla,,4400 cc,electric,Automatic,52573.0,3.0,,368.0,60818.350000000006
239,Honda,2015.0,2.6,Petrol,Automatic,,,3.0,99.0,-10000.0
214,Toyota,2018.0,1.3,Diesel,Manual,17755.0,2.0,1.0,238.0,44278.25
1776,BMW,,2.7,Diesel,Automatic,38038.0,,2.0,259.0,-10000.0
1139,Ford,2020.0,2600 cc,Petrol,Automatic,24689.0,3.0,,,-10000.0
794,Ford,2011.0,4.3,Electric,Automatic,,3.0,2.0,,44969.1
1587,Tesla,2017.0,3.6,Hybrid,Automatic,132385.0,2.0,2.0,,47151.75
1583,Hyundai,2013.0,,Diesel,Manual,23325.0,2.0,4.0,,41604.75
1672,Honda,,,Petrol,Automatic,187403.0,,,81.0,23455.85
524,Ford,2014.0,,Diesel,Automatic,151903.0,3.0,4.0,345.0,42538.85
233,BMW,,2.7,Petrol,Automatic,63418.0,3.0,1.0,,41544.1
645,Tesla,2022.0,1.7,Hybrid,Manual,96891.0,2.0,3.0,115.0,42696.45
1508,BMW,,3.1,Electric,Manual,149905.0,2.0,1.0,303.0,47459.75
534,Hyundai,2008.0,1.6,Petrol,Automatic,189935.0,4.0,1.0,265.0,-10000.0
1942,Toyota,,2.6,Electric,Manual,184884.0,4.0,,198.0,31593.800000000003
604,Hyundai,,2500 cc,Electric,Manual,60479.0,,4.0,,45690.05
1330,Hyundai,2006.0,2500 cc,Electric,Automatic,197927.0,3.0,2.0,,30140.65
1075,Tesla,2020.0,4.0,Diesel,Manual,15715.0,4.0,1.0,216.0,60416.25
1305,Honda,,,Diesel,Manual,,2.0,1.0,155.0,48857.7
61,Ford,2017.0,3700 cc,Diesel,Manual,30192.0,2.0,4.0,128.0,46337.4
1264,Hyundai,,1.6,Electric,Manual,,2.0,1.0,339.0,41570.35
93,Honda,2016.0,4.0,Diesel,Manual,,4.0,1.0,177.0,48058.15
667,Tesla,2007.0,,Electric,Manual,,,2.0,113.0,27123.6
281,Ford,2005.0,1800 cc,Petrol,Manual,,2.0,2.0,161.0,25805.6
1114,Honda,16,3.8,Diesel,Automatic,25169.0,2.0,4.0,219.0,54878.55
360,Ford,2006.0,1.8,Diesel,Manual,,2.0,2.0,,25114.55
1129,BMW,2012.0,2300 cc,Diesel,Automatic,88629.0,2.0,2.0,180.0,41651.55
1170,Ford,,2.3,Hybrid,Manual,194313.0,,2.0,114.0,38005.35
848,Honda,2008.0,2.4,diesel,Manual,5386.0,2.0,4.0,200.0,38250.7
1522,Tesla,,2.1,Petrol,Automatic,84303.0,,1.0,,32732.85
111,BMW,2013.0,1.9,DIESEL,Manual,15839.0,4.0,4.0,,33230.05
43,Hyundai,2007.0,2900 cc,Diesel,Manual,148588.0,4.0,3.0,245.0,39293.6
126,Ford,6,1.8,Diesel,Automatic,184428.0,2.0,4.0,339.0,35686.6
205,Toyota,2021.0,3800 cc,Hybrid,Manual,134614.0,3.0,2.0,305.0,60116.3
53,Honda,,1.4,Diesel,Automatic,14304.0,3.0,4.0,133.0,39019.8
546,Honda,2010.0,1.6,Petrol,Automatic,102151.0,4.0,4.0,120.0,31042.449999999997
69,Honda,2021.0,,Electric,Automatic,21365.0,2.0,4.0,237.0,46261.75
1741,Toyota,2022.0,,Electric,Automatic,,2.0,3.0,105.0,46256.85
1548,BMW,2023.0,,Diesel,Manual,143579.0,3.0,1.0,394.0,64511.05
184,Tesla,,,Electric,Manual,162826.0,4.0,3.0,152.0,50014.7
138,Tesla,2012.0,4.6,Electric,Automatic,,3.0,4.0,198.0,52625.9
900,BMW,2007.0,3.3,Hybrid,Automatic,163775.0,2.0,1.0,286.0,45288.25
797,Hyundai,,4900 cc,PETROL,Automatic,46340.0,3.0,2.0,303.0,53865.0
133,Tesla,2010.0,4.7,Hybrid,Automatic,49135.0,3.0,3.0,332.0,59547.25
81,Honda,,2.0,Petrol,Manual,164815.0,,4.0,330.0,38815.25
1987,Toyota,2006.0,4.6,Petrol,Manual,65110.0,4.0,3.0,329.0,53916.5
1541,BMW,,4200 cc,Hybrid,Automatic,,2.0,3.0,,-10000.0
542,Hyundai,2022.0,4.2,Electric,Manual,160146.0,,,,49170.7
1669,BMW,,4.8,Diesel,Automatic,,2.0,4.0,106.0,45683.1
984,Ford,2013.0,4.0,Electric,Manual,999999.0,2.0,1.0,99.0,52233.6
166,Hyundai,2020.0,1300 cc,HYBRID,Manual,117143.0,4.0,2.0,347.0,48402.85
249,BMW,2008.0,1.8,electric,Automatic,108107.0,3.0,2.0,299.0,40762.65
447,Honda,2007.0,,Petrol,Manual,69591.0,4.0,2.0,92.0,30942.45
1515,Ford,2015.0,,Petrol,Automatic,106489.0,2.0,,371.0,56002.55
859,Tesla,2006.0,,Diesel,Manual,165527.0,2.0,4.0,106.0,-10000.0
1212,BMW,2014.0,2.2,Diesel,Automatic,77959.0,4.0,,339.0,46810.05
98,Hyundai,2009.0,3.9,Diesel,Automatic,67175.0,,4.0,350.0,55577.25
1974,Ford,,3.7,Petrol,Manual,11277.0,3.0,4.0,176.0,54726.15
738,Honda,2023.0,3700 cc,PETROL,Manual,66451.0,,3.0,377.0,63822.45
1256,BMW,2012.0,,PETROL,Manual,23799.0,3.0,2.0,201.0,52873.05
103,Toyota,,2000 cc,Electric,Automatic,168030.0,4.0,4.0,165.0,32798.5
435,Ford,2022.0,5.0,Electric,Automatic,198475.0,4.0,2.0,359.0,65206.25
75,Tesla,2012.0,3.4,Petrol,Automatic,,4.0,2.0,191.0,41880.65
1792,Honda,2009.0,1.5,PETROL,Automatic,,3.0,4.0,294.0,38254.35
1235,Ford,15,2.8,Electric,Automatic,,4.0,2.0,5000.0,53673.65
919,Honda,,3.6,Diesel,Manual,,2.0,3.0,5000.0,60524.350000000006
1712,Hyundai,2009.0,2.4,Petrol,Automatic,184992.0,3.0,3.0,337.0,38566.4
1671,BMW,,3.5,Diesel,Manual,,,,96.0,39844.6
1621,Toyota,2018.0,3000 cc,Diesel,Manual,44023.0,2.0,3.0,82.0,44900.85
763,BMW,2018.0,4.6,Electric,Automatic,105819.0,3.0,2.0,247.0,60584.05
990,Ford,2021.0,3.1,Petrol,Manual,107658.0,3.0,,90.0,46065.1
389,Toyota,2020.0,4.4,hybrid,Automatic,71249.0,2.0,,305.0,59519.55
236,Tesla,2018.0,3.8,Diesel,Automatic,31745.0,,4.0,5000.0,46690.75
1507,BMW,2017.0,2.6,Diesel,Automatic,34550.0,2.0,4.0,241.0,48014.5
268,Honda,2015.0,4.4,Diesel,Automatic,85770.0,4.0,4.0,78.0,43144.5
1188,Honda,,1.1,Electric,Automatic,132135.0,4.0,,,38459.25
118,Ford,2005.0,3.7,Diesel,Manual,,4.0,,,33267.05
1607,BMW,2010.0,2.3,Electric,Manual,67457.0,3.0,1.0,5000.0,47266.15
674,Honda,2012.0,4.1,Petrol,Manual,,2.0,4.0,308.0,52212.3
250,Ford,2017.0,2.6,Hybrid,Automatic,56529.0,4.0,2.0,296.0,55467.55
1453,Hyundai,2012.0,3.1,HYBRID,Automatic,116769.0,2.0,4.0,286.0,46735.55
1995,Ford,20,2.4,Hybrid,Manual,167887.0,4.0,4.0,168.0,39122.65
95,Ford,2015.0,,Diesel,Manual,39112.0,4.0,1.0,263.0,52699.4
34,Ford,,,Electric,Automatic,999999.0,,,,44889.05
1464,Tesla,2018.0,1.8,Hybrid,Automatic,19925.0,3.0,3.0,167.0,44650.75
1668,Hyundai,2012.0,1.2,Hybrid,Automatic,113730.0,3.0,4.0,84.0,27267.5
449,Honda,,3.8,Petrol,Manual,120400.0,,4.0,310.0,48267.0
717,Toyota,2012.0,4.7,Petrol,Manual,91649.0,3.0,,,47253.55
1810,Ford,2018.0,4.6,Electric,Manual,30378.0,3.0,,246.0,57260.1
1518,Hyundai,2021.0,4000 cc,Diesel,Manual,,,,144.0,46614.35
1,Ford,2023.0,,Hybrid,Manual,180635.0,,,,34309.25
1376,Ford,2023.0,4.5,Petrol,Manual,161290.0,4.0,3.0,329.0,62769.5
1102,BMW,,3300 cc,Diesel,Automatic,96916.0,3.0,,236.0,0.0
1109,Honda,2010.0,2.6,Hybrid,Manual,186056.0,3.0,,361.0,45206.2
1227,Toyota,,2300 cc,ELECTRIC,Automatic,,3.0,2.0,,34255.6
83,Ford,2018.0,,Diesel,Manual,197385.0,3.0,1.0,139.0,48448.75
1289,Tesla,2017.0,1.6,Hybrid,Automatic,59555.0,3.0,3.0,231.0,42017.25
677,Tesla,2012.0,3.3,Electric,Manual,58811.0,2.0,,213.0,48558.45
1921,Ford,2021.0,4700 cc,hybrid,Manual,157215.0,,4.0,278.0,60269.25
1047,Toyota,2023.0,,Hybrid,Automatic,137232.0,4.0,1.0,396.0,52145.4
771,Hyundai,2007.0,4.6,Diesel,Automatic,,3.0,,,41855.35
1947,Toyota,2019.0,4000 cc,hybrid,Automatic,90637.0,2.0,,,67042.15
1281,Toyota,2012.0,,hybrid,Automatic,,4.0,2.0,250.0,47877.0
1581,BMW,2013.0,3.9,Hybrid,Manual,128971.0,2.0,2.0,102.0,40283.45
1489,Hyundai,2011.0,1.5,Electric,Manual,,,1.0,157.0,38057.55
405,Hyundai,2005.0,2.4,Electric,Manual,198080.0,,4.0,87.0,23636.0
1728,Hyundai,2017.0,3000 cc,Petrol,Automatic,52113.0,4.0,1.0,5000.0,52283.35
1299,BMW,2023.0,3.5,Petrol,Automatic,134632.0,3.0,,,57872.4
1341,Ford,2005.0,3.5,Electric,Automatic,,4.0,1.0,74.0,36102.05
105,Toyota,19,1400 cc,Hybrid,Manual,105211.0,2.0,4.0,306.0,42277.45
689,Toyota,2014.0,3.7,electric,Manual,150980.0,4.0,3.0,,51074.0
1306,Tesla,,4.9,Petrol,Manual,78643.0,2.0,2.0,84.0,48761.85
827,BMW,19,2.2,Hybrid,Manual,,,4.0,342.0,46701.7
63,BMW,,,Petrol,Automatic,143518.0,2.0,1.0,226.0,48386.1
853,Tesla,2006.0,3400 cc,Diesel,Manual,126716.0,,1.0,,49034.2
1354,Hyundai,2009.0,4.1,hybrid,Automatic,112461.0,2.0,,358.0,53431.95
224,Toyota,16,,Hybrid,Automatic,113154.0,3.0,2.0,82.0,33885.3
146,Toyota,,2.8,Hybrid,Manual,,4.0,,332.0,43094.5
1089,Ford,2013.0,1.3,Diesel,Automatic,78391.0,3.0,1.0,,39271.45
374,BMW,2010.0,1100 cc,ELECTRIC,Automatic,156756.0,4.0,4.0,267.0,32058.199999999997
1421,Hyundai,2014.0,4.2,Petrol,Manual,,3.0,2.0,266.0,60414.2
1143,Hyundai,10,1.0,Electric,Manual,192163.0,,,218.0,30718.85
1827,Hyundai,2006.0,,Hybrid,Manual,,,1.0,263.0,27950.55
1495,Honda,2023.0,1.0,Hybrid,Manual,,2.0,4.0,,38757.85
1602,Ford,2012.0,2.4,Electric,Automatic,111723.0,4.0,2.0,153.0,36626.85
1271,Toyota,,2.6,Electric,Manual,,4.0,3.0,,40619.55
10,Hyundai,2022.0,1.3,Electric,Manual,,,4.0,218.0,40924.6
450,Tesla,,3.8,hybrid,Manual,125533.0,3.0,,273.0,45062.35
709,Hyundai,9,1.3,Diesel,Manual,63830.0,4.0,3.0,,44890.5
256,BMW,2018.0,4200 cc,Hybrid,Automatic,155616.0,,,197.0,52287.2
883,BMW,21,3100 cc,Electric,Automatic,49871.0,2.0,,377.0,60280.45
390,Toyota,2016.0,2000 cc,Hybrid,Automatic,42361.0,2.0,3.0,235.0,46913.95
909,Tesla,2016.0,2400 cc,Diesel,Automatic,,2.0,4.0,136.0,35869.6
925,Toyota,16,1.9,Hybrid,Automatic,63847.0,4.0,4.0,301.0,0.0
1704,Honda,,2.0,Electric,Automatic,77594.0,,3.0,72.0,35679.3
1233,Toyota,2016.0,,Diesel,Automatic,153345.0,2.0,1.0,259.0,46112.75
461,Toyota,2020.0,1.7,Electric,Manual,41382.0,3.0,2.0,248.0,47459.9
1270,Hyundai,2023.0,1.5,Petrol,Automatic,77908.0,,,124.0,39790.6
1760,Ford,2023.0,3800 cc,DIESEL,Manual,163731.0,4.0,1.0,,47426.45
1169,Ford,,4200 cc,Diesel,Manual,68355.0,,2.0,363.0,61155.25
959,Toyota,7,1.2,Hybrid,Manual,181554.0,3.0,1.0,171.0,28432.3
502,Tesla,2005.0,2300 cc,Hybrid,Automatic,155188.0,2.0,1.0,287.0,39378.6
740,Ford,,,Hybrid,Automatic,107395.0,,,150.0,45146.25
1850,Hyundai,12,4.7,Hybrid,Automatic,88127.0,3.0,1.0,146.0,53910.65
869,Honda,2006.0,4.5,Diesel,Manual,114935.0,2.0,2.0,93.0,40660.25
732,Ford,2006.0,,Hybrid,Manual,141278.0,,2.0,175.0,41962.1
540,BMW,,2.2,Diesel,Automatic,,3.0,4.0,271.0,32128.550000000003
1202,Ford,12,1.4,Electric,Manual,66821.0,3.0,2.0,320.0,44069.95
698,Toyota,2014.0,,Petrol,Automatic,176963.0,,3.0,119.0,40419.85
1393,Toyota,2022.0,,Electric,Manual,162483.0,3.0,4.0,,49313.85
1377,Honda,2023.0,3200 cc,electric,Automatic,166637.0,3.0,,,47503.15
1146,Toyota,2021.0,2.0,diesel,Automatic,43712.0,,1.0,,46661.4
1032,Honda,2008.0,4500 cc,Petrol,Manual,172207.0,2.0,,139.0,43734.65
373,Toyota,2006.0,2.7,Petrol,Automatic,179277.0,,4.0,166.0,27336.15
668,Ford,2023.0,,DIESEL,Automatic,999999.0,3.0,2.0,224.0,45446.2
1526,Ford,,3.2,Petrol,Automatic,61344.0,4.0,,298.0,54628.8
358,Tesla,2017.0,2.3,Electric,Automatic,101213.0,3.0,,335.0,52708.35
968,Ford,2010.0,,hybrid,Manual,10607.0,,1.0,201.0,43403.65
784,BMW,2023.0,3.4,Hybrid,Automatic,999999.0,4.0,4.0,262.0,53570.4
736,Ford,2021.0,1.0,Electric,Manual,121211.0,3.0,,104.0,-10000.0
1036,Hyundai,2018.0,2.6,Diesel,Automatic,157540.0,,2.0,248.0,44909.0
971,Hyundai,2015.0,,Electric,Automatic,,3.0,,291.0,48376.45
1525,Toyota,2012.0,2.2,Diesel,Automatic,21978.0,,2.0,256.0,49011.1
1487,Toyota,18,,Electric,Manual,123642.0,4.0,3.0,175.0,48796.9
1524,Honda,2022.0,2.0,Diesel,Manual,,2.0,3.0,177.0,44325.95
1491,Honda,2021.0,2.7,Petrol,Manual,35844.0,2.0,1.0,222.0,56698.8
1643,Hyundai,,3.9,Petrol,Automatic,67643.0,,,276.0,51626.85
1253,BMW,2016.0,,DIESEL,Automatic,75765.0,2.0,,324.0,61594.75
1694,BMW,2015.0,3.7,Hybrid,Manual,144317.0,4.0,1.0,380.0,56404.15
1750,Hyundai,2016.0,2.8,Petrol,Automatic,22920.0,3.0,3.0,148.0,49007.0
1237,Hyundai,2017.0,4.7,Petrol,Manual,,,4.0,341.0,67813.65
886,Toyota,2018.0,3.9,Hybrid,Automatic,44080.0,,4.0,188.0,50302.0
80,Honda,,,HYBRID,Manual,26686.0,2.0,3.0,371.0,59006.7
1173,BMW,2012.0,,Diesel,Automatic,191256.0,2.0,2.0,365.0,50202.2
815,Hyundai,16,2.3,Petrol,Automatic,180963.0,4.0,,209.0,38999.85
1286,BMW,2005.0,,Diesel,Automatic,92212.0,4.0,4.0,198.0,31797.4
672,Tesla,2009.0,4000 cc,Electric,Automatic,137574.0,3.0,3.0,99.0,39997.3
1532,Honda,2015.0,1.7,Electric,Manual,112954.0,4.0,4.0,323.0,40478.3
58,Ford,2009.0,1.1,Diesel,Automatic,80591.0,3.0,4.0,243.0,33585.45
134,BMW,2017.0,3.3,Diesel,Manual,999999.0,2.0,3.0,203.0,48685.65
1141,BMW,,4.1,Diesel,Automatic,88251.0,3.0,4.0,328.0,58892.45
934,Toyota,12,1.3,Diesel,Automatic,72264.0,4.0,,353.0,46087.8
1685,Hyundai,2019.0,3.1,Petrol,Automatic,116375.0,,,318.0,50698.25
824,Honda,,,Diesel,Automatic,16528.0,,3.0,5000.0,46225.6
1215,Toyota,2015.0,4.2,electric,Automatic,33460.0,,2.0,,59881.0
505,Honda,2011.0,4.3,electric,Automatic,35782.0,2.0,1.0,79.0,50133.9
1775,Hyundai,,2200 cc,Diesel,Automatic,132522.0,3.0,2.0,90.0,37586.9
348,Ford,5,3800 cc,Diesel,Automatic,171846.0,2.0,3.0,,36191.7
387,Honda,2016.0,5.0,Diesel,Automatic,57137.0,2.0,2.0,355.0,64242.149999999994
1025,Tesla,23,5.0,PETROL,Manual,134188.0,3.0,4.0,253.0,58698.6
895,Hyundai,2007.0,2.0,Electric,Manual,190041.0,2.0,3.0,153.0,29690.949999999997
829,Honda,2015.0,,Diesel,Automatic,147251.0,4.0,4.0,347.0,42061.45
1893,Tesla,2009.0,,Electric,Automatic,,4.0,,,50236.6
476,Hyundai,2017.0,3.3,Petrol,Manual,164011.0,2.0,1.0,369.0,55410.45
1471,BMW,20,3.3,Petrol,Manual,,4.0,2.0,350.0,63187.45
1448,BMW,2013.0,,Diesel,Automatic,108064.0,2.0,3.0,139.0,46430.8
1582,Hyundai,11,3.3,Petrol,Automatic,,2.0,,5000.0,42255.15
653,Hyundai,2015.0,3.0,Electric,Manual,84915.0,,4.0,,55336.25
173,Tesla,5,2.2,Hybrid,Automatic,138873.0,,,279.0,0.0
1150,Toyota,,,Petrol,Automatic,27551.0,2.0,4.0,,48620.45
39,Ford,,2.4,DIESEL,Automatic,133701.0,3.0,1.0,362.0,46695.95
714,BMW,2007.0,4.7,Electric,Automatic,124712.0,,2.0,,44962.4
91,Honda,2012.0,,Hybrid,Manual,119110.0,,2.0,81.0,32736.5
1937,Honda,2013.0,4.8,Petrol,Manual,52632.0,2.0,,350.0,61564.4
1206,Honda,,3.6,Electric,Manual,59796.0,2.0,2.0,171.0,54806.2
876,Honda,16,4500 cc,Petrol,Automatic,179223.0,4.0,2.0,,57366.85
1352,BMW,2012.0,,Diesel,Manual,13630.0,3.0,4.0,221.0,37921.5
1890,Tesla,2008.0,1.4,HYBRID,Manual,142405.0,3.0,1.0,225.0,33348.75
1094,Ford,2006.0,3200 cc,Hybrid,Manual,155214.0,2.0,1.0,200.0,36191.3
1156,Hyundai,9,3.4,Diesel,Manual,23756.0,4.0,4.0,164.0,42864.2
1782,Honda,2014.0,1.4,Hybrid,Manual,115740.0,3.0,2.0,250.0,40255.0
1959,Honda,2007.0,3900 cc,Electric,Automatic,5255.0,3.0,,143.0,43433.25
500,Ford,20,4.4,Hybrid,Automatic,74778.0,3.0,2.0,217.0,59398.1
339,Hyundai,2008.0,1.8,Hybrid,Manual,143595.0,2.0,2.0,,-10000.0
1189,Tesla,,2.1,Electric,Manual,159195.0,3.0,3.0,148.0,37386.25
29,Toyota,2013.0,4.9,Diesel,Automatic,189983.0,,3.0,150.0,47514.85
1218,Toyota,2018.0,,Petrol,Manual,36017.0,2.0,,247.0,53720.15
1400,Honda,2007.0,,Diesel,Automatic,88609.0,2.0,3.0,105.0,34114.55
1821,BMW,2015.0,,petrol,Manual,83343.0,,3.0,180.0,44455.85
946,Tesla,2023.0,1.9,Hybrid,Manual,127366.0,4.0,,149.0,40949.7
170,Ford,2022.0,4.3,Electric,Manual,,,3.0,273.0,53163.75
1405,Hyundai,2021.0,3.6,Hybrid,Manual,,2.0,3.0,338.0,56679.7
1198,Ford,2022.0,,Petrol,Automatic,51978.0,3.0,4.0,385.0,65150.100000000006
1254,Ford,,2.7,Electric,Manual,28772.0,,1.0,,49125.4
1614,Tesla,2007.0,1.6,Hybrid,Manual,33690.0,4.0,3.0,76.0,30161.5
913,Ford,2008.0,2.6,Hybrid,Automatic,199380.0,2.0,4.0,268.0,35717.0
492,Tesla,2013.0,,Diesel,Automatic,113144.0,4.0,,134.0,31025.800000000003
954,Honda,,,Petrol,Automatic,128145.0,3.0,2.0,274.0,41692.75
1098,Hyundai,19,4.9,hybrid,Automatic,125725.0,3.0,,83.0,50738.75
1033,BMW,2012.0,2.2,Electric,Manual,78631.0,2.0,3.0,77.0,32815.45
588,Toyota,15,1.9,Hybrid,Manual,150707.0,2.0,1.0,100.0,35093.65
751,Toyota,2019.0,4.3,Diesel,Manual,182804.0,4.0,2.0,128.0,46596.8
658,Hyundai,,,Petrol,Automatic,,3.0,,318.0,60013.9
235,Toyota,2010.0,3800 cc,Diesel,Automatic,137826.0,3.0,2.0,,49262.7
733,Ford,2022.0,4300 cc,PETROL,Manual,,2.0,,352.0,65223.149999999994
1989,Honda,2009.0,2.3,HYBRID,Manual,50213.0,3.0,2.0,271.0,46463.35
1633,Tesla,2010.0,2.3,Petrol,Automatic,163330.0,3.0,3.0,264.0,34920.5
1157,BMW,2021.0,2.6,Hybrid,Manual,170723.0,3.0,1.0,115.0,41952.85
1470,BMW,10,3.4,Petrol,Manual,999999.0,4.0,3.0,127.0,36648.3
1425,BMW,,4.7,Diesel,Manual,,4.0,3.0,5000.0,50340.65
1628,Hyundai,2018.0,2.3,diesel,Automatic,124107.0,,3.0,99.0,39775.65
935,BMW,,2.6,Hybrid,Manual,78168.0,4.0,,,41088.6
1210,Toyota,2006.0,3.8,Diesel,Manual,9023.0,3.0,,,53773.85
1066,Hyundai,2018.0,3.7,Hybrid,Manual,125385.0,,1.0,106.0,48020.75
109,Toyota,2018.0,1.1,Petrol,Manual,999999.0,2.0,1.0,175.0,38190.25
1543,BMW,,1.1,diesel,Automatic,73580.0,3.0,1.0,278.0,50001.0
569,Toyota,2017.0,3.0,Petrol,Manual,79723.0,4.0,3.0,,45832.85
1168,Hyundai,2015.0,,Electric,Manual,165826.0,2.0,1.0,5000.0,46370.7
1175,BMW,2023.0,,Diesel,Automatic,177905.0,3.0,1.0,260.0,49014.75
891,Toyota,13,4.4,Diesel,Automatic,,2.0,3.0,,52174.55
948,BMW,2016.0,4.7,Hybrid,Automatic,42405.0,3.0,2.0,,61574.75
1049,Tesla,2017.0,,Diesel,Manual,,3.0,3.0,81.0,32451.15
1353,Ford,,3.4,Electric,Automatic,999999.0,4.0,1.0,177.0,52691.9
1778,BMW,,4.5,Diesel,Automatic,43138.0,,,172.0,56694.1
1447,Toyota,9,1200 cc,Petrol,Manual,145118.0,3.0,4.0,339.0,32995.1
885,BMW,2008.0,2.7,Petrol,Manual,,2.0,2.0,,39225.05
1673,Honda,2013.0,2.0,Electric,Manual,,2.0,3.0,,36334.1
851,Honda,2005.0,4.3,diesel,Automatic,,2.0,4.0,109.0,39153.3
735,Honda,2023.0,1.2,Diesel,Manual,54950.0,4.0,,215.0,44066.5
718,Honda,2011.0,,DIESEL,Automatic,127649.0,4.0,1.0,,40820.55
455,Honda,2006.0,3.4,Hybrid,Automatic,86678.0,2.0,2.0,340.0,49146.1
265,Ford,2021.0,3100 cc,HYBRID,Automatic,181384.0,,1.0,114.0,43376.8
76,Hyundai,2016.0,3.8,Diesel,Manual,58517.0,4.0,3.0,387.0,60775.15
1658,Tesla,,1400 cc,Hybrid,Manual,89274.0,,4.0,272.0,33706.3
445,Ford,2013.0,,DIESEL,Automatic,136708.0,4.0,,328.0,46935.6
396,Honda,2012.0,4.0,Petrol,Manual,,,1.0,189.0,45814.4
177,Ford,,3.1,Diesel,Automatic,63601.0,2.0,1.0,375.0,55550.95
1043,Toyota,2018.0,3.8,Diesel,Automatic,125938.0,2.0,1.0,124.0,47531.1
1736,BMW,5,1.9,HYBRID,Automatic,,3.0,2.0,104.0,28934.35
1402,Hyundai,,,ELECTRIC,Manual,106490.0,3.0,4.0,156.0,32178.5
1381,Honda,2010.0,1.2,Diesel,Automatic,137955.0,4.0,4.0,139.0,26078.25
596,Toyota,2009.0,1.9,Hybrid,Automatic,,,1.0,220.0,41571.0
62,Hyundai,,3.8,Hybrid,Automatic,160794.0,2.0,2.0,,36860.3
1297,Toyota,2015.0,1.3,Petrol,Automatic,172731.0,3.0,1.0,94.0,26880.449999999997
873,Ford,2020.0,3900 cc,Hybrid,Automatic,177026.0,2.0,3.0,349.0,57487.7
1490,BMW,,,Electric,Automatic,,3.0,2.0,261.0,34075.8
1879,Tesla,2012.0,,Diesel,Manual,,4.0,4.0,,55208.45
279,Toyota,2008.0,4.2,Petrol,Manual,125457.0,3.0,4.0,222.0,44013.15
37,Tesla,2010.0,,Petrol,Manual,163696.0,3.0,,318.0,47743.2
1976,Ford,2012.0,3.2,Petrol,Automatic,138332.0,2.0,,83.0,36110.4
663,Toyota,,,Diesel,Automatic,175308.0,,1.0,344.0,40999.6
1954,Honda,2008.0,,hybrid,Manual,102551.0,2.0,2.0,251.0,39582.45
1445,Tesla,,4.2,Diesel,Automatic,,,1.0,,43731.1
978,Hyundai,2007.0,1.4,Petrol,Manual,38617.0,4.0,,,36045.15
1572,Hyundai,2011.0,4.7,Diesel,Manual,33451.0,3.0,2.0,137.0,53152.45
739,Honda,2017.0,,hybrid,Automatic,,2.0,2.0,,45462.2
192,Toyota,2013.0,3200 cc,Hybrid,Automatic,,3.0,2.0,241.0,48245.05
920,Hyundai,,,Petrol,Manual,,2.0,3.0,101.0,49596.85
457,Hyundai,2008.0,,Electric,Manual,15778.0,3.0,2.0,,49446.1
676,BMW,2020.0,3.7,Electric,Manual,47865.0,3.0,3.0,191.0,52824.75
761,Tesla,2010.0,,Diesel,Automatic,173102.0,4.0,4.0,,30900.9
1808,Hyundai,21,4.6,Diesel,Automatic,93356.0,,4.0,319.0,63729.2
1603,Hyundai,,1.2,Petrol,Manual,7881.0,,4.0,226.0,37793.95
729,Ford,2009.0,4.0,Electric,Automatic,5916.0,2.0,2.0,,53576.2
413,Honda,2022.0,,Petrol,Manual,190221.0,,4.0,,41326.95
1099,Tesla,,1.2,Petrol,Manual,999999.0,3.0,2.0,225.0,33495.1
826,Tesla,2010.0,2.8,Hybrid,Automatic,185680.0,2.0,2.0,327.0,42540.0
1640,Ford,2020.0,,Diesel,Manual,,4.0,4.0,240.0,57119.8
617,Ford,2014.0,2.1,Hybrid,Manual,83947.0,3.0,,220.0,43160.65
115,Honda,2010.0,2.8,Hybrid,Manual,176304.0,3.0,4.0,206.0,35924.8
418,Honda,2013.0,3.3,Hybrid,Manual,169329.0,,4.0,194.0,42988.55
1911,Hyundai,2013.0,2.4,Hybrid,Manual,87494.0,4.0,,70.0,38600.3
970,Toyota,2016.0,,Electric,Manual,131406.0,3.0,2.0,377.0,47726.7
605,Toyota,,,petrol,Manual,135833.0,3.0,,258.0,52299.35
1919,Toyota,,,hybrid,Automatic,164156.0,2.0,,385.0,40812.2
90,Hyundai,2009.0,1.0,Diesel,Automatic,,2.0,4.0,100.0,31065.550000000003
849,Tesla,2014.0,3.2,diesel,Automatic,35020.0,2.0,2.0,217.0,52067.0
1520,Hyundai,2021.0,3.3,diesel,Automatic,19126.0,4.0,3.0,373.0,66363.7
1918,Hyundai,19,2.9,Diesel,Manual,57132.0,3.0,4.0,86.0,42137.4
754,Hyundai,,3100 cc,Diesel,Automatic,28572.0,2.0,2.0,,41073.4
499,Hyundai,2011.0,2.9,Hybrid,Manual,123499.0,2.0,4.0,,41905.05
1277,Tesla,2021.0,,Electric,Automatic,61174.0,4.0,,392.0,63374.3
1326,BMW,,2500 cc,Hybrid,Automatic,47464.0,3.0,4.0,120.0,41644.8
12,BMW,2009.0,2.1,DIESEL,Automatic,,3.0,,325.0,49052.9
397,BMW,2009.0,,Electric,Automatic,168616.0,4.0,4.0,,-10000.0
285,Toyota,2019.0,,Diesel,Automatic,87806.0,3.0,2.0,297.0,55973.7
1067,Honda,2013.0,3.3,petrol,Manual,145073.0,2.0,2.0,,44101.35
1192,Honda,2022.0,4.4,Hybrid,Automatic,116491.0,3.0,3.0,354.0,61843.45
1745,BMW,2013.0,,Diesel,Manual,88108.0,2.0,3.0,257.0,44635.6
691,Hyundai,2011.0,2.1,Petrol,Automatic,180430.0,2.0,,345.0,40402.5
1753,BMW,2022.0,,Petrol,Manual,35985.0,3.0,1.0,198.0,64039.75
1876,Hyundai,2010.0,1.4,Hybrid,Automatic,5036.0,2.0,4.0,,36881.2
690,BMW,,4.7,ELECTRIC,Manual,193347.0,3.0,2.0,371.0,0.0
852,Honda,,4.3,Petrol,Automatic,,,,190.0,-10000.0
160,Ford,2008.0,,Petrol,Manual,172893.0,2.0,4.0,,45504.35
896,Honda,12,4.4,Petrol,Manual,16292.0,3.0,4.0,366.0,59741.4
1576,Honda,2020.0,3.8,Petrol,Manual,17150.0,3.0,4.0,356.0,64381.5
258,Ford,2007.0,2.9,Electric,Automatic,34381.0,2.0,,,44152.95
336,BMW,2011.0,2.9,Petrol,Automatic,55893.0,4.0,2.0,280.0,46191.35
1880,Honda,2011.0,1.1,Electric,Manual,85738.0,,3.0,234.0,34614.1
1040,Ford,2010.0,,ELECTRIC,Automatic,73304.0,3.0,3.0,311.0,52852.8
516,Toyota,2011.0,1.7,PETROL,Automatic,999999.0,2.0,2.0,,30635.5
1349,Hyundai,2021.0,3.5,Petrol,Manual,30595.0,4.0,,,54949.25
1016,Tesla,,3.7,hybrid,Manual,115290.0,4.0,1.0,297.0,50113.5
769,Honda,14,3.3,diesel,Automatic,154229.0,,3.0,335.0,46847.55
1747,Ford,,4.5,Hybrid,Manual,186593.0,3.0,1.0,211.0,47356.35
762,Honda,2019.0,3.2,Electric,Automatic,,3.0,3.0,225.0,0.0
1247,Honda,2013.0,3.6,hybrid,Manual,,4.0,,352.0,49471.35
1204,Hyundai,2005.0,3.2,Diesel,Manual,74224.0,,,,51557.8
1468,Ford,17,2.7,Electric,Manual,141427.0,3.0,3.0,213.0,46108.65
1984,Tesla,14,2.4,Petrol,Manual,155494.0,3.0,1.0,105.0,37279.3
522,Ford,2010.0,2.1,Petrol,Manual,,4.0,3.0,218.0,39456.0
23,Ford,9,2.7,Hybrid,Automatic,86718.0,2.0,,342.0,50356.1
357,Hyundai,8,3.5,DIESEL,Manual,113397.0,4.0,4.0,98.0,35191.15
1278,Tesla,,4.5,petrol,Automatic,42743.0,,,,57439.85
1313,Honda,2021.0,4.7,Diesel,Automatic,,3.0,3.0,,63774.7
1683,Ford,22,2.4,Petrol,Automatic,,4.0,4.0,112.0,42297.5
341,Toyota,2014.0,2.0,diesel,Automatic,164511.0,3.0,,228.0,36898.45
432,Hyundai,2021.0,2.4,Electric,Manual,149938.0,3.0,4.0,295.0,49839.1
474,Toyota,2017.0,2.1,Petrol,Manual,70226.0,,3.0,358.0,53040.7
218,Honda,13,,Diesel,Automatic,174169.0,2.0,3.0,,42926.55
912,Toyota,,,Hybrid,Automatic,,4.0,3.0,221.0,53860.4
1228,Tesla,2020.0,1.2,Petrol,Manual,47215.0,2.0,4.0,90.0,35089.25
1597,Ford,2017.0,,DIESEL,Automatic,,2.0,2.0,201.0,48464.95
1012,BMW,2019.0,2600 cc,Diesel,Manual,31962.0,3.0,3.0,,43614.9
1950,Honda,2021.0,1.7,Electric,Manual,156969.0,2.0,2.0,227.0,41220.55
94,Toyota,2005.0,4.7,Hybrid,Automatic,,2.0,4.0,392.0,58769.0
1009,Tesla,,4.6,Petrol,Manual,19439.0,,,,58252.05
1071,Toyota,6,1900 cc,Hybrid,Manual,172499.0,2.0,4.0,180.0,28026.05
1093,Tesla,,2.7,Diesel,Automatic,21571.0,2.0,4.0,321.0,56765.45
1915,Tesla,2021.0,,ELECTRIC,Automatic,,,4.0,5000.0,59237.45
1309,Ford,2010.0,1.2,Petrol,Automatic,183775.0,3.0,,374.0,34444.25
697,Toyota,2008.0,,Diesel,Manual,109733.0,3.0,4.0,127.0,41548.35
1828,Ford,,2500 cc,HYBRID,Automatic,75283.0,4.0,3.0,116.0,43343.85
997,Hyundai,2020.0,2.1,Petrol,Manual,22772.0,4.0,4.0,243.0,47440.4
154,Hyundai,2019.0,2.2,petrol,Manual,,2.0,4.0,258.0,49782.25
1100,Ford,2016.0,4.6,Diesel,Automatic,36218.0,2.0,2.0,99.0,55084.1
1719,Honda,,4.4,ELECTRIC,Automatic,64252.0,3.0,2.0,251.0,61650.4
1998,Hyundai,2022.0,4100 cc,Diesel,Manual,104372.0,4.0,3.0,191.0,55714.4
790,BMW,,1.7,Diesel,Automatic,15207.0,2.0,4.0,,31205.65
581,Honda,2023.0,1.8,Electric,Automatic,127834.0,3.0,,244.0,42507.3
704,Hyundai,2015.0,3800 cc,Petrol,Manual,85992.0,4.0,,135.0,47879.4
1213,Hyundai,6,3.5,Diesel,Automatic,44218.0,4.0,,274.0,45685.1
1296,Honda,,4.3,Petrol,Manual,149916.0,,1.0,185.0,50371.2
1666,Honda,2012.0,2.6,Hybrid,Automatic,59078.0,4.0,2.0,230.0,46044.1
1261,Hyundai,2011.0,,Hybrid,Automatic,132219.0,3.0,1.0,296.0,58498.05
488,Ford,2006.0,4.5,Petrol,Manual,121850.0,3.0,3.0,142.0,39560.5
560,Toyota,2022.0,4.1,Petrol,Automatic,107192.0,2.0,2.0,315.0,62966.4
1142,Ford,,1.5,Hybrid,Manual,193392.0,3.0,4.0,355.0,44139.4
1120,Tesla,2013.0,,Electric,Manual,136756.0,2.0,3.0,73.0,30917.199999999997
802,Hyundai,2016.0,3.8,Diesel,Automatic,80320.0,3.0,2.0,168.0,47891.0
513,Honda,2022.0,,Petrol,Automatic,149980.0,4.0,,,44251.0
634,BMW,2022.0,,Electric,Manual,148572.0,2.0,1.0,131.0,47973.4
1922,Tesla,2005.0,2700 cc,electric,Manual,96627.0,3.0,2.0,110.0,31533.65
1788,Tesla,2012.0,1.7,Hybrid,Automatic,73447.0,2.0,1.0,,42104.65
1546,Tesla,2020.0,,Diesel,Manual,114071.0,,3.0,338.0,56675.45
1151,Tesla,2021.0,3.3,HYBRID,Automatic,53068.0,,,109.0,50549.6
791,Toyota,10,3300 cc,hybrid,Manual,32757.0,3.0,4.0,,51337.15
117,Toyota,2009.0,3.4,Hybrid,Automatic,30651.0,4.0,,,49362.45
741,Honda,2010.0,4.5,petrol,Manual,129121.0,3.0,,173.0,48317.95
1691,Ford,2014.0,4900 cc,Petrol,Manual,134198.0,4.0,1.0,259.0,57929.1
1082,Ford,22,3.9,Electric,Manual,,2.0,,,67866.0
831,Toyota,2020.0,3.7,Diesel,Automatic,17076.0,2.0,4.0,,51961.2
120,Ford,,4.8,Diesel,Automatic,999999.0,,4.0,128.0,48620.8
657,BMW,2006.0,,Petrol,Automatic,80147.0,2.0,4.0,286.0,39685.65
1908,BMW,2014.0,,Electric,Automatic,33546.0,4.0,2.0,119.0,39490.7
636,Honda,,4.0,Hybrid,Manual,66480.0,,4.0,206.0,55721.0
370,Ford,2010.0,1.4,Electric,Manual,197581.0,2.0,2.0,262.0,31672.949999999997
269,Tesla,2011.0,2.9,Hybrid,Manual,57726.0,2.0,2.0,156.0,39614.7
656,Tesla,2022.0,3.2,Petrol,Manual,53624.0,2.0,1.0,70.0,49778.8
936,Hyundai,5,,Hybrid,Manual,148115.0,4.0,3.0,158.0,22859.25
823,Honda,2022.0,4.2,Diesel,Automatic,43165.0,3.0,3.0,5000.0,55372.75
867,Hyundai,,2.7,Diesel,Manual,50802.0,2.0,1.0,393.0,47871.9
47,Honda,,4.9,Hybrid,Automatic,,3.0,,258.0,0.0
1374,Ford,2010.0,3.3,Hybrid,Automatic,9761.0,3.0,,285.0,50829.95
1709,Honda,2022.0,,Electric,Automatic,,4.0,1.0,334.0,69079.3
992,Honda,2016.0,,Diesel,Manual,91158.0,4.0,1.0,105.0,44800.1
877,Tesla,2019.0,4.7,Electric,Automatic,153112.0,4.0,3.0,328.0,63021.4
774,Tesla,2021.0,1.0,Hybrid,Automatic,,3.0,,248.0,41355.95
1220,Hyundai,2023.0,2.9,electric,Automatic,167062.0,4.0,,315.0,51958.9
2000,Honda,2012.0,1.7,Electric,Automatic,19706.0,3.0,1.0,165.0,40687.7
5,Hyundai,12,2.4,Electric,Manual,147233.0,,4.0,290.0,38010.35
1004,Tesla,2010.0,3.8,Electric,Automatic,999999.0,2.0,1.0,252.0,52756.2
1724,Honda,2022.0,3900 cc,Hybrid,Manual,13720.0,2.0,2.0,5000.0,68763.0
264,BMW,2006.0,3.9,Hybrid,Automatic,,3.0,2.0,,35517.35
1570,Honda,2009.0,4.9,hybrid,Manual,91984.0,4.0,4.0,122.0,44249.8
1831,Hyundai,2009.0,2.1,Electric,Automatic,196083.0,2.0,3.0,,35836.85
444,BMW,2018.0,3700 cc,Electric,Automatic,122907.0,2.0,1.0,105.0,47667.65
1003,Tesla,2011.0,2.6,ELECTRIC,Manual,177704.0,4.0,2.0,240.0,40497.8
1078,Toyota,,1500 cc,Diesel,Automatic,,3.0,1.0,75.0,34708.8
838,Toyota,2009.0,4.9,Electric,Manual,84360.0,3.0,1.0,228.0,53557.0
1791,Ford,,3.5,Diesel,Manual,,3.0,4.0,333.0,50768.2
305,Hyundai,,1000 cc,PETROL,Automatic,29142.0,,4.0,377.0,44964.9
1366,Ford,2016.0,3.0,Electric,Automatic,,3.0,4.0,369.0,58723.65
1558,Honda,2016.0,,Hybrid,Automatic,90973.0,,4.0,121.0,-10000.0
314,Ford,2005.0,4.1,Electric,Automatic,52176.0,,2.0,,45911.2
150,Tesla,2022.0,4.3,Diesel,Automatic,27228.0,3.0,2.0,372.0,70167.6
1149,BMW,2005.0,4.4,Hybrid,Automatic,25478.0,3.0,1.0,,47353.1
1214,Tesla,2023.0,4600 cc,Petrol,Manual,148285.0,,,288.0,59302.75
575,Hyundai,2012.0,4.4,Electric,Automatic,188206.0,3.0,1.0,297.0,50185.7
51,Tesla,2008.0,,Petrol,Manual,137797.0,4.0,3.0,115.0,42674.15
1553,Tesla,,2.1,diesel,Automatic,,,1.0,351.0,55691.35
727,Toyota,2018.0,2.9,Hybrid,Automatic,64155.0,3.0,,,47365.25
834,Hyundai,16,2.9,Hybrid,Manual,,3.0,4.0,285.0,46029.75
1378,Tesla,20,4.8,Petrol,Manual,107654.0,3.0,2.0,,0.0
1116,Honda,,4.2,Electric,Manual,,4.0,4.0,340.0,51459.8
1167,Hyundai,2023.0,5.0,Petrol,Manual,72428.0,4.0,4.0,70.0,53474.6
471,Toyota,2008.0,2.6,Hybrid,Automatic,67543.0,2.0,3.0,226.0,41438.85
972,Ford,6,4.3,hybrid,Manual,154666.0,2.0,,242.0,48078.7
654,Hyundai,2015.0,1.2,Diesel,Automatic,140311.0,4.0,2.0,396.0,44325.45
400,Hyundai,2005.0,2.0,Petrol,Automatic,,3.0,1.0,,30955.0
512,Honda,2011.0,1.9,Hybrid,Automatic,170029.0,2.0,1.0,197.0,0.0
321,BMW,,,Petrol,Automatic,,2.0,1.0,330.0,55819.05
20,Ford,2011.0,,Diesel,Automatic,180505.0,2.0,,88.0,32714.75
685,Ford,7,1.9,Electric,Automatic,122729.0,3.0,4.0,,26591.55
36,Tesla,2008.0,,Diesel,Automatic,113541.0,2.0,,,49493.95
903,Honda,2022.0,2.1,Electric,Automatic,72650.0,4.0,1.0,388.0,58563.5
1779,Tesla,2016.0,4.6,Diesel,Automatic,999999.0,4.0,4.0,168.0,48544.9
828,BMW,2022.0,4.7,Electric,Automatic,42136.0,3.0,4.0,343.0,66001.2
1854,BMW,2020.0,1300 cc,Electric,Manual,999999.0,3.0,4.0,198.0,42130.8
408,Tesla,2010.0,,Diesel,Automatic,5432.0,2.0,4.0,330.0,50660.4
921,BMW,,1.5,Electric,Automatic,,2.0,2.0,156.0,35972.8
538,Toyota,2015.0,1.3,Electric,Manual,176210.0,,4.0,179.0,33226.5
759,BMW,2019.0,2700 cc,Electric,Manual,189736.0,3.0,,181.0,41579.2
1905,Hyundai,2012.0,1.8,Diesel,Manual,107201.0,3.0,,,34078.95
1063,Honda,2015.0,3700 cc,Electric,Automatic,23344.0,2.0,,181.0,48657.8
1200,Ford,,1.3,Hybrid,Automatic,135621.0,4.0,2.0,228.0,41973.95
246,BMW,2015.0,2300 cc,Electric,Manual,14795.0,3.0,1.0,92.0,39641.25
1417,Toyota,2020.0,2.6,Hybrid,Automatic,61782.0,3.0,2.0,236.0,-10000.0
1128,Hyundai,2010.0,3.9,Electric,Automatic,54582.0,3.0,2.0,85.0,43044.9
785,Toyota,2009.0,4.0,Electric,Manual,,2.0,4.0,374.0,50036.1
1743,Honda,2016.0,,DIESEL,Manual,26381.0,4.0,3.0,346.0,58052.95
490,Toyota,2022.0,1.8,DIESEL,Automatic,162220.0,4.0,,255.0,46430.0
155,Ford,2012.0,3.0,Hybrid,Automatic,150800.0,3.0,1.0,366.0,53026.0
962,Honda,2006.0,4.9,DIESEL,Manual,24977.0,,,,59262.15
854,BMW,15,,Electric,Automatic,192486.0,4.0,4.0,189.0,37707.7
1312,BMW,2013.0,,Petrol,Manual,53591.0,2.0,2.0,,55565.45
626,Hyundai,2014.0,1.4,Electric,Manual,,3.0,1.0,376.0,46684.2
686,Ford,,2.4,Diesel,Manual,175231.0,,,,40568.45
1562,Honda,2019.0,3.0,Petrol,Manual,,2.0,4.0,,0.0
570,Hyundai,2023.0,4.0,Petrol,Automatic,,4.0,2.0,177.0,53028.3
1909,Hyundai,14,2.5,Hybrid,Manual,,3.0,4.0,191.0,34200.5
18,Tesla,2019.0,,Petrol,Automatic,123371.0,,1.0,,67784.45
128,BMW,2011.0,4.0,Electric,Manual,155492.0,2.0,2.0,72.0,38071.4
1347,Honda,2008.0,3.4,Diesel,Manual,,3.0,1.0,310.0,46563.3
1280,Hyundai,9,2.4,Hybrid,Manual,135288.0,4.0,4.0,343.0,43850.6
1969,Toyota,,1.8,Electric,Automatic,,2.0,2.0,155.0,44018.65
928,BMW,20,2.7,Petrol,Automatic,123906.0,3.0,2.0,97.0,42801.7
981,Tesla,2005.0,4500 cc,Diesel,Manual,,3.0,,240.0,42981.45
1965,BMW,8,3.8,Petrol,Manual,66596.0,2.0,2.0,372.0,53931.2
191,BMW,2017.0,2.6,Hybrid,Automatic,131839.0,2.0,4.0,217.0,44971.05
1140,Tesla,2017.0,3.9,Electric,Automatic,186762.0,2.0,2.0,356.0,53779.9
993,BMW,2015.0,4.2,Petrol,Manual,60264.0,4.0,4.0,372.0,60917.8
1956,Honda,2021.0,,Electric,Manual,,,4.0,284.0,51743.25
1657,BMW,2015.0,3.8,Petrol,Manual,,3.0,1.0,196.0,53738.2
607,Ford,2019.0,1.3,Electric,Automatic,,3.0,,159.0,38805.1
181,Toyota,2008.0,4200 cc,Diesel,Automatic,170640.0,2.0,2.0,204.0,41728.0
302,Toyota,2022.0,3.9,Hybrid,Manual,181454.0,4.0,,165.0,48703.3
497,Honda,2018.0,3.5,Electric,Manual,196385.0,2.0,3.0,,37587.75
1721,Tesla,2009.0,1.7,Diesel,Automatic,,3.0,4.0,342.0,37315.2
1710,Honda,21,2.7,Hybrid,Automatic,185564.0,4.0,2.0,296.0,47769.8
1888,BMW,2010.0,1.6,Hybrid,Automatic,,3.0,2.0,162.0,36763.5
1992,Honda,,2.6,Petrol,Automatic,135842.0,4.0,,,46721.9
518,Hyundai,2011.0,4.9,Petrol,Manual,183554.0,2.0,1.0,5000.0,50117.3
1985,Honda,2008.0,3600 cc,Electric,Manual,171685.0,3.0,,236.0,43157.75
1070,Hyundai,12,4.1,Hybrid,Automatic,86144.0,4.0,3.0,,42970.8
477,Tesla,18,3400 cc,Electric,Automatic,,3.0,,82.0,36892.15
158,BMW,,4.7,Diesel,Manual,197828.0,3.0,4.0,330.0,0.0
1244,BMW,2008.0,2400 cc,Diesel,Automatic,,4.0,4.0,100.0,31390.449999999997
1196,Toyota,2005.0,1400 cc,Electric,Automatic,,,2.0,,34863.3
17,Tesla,7,2.5,petrol,Automatic,,,3.0,,-10000.0
1536,Tesla,2016.0,2.6,Diesel,Manual,58333.0,4.0,3.0,,50289.35
1073,Toyota,2018.0,1900 cc,Electric,Manual,66160.0,3.0,3.0,254.0,46860.0
1972,Ford,2005.0,4.9,Hybrid,Automatic,67863.0,2.0,2.0,164.0,48441.85
547,Hyundai,2014.0,,petrol,Manual,,2.0,2.0,181.0,47750.7
1540,Toyota,2019.0,,Electric,Automatic,170043.0,,4.0,343.0,53853.85
659,Toyota,2022.0,1.6,Electric,Automatic,147181.0,2.0,3.0,138.0,38765.95
1626,Honda,2021.0,1.5,Diesel,Automatic,116654.0,4.0,2.0,389.0,54331.3
1020,BMW,2013.0,4.0,Electric,Manual,,2.0,4.0,231.0,48574.0
1663,Toyota,2023.0,,Diesel,Manual,60486.0,3.0,2.0,5000.0,63814.7
1505,Hyundai,2019.0,3.5,Diesel,Manual,87001.0,,1.0,338.0,59543.95
960,Hyundai,2005.0,3.4,Petrol,Automatic,5209.0,2.0,2.0,82.0,40185.55
1882,BMW,2010.0,2.3,Hybrid,Automatic,65071.0,2.0,1.0,114.0,39731.45
284,BMW,,,Electric,Automatic,145548.0,2.0,2.0,111.0,34113.6
798,Tesla,2008.0,2.7,Hybrid,Automatic,188306.0,,4.0,151.0,32725.699999999997
1627,Hyundai,2008.0,4800 cc,Hybrid,Manual,150512.0,4.0,3.0,,50827.4
226,Tesla,2006.0,2.6,Diesel,Automatic,74306.0,3.0,1.0,,43637.7
27,Ford,2021.0,2.1,Diesel,Manual,,,2.0,246.0,54538.35
1771,Toyota,2012.0,1900 cc,ELECTRIC,Automatic,195972.0,,3.0,192.0,29672.4
438,Hyundai,2014.0,,Diesel,Automatic,999999.0,4.0,1.0,227.0,56812.35
1949,Ford,,3500 cc,Electric,Automatic,112334.0,4.0,1.0,346.0,45435.3
1389,Tesla,2022.0,1300 cc,Electric,Manual,145710.0,2.0,,252.0,44098.5
230,Honda,2016.0,3.5,Diesel,Manual,23263.0,3.0,3.0,79.0,47563.85
38,BMW,11,2.7,Diesel,Automatic,,,4.0,309.0,44302.3
750,Toyota,2021.0,2.7,Hybrid,Manual,,2.0,2.0,312.0,54093.2
1046,Ford,2014.0,,Electric,Manual,60107.0,4.0,1.0,361.0,63108.65
1399,Ford,2017.0,1600 cc,Electric,Automatic,,2.0,,235.0,39684.9
470,Tesla,,3.0,Petrol,Manual,999999.0,2.0,1.0,276.0,41070.4
1693,Toyota,,,ELECTRIC,Manual,133614.0,2.0,4.0,371.0,50566.3
1968,Tesla,,1.5,Hybrid,Manual,60032.0,3.0,,,-10000.0
688,Toyota,2015.0,4.8,Diesel,Manual,,4.0,,,48770.9
1844,Toyota,2018.0,4.1,petrol,Automatic,,2.0,,107.0,0.0
640,Honda,2011.0,3400 cc,Petrol,Automatic,19318.0,3.0,1.0,,53288.1
1713,Ford,2013.0,1200 cc,Electric,Manual,51766.0,3.0,2.0,185.0,34088.7
1219,Tesla,2022.0,3600 cc,Petrol,Automatic,97038.0,2.0,3.0,,46712.1
1159,Toyota,2021.0,,Petrol,Automatic,185378.0,3.0,1.0,,49378.1
1416,Hyundai,2018.0,2.3,Electric,Automatic,64980.0,2.0,4.0,,52214.0
1528,Honda,9,2.7,DIESEL,Automatic,,3.0,,388.0,55575.25
1656,Honda,2020.0,4.3,Hybrid,Automatic,164465.0,4.0,,85.0,45822.75
1301,Honda,,4.1,Diesel,Manual,47322.0,4.0,,390.0,57917.9
1823,Honda,2013.0,4.0,Electric,Automatic,141564.0,2.0,3.0,,53499.8
801,Hyundai,,,Electric,Manual,184743.0,3.0,3.0,347.0,44098.85
1604,Toyota,8,2.9,ELECTRIC,Automatic,50913.0,2.0,,154.0,38544.35
161,Honda,2005.0,2.6,Electric,Manual,35615.0,,3.0,330.0,45371.25
957,BMW,2010.0,4.1,Petrol,Automatic,108021.0,3.0,4.0,5000.0,43726.95
1187,Tesla,18,1.7,Diesel,Automatic,16695.0,4.0,,307.0,50497.25
822,Honda,8,2.5,Hybrid,Automatic,58010.0,2.0,,185.0,39287.5
1682,Toyota,2009.0,,diesel,Automatic,157133.0,,1.0,,39264.35
878,Hyundai,2012.0,4.7,Petrol,Manual,49772.0,4.0,,154.0,51392.4
914,Honda,,,Petrol,Manual,,3.0,,158.0,50256.35
153,BMW,2012.0,1100 cc,Diesel,Automatic,,,,119.0,32598.050000000003
1871,BMW,2006.0,,Hybrid,Automatic,82257.0,4.0,4.0,254.0,47835.15
1777,Tesla,2021.0,2.5,Diesel,Automatic,,3.0,2.0,294.0,48700.0
510,Honda,2008.0,1.3,Electric,Automatic,,4.0,4.0,182.0,26390.75
1136,Ford,2012.0,,Hybrid,Automatic,,2.0,4.0,142.0,51962.4
1251,Toyota,2007.0,2.6,Diesel,Automatic,172207.0,4.0,2.0,5000.0,34961.65
1684,Tesla,,2.4,Electric,Manual,,,3.0,,47476.55
104,Toyota,,,Hybrid,Manual,137767.0,2.0,1.0,292.0,56146.65
1446,BMW,12,4.5,Hybrid,Manual,32843.0,4.0,1.0,237.0,58038.85
1444,Ford,2017.0,4300 cc,Diesel,Automatic,74506.0,4.0,,82.0,-10000.0
587,Hyundai,2008.0,3.6,diesel,Manual,,2.0,2.0,138.0,37088.3
1769,BMW,,,Diesel,Manual,84164.0,3.0,,288.0,46357.8
1144,Tesla,2021.0,3.8,Electric,Manual,111565.0,,1.0,259.0,56841.75
54,Toyota,2016.0,,Petrol,Automatic,,,3.0,200.0,49124.25
152,Hyundai,2021.0,2.8,Diesel,Automatic,82924.0,2.0,,356.0,54500.8
404,Ford,,1.1,Diesel,Automatic,184357.0,,,,34019.15
1943,Toyota,2021.0,1.2,Diesel,Automatic,23895.0,2.0,,301.0,49895.25
208,Ford,2016.0,1.7,Petrol,Automatic,62450.0,2.0,1.0,,56037.5
1895,Tesla,2022.0,2.2,Diesel,Automatic,115379.0,3.0,4.0,132.0,40017.05
1123,Toyota,2010.0,1.9,Diesel,Manual,116301.0,3.0,,310.0,41450.95
1891,Toyota,,4.6,Petrol,Automatic,126173.0,,,314.0,59934.35
9,BMW,2010.0,2.6,Electric,Manual,76688.0,3.0,,238.0,44992.6
1015,Ford,18,4.3,Diesel,Manual,121189.0,,2.0,182.0,50977.55
1907,Honda,2020.0,4700 cc,Diesel,Manual,121566.0,3.0,3.0,5000.0,51805.7
1061,Honda,2005.0,4.4,Petrol,Manual,56999.0,3.0,2.0,,55790.05
453,BMW,,1.6,Diesel,Automatic,133381.0,3.0,1.0,371.0,54232.95
254,BMW,2008.0,2.7,Petrol,Automatic,16009.0,,2.0,77.0,38709.55
1328,Tesla,2007.0,3400 cc,Petrol,Manual,999999.0,,3.0,222.0,37147.25
897,Hyundai,,2900 cc,Hybrid,Manual,176866.0,2.0,4.0,284.0,42257.7
1734,Toyota,2015.0,1.1,Electric,Automatic,35653.0,2.0,1.0,376.0,50629.35
881,Tesla,,2.6,Hybrid,Automatic,199904.0,3.0,2.0,,40825.8
1596,Toyota,2008.0,4.0,Diesel,Manual,149345.0,2.0,3.0,94.0,35697.75
1889,Ford,2023.0,2.2,Petrol,Manual,,2.0,1.0,74.0,46555.6
624,Toyota,2006.0,2.8,Petrol,Manual,43897.0,4.0,,370.0,49777.15
346,Hyundai,12,1.8,Electric,Automatic,127970.0,3.0,2.0,131.0,33562.5
1703,BMW,2021.0,2.8,Diesel,Automatic,15599.0,3.0,4.0,5000.0,60613.05
263,Toyota,,1.0,Hybrid,Manual,73184.0,2.0,,175.0,43479.8
1635,Tesla,2016.0,,Petrol,Automatic,93952.0,2.0,2.0,308.0,42834.4
1322,Hyundai,2013.0,2.1,Hybrid,Automatic,,2.0,1.0,348.0,42871.0
1439,Ford,2008.0,4.2,Hybrid,Manual,11922.0,4.0,1.0,197.0,51719.9
151,Hyundai,2022.0,2200 cc,Electric,Manual,125627.0,2.0,1.0,339.0,55141.65
473,Hyundai,2008.0,3.3,Hybrid,Automatic,32610.0,,2.0,,53650.5
641,Ford,2021.0,5.0,Diesel,Manual,55934.0,4.0,1.0,,59895.3
1983,Honda,,3300 cc,Petrol,Manual,99515.0,2.0,4.0,5000.0,46919.25
1883,Hyundai,2007.0,1200 cc,Diesel,Automatic,135613.0,2.0,,,32823.35
551,Toyota,2013.0,2.8,diesel,Manual,,3.0,3.0,79.0,39713.5
1780,Honda,2013.0,3000 cc,Diesel,Automatic,164829.0,,,387.0,48725.55
929,Hyundai,,,Petrol,Manual,,3.0,4.0,,43804.15
489,Hyundai,,4500 cc,Diesel,Automatic,182946.0,,1.0,145.0,45324.7
1812,BMW,2022.0,2100 cc,electric,Automatic,999999.0,,2.0,86.0,44174.7
1172,Honda,2005.0,2.6,ELECTRIC,Manual,149490.0,4.0,3.0,187.0,33138.5
147,Ford,5,3600 cc,Hybrid,Automatic,42412.0,,4.0,204.0,43186.4
1705,Ford,2010.0,4.0,HYBRID,Automatic,139011.0,3.0,1.0,279.0,50411.45
1929,Ford,2019.0,3.3,Diesel,Automatic,,,2.0,,57786.95
403,Toyota,2012.0,1.5,Electric,Automatic,39600.0,2.0,4.0,229.0,36484.0
955,Honda,2006.0,3.3,PETROL,Automatic,15532.0,2.0,1.0,367.0,53660.4
1878,BMW,,2.4,Diesel,Automatic,,3.0,3.0,,37362.65
660,Tesla,,,Petrol,Manual,162088.0,2.0,3.0,99.0,33014.6
1373,Hyundai,16,1.3,ELECTRIC,Automatic,999999.0,2.0,1.0,243.0,40118.7
464,Toyota,2007.0,3400 cc,Hybrid,Manual,,3.0,3.0,275.0,44597.05
1350,BMW,2007.0,3.3,Hybrid,Manual,193279.0,,4.0,177.0,30423.050000000003
187,Hyundai,,3.0,Diesel,Automatic,,4.0,1.0,,47620.4
1148,Hyundai,2015.0,3200 cc,Diesel,Automatic,174103.0,2.0,1.0,389.0,55187.85
1225,Tesla,2006.0,4.6,Electric,Manual,38001.0,4.0,4.0,194.0,47636.95
609,Ford,2007.0,,Hybrid,Automatic,89153.0,2.0,3.0,225.0,49063.35
144,Hyundai,2019.0,3.8,Hybrid,Manual,,,2.0,,58402.85
752,Hyundai,2015.0,,Electric,Manual,71433.0,2.0,,328.0,43468.35
1535,Hyundai,2006.0,2.1,Diesel,Automatic,58380.0,2.0,2.0,,29216.0
982,Honda,2007.0,1.3,hybrid,Manual,116077.0,4.0,,,31022.15
198,Ford,19,4400 cc,Electric,Automatic,75880.0,3.0,2.0,135.0,53634.0
1634,BMW,2021.0,4400 cc,Diesel,Automatic,,3.0,3.0,237.0,61166.55
884,BMW,2011.0,3700 cc,Hybrid,Automatic,,4.0,3.0,331.0,57780.4
280,Tesla,2011.0,4.6,Petrol,Manual,158189.0,4.0,2.0,281.0,52037.55
294,BMW,2021.0,3200 cc,Electric,Manual,87215.0,,2.0,255.0,-10000.0
1824,Honda,,3.6,Diesel,Automatic,126399.0,2.0,3.0,,33061.05
401,Ford,2010.0,1.2,Diesel,Automatic,,3.0,,234.0,37226.85
123,Tesla,2014.0,4.3,Petrol,Manual,149811.0,4.0,1.0,107.0,43347.45
1208,Ford,2013.0,1200 cc,Diesel,Manual,133554.0,3.0,2.0,121.0,29757.3
203,Toyota,23,3.7,Diesel,Automatic,152937.0,4.0,3.0,,54418.15
1463,Tesla,2007.0,5.0,hybrid,Manual,,3.0,2.0,354.0,55241.35
836,Tesla,2009.0,,Petrol,Automatic,,2.0,,,38884.1
247,Tesla,,1.6,Hybrid,Automatic,69555.0,3.0,2.0,175.0,47653.25
1440,Tesla,,2.3,Hybrid,Automatic,98697.0,2.0,1.0,357.0,48723.15
1754,Honda,2023.0,4.0,Petrol,Automatic,164359.0,3.0,4.0,367.0,62606.05
1902,Ford,2008.0,4.5,Petrol,Manual,98562.0,2.0,2.0,376.0,56582.9
1708,Hyundai,2018.0,3400 cc,Petrol,Manual,146280.0,2.0,1.0,236.0,53751.0
1881,Ford,2011.0,,Electric,Automatic,78596.0,3.0,2.0,197.0,44836.2
1154,Honda,,3.2,Petrol,Manual,138964.0,2.0,,94.0,37961.8
1662,Toyota,,2.5,Diesel,Automatic,12044.0,,2.0,135.0,48699.8
1427,Tesla,2007.0,2.1,Petrol,Manual,56468.0,2.0,,143.0,33451.6
385,BMW,2014.0,2300 cc,Hybrid,Manual,148684.0,2.0,3.0,,34517.8
1759,Honda,2016.0,1400 cc,Diesel,Automatic,47235.0,3.0,2.0,169.0,-10000.0
855,BMW,,2.0,Diesel,Manual,190888.0,3.0,3.0,87.0,27113.6
1590,Tesla,,,Diesel,Manual,,4.0,4.0,,51883.4
220,Ford,2012.0,1.4,Electric,Automatic,147326.0,2.0,2.0,,27454.7
642,Toyota,2016.0,4.1,Petrol,Manual,,2.0,1.0,112.0,48002.85
2,Hyundai,2018.0,3.2,Electric,Manual,35628.0,,4.0,259.0,55153.6
113,BMW,5,2000 cc,Diesel,Manual,999999.0,4.0,4.0,,23596.9
699,Tesla,2016.0,2100 cc,Petrol,Manual,131865.0,3.0,,276.0,-10000.0
1916,Tesla,2008.0,,Electric,Automatic,97680.0,,,253.0,34582.0
952,Ford,5,3.3,Electric,Automatic,60186.0,2.0,,238.0,41049.7
1649,Honda,2009.0,3.2,Petrol,Automatic,148452.0,2.0,2.0,304.0,43282.4
1637,Honda,,4.0,Electric,Automatic,158187.0,3.0,1.0,138.0,39417.65
1886,Ford,2008.0,2.5,Diesel,Manual,172720.0,,3.0,237.0,33912.0
1411,Ford,,1.7,Hybrid,Manual,154368.0,3.0,,236.0,33935.6
1410,Honda,2023.0,2.3,Hybrid,Automatic,120248.0,4.0,4.0,91.0,41423.6
1534,Honda,2013.0,1.9,Hybrid,Automatic,,,1.0,,42764.65
1292,Hyundai,2007.0,1300 cc,Diesel,Automatic,65261.0,4.0,3.0,343.0,37704.95
1809,Ford,11,4.3,Diesel,Manual,,2.0,2.0,389.0,64310.9
442,Ford,2020.0,2.8,Diesel,Manual,158738.0,4.0,1.0,334.0,54832.1
1521,Tesla,2022.0,,Petrol,Automatic,116198.0,2.0,2.0,131.0,40952.1
1137,Hyundai,18,3.6,Electric,Automatic,191258.0,2.0,,266.0,47463.1
1716,Hyundai,2022.0,,Petrol,Manual,185458.0,2.0,4.0,311.0,42536.1
1257,Tesla,2015.0,2.8,Hybrid,Manual,117051.0,4.0,4.0,381.0,54138.45
1864,Hyundai,2019.0,1.8,Electric,Manual,25092.0,,,,42019.4
1632,Tesla,2019.0,,Electric,Automatic,193844.0,,4.0,262.0,51634.8
1696,Honda,2012.0,2.7,Electric,Automatic,179942.0,,2.0,,39621.9
1398,Tesla,2011.0,4800 cc,Hybrid,Manual,,,3.0,,63253.2
664,Hyundai,15,,Electric,Manual,150093.0,3.0,,384.0,60254.35
1836,Ford,,,Petrol,Automatic,188187.0,3.0,2.0,,42268.65
1258,Toyota,2020.0,3.6,Petrol,Manual,134941.0,4.0,2.0,166.0,50121.95
1774,Ford,2005.0,3.2,DIESEL,Manual,,,4.0,,29112.699999999997
1701,Hyundai,2015.0,3.6,Diesel,Automatic,45721.0,4.0,2.0,120.0,50030.95
318,Tesla,2019.0,4.2,Electric,Manual,178101.0,4.0,4.0,255.0,54814.95
649,Honda,2012.0,3.0,Petrol,Manual,138909.0,3.0,,,45510.55
1435,Hyundai,2011.0,2.6,Hybrid,Automatic,,2.0,2.0,84.0,34369.15
1480,Toyota,6,,Diesel,Manual,,2.0,4.0,274.0,48981.1
710,BMW,8,,Petrol,Manual,,4.0,2.0,,42288.45
1383,BMW,2010.0,,Electric,Automatic,79489.0,2.0,3.0,300.0,48990.55
1283,Hyundai,2020.0,1.3,Electric,Manual,34430.0,3.0,,352.0,49092.5
973,Toyota,,4.2,Petrol,Manual,194454.0,3.0,2.0,354.0,-10000.0
628,Honda,21,4700 cc,Petrol,Automatic,112990.0,2.0,1.0,336.0,67906.5
633,Hyundai,,4.6,Petrol,Automatic,178790.0,4.0,2.0,136.0,47885.5
1307,Tesla,,1.7,Electric,Automatic,196168.0,2.0,1.0,119.0,26542.6
1401,Honda,,3.2,Petrol,Automatic,165477.0,,1.0,181.0,48374.15
1409,Hyundai,2012.0,1.1,Hybrid,Automatic,12548.0,4.0,4.0,,38931.6
1249,Honda,2016.0,2800 cc,Hybrid,Automatic,56690.0,4.0,1.0,232.0,52413.5
1953,Tesla,2008.0,,Diesel,Manual,71957.0,3.0,2.0,347.0,41151.15
1255,BMW,2013.0,2.5,Electric,Automatic,135417.0,2.0,4.0,167.0,35237.15
1497,Ford,2014.0,2.1,electric,Manual,146554.0,2.0,,,39507.3
1372,Honda,2018.0,1.2,Diesel,Automatic,,3.0,2.0,289.0,46348.5
1530,Hyundai,15,1300 cc,Diesel,Automatic,86214.0,2.0,4.0,284.0,42909.3
1664,BMW,2013.0,,Diesel,Automatic,60162.0,2.0,2.0,5000.0,48901.9
1355,Ford,2011.0,3.1,Hybrid,Manual,79191.0,,4.0,245.0,44424.45
1926,BMW,13,3000 cc,Diesel,Automatic,146294.0,4.0,1.0,,50189.3
1901,Toyota,2019.0,3200 cc,Petrol,Manual,40497.0,4.0,4.0,72.0,47024.15
1644,Tesla,2016.0,2.9,Electric,Automatic,18311.0,3.0,3.0,,48857.45
1849,Hyundai,2017.0,4800 cc,Hybrid,Manual,137818.0,4.0,4.0,128.0,47829.1
796,Hyundai,7,2.0,Hybrid,Automatic,,4.0,4.0,316.0,40172.9
646,Hyundai,2017.0,1.1,Hybrid,Automatic,73754.0,2.0,1.0,,42171.3
1013,BMW,2007.0,,diesel,Automatic,190006.0,4.0,1.0,,32042.699999999997
1840,Tesla,19,4.1,Petrol,Automatic,,2.0,2.0,5000.0,61943.149999999994
557,Tesla,2020.0,3.9,Electric,Automatic,66562.0,4.0,1.0,213.0,55580.9
682,Ford,2005.0,4300 cc,Electric,Automatic,100852.0,,,322.0,52449.4
578,Toyota,2015.0,2.8,HYBRID,Automatic,87476.0,,3.0,330.0,50283.2
1110,Tesla,2023.0,1.6,Petrol,Automatic,,3.0,2.0,5000.0,41175.4
1267,Honda,,3.3,PETROL,Manual,8088.0,2.0,3.0,,48026.6
1723,BMW,2010.0,,Hybrid,Manual,,3.0,2.0,93.0,26044.3
1184,Tesla,2011.0,3.0,Diesel,Manual,139955.0,2.0,2.0,183.0,40705.25
525,Ford,11,,Diesel,Manual,126026.0,4.0,2.0,,46832.7
1060,Honda,2013.0,3700 cc,Petrol,Automatic,102911.0,2.0,2.0,114.0,44183.45
541,Ford,,3300 cc,Petrol,Automatic,180183.0,4.0,1.0,237.0,48284.85
1195,Honda,8,4.9,Hybrid,Manual,,4.0,,335.0,58255.5
1679,Hyundai,2008.0,,Hybrid,Manual,163818.0,3.0,2.0,359.0,35831.1
749,Toyota,2022.0,2400 cc,Electric,Manual,42271.0,,1.0,5000.0,46737.45
1852,Ford,2020.0,,Diesel,Manual,73232.0,,1.0,124.0,49109.4
1431,Hyundai,22,2.0,diesel,Manual,27588.0,3.0,2.0,245.0,54487.6
485,Toyota,2023.0,4.5,Hybrid,Manual,6509.0,2.0,3.0,129.0,60164.55
1758,Tesla,2008.0,4400 cc,diesel,Manual,133676.0,2.0,,244.0,44194.2
96,Ford,2009.0,2.0,Diesel,Automatic,7431.0,4.0,3.0,377.0,49037.45
1021,Ford,,,Hybrid,Manual,,2.0,,375.0,40165.9
564,Honda,2012.0,4400 cc,Diesel,Manual,,3.0,4.0,227.0,50799.45
1265,BMW,2008.0,2.9,DIESEL,Manual,999999.0,3.0,2.0,231.0,43144.9
743,Ford,2023.0,,petrol,Manual,60401.0,4.0,1.0,311.0,69974.95
864,BMW,5,1.6,Hybrid,Automatic,98608.0,3.0,3.0,,41162.6
1599,Honda,2017.0,1700 cc,Diesel,Manual,50510.0,,3.0,,40603.5
1715,Ford,,2.7,Electric,Manual,164423.0,3.0,2.0,387.0,42166.85
1485,Toyota,2007.0,,HYBRID,Automatic,71920.0,4.0,3.0,,52891.0
892,BMW,2012.0,2.7,petrol,Automatic,59711.0,2.0,4.0,259.0,47832.45
1578,Honda,2018.0,2.6,petrol,Manual,,,,,54554.35
1039,Tesla,2018.0,3300 cc,Diesel,Automatic,56786.0,2.0,,177.0,47301.7
207,Ford,2007.0,1.5,Electric,Automatic,,4.0,2.0,310.0,34834.7
393,Tesla,2020.0,1.4,Hybrid,Manual,25372.0,,2.0,121.0,39066.4
795,Toyota,,4.9,Hybrid,Automatic,,2.0,4.0,383.0,66683.6
871,Honda,2006.0,1900 cc,Electric,Manual,138669.0,2.0,,,31616.550000000003
398,Honda,2012.0,,Petrol,Automatic,5037.0,4.0,3.0,231.0,58735.15
767,Honda,2020.0,4.7,Hybrid,Manual,175456.0,3.0,,224.0,53973.2
1842,BMW,2012.0,4.9,Hybrid,Automatic,25422.0,3.0,2.0,313.0,61319.9
1242,Toyota,,,Diesel,Manual,,2.0,2.0,206.0,47324.75
1029,Toyota,2018.0,4.2,Diesel,Automatic,186553.0,,2.0,241.0,52309.35
1793,Ford,2007.0,1.3,Petrol,Manual,,4.0,1.0,192.0,31182.05
643,Hyundai,2013.0,2.6,Electric,Manual,126282.0,,2.0,,38367.9
1892,Tesla,13,1.0,Petrol,Automatic,51638.0,,2.0,150.0,37128.1
613,Honda,,1.9,hybrid,Automatic,,,2.0,242.0,45163.9
1763,Hyundai,2015.0,,Hybrid,Manual,112631.0,,2.0,190.0,45316.45
961,Ford,2008.0,2.6,Hybrid,Manual,,3.0,3.0,340.0,43549.45
1571,Toyota,2020.0,3.6,Hybrid,Automatic,112983.0,3.0,,72.0,46233.85
726,BMW,2008.0,2.0,Hybrid,Manual,93263.0,2.0,,218.0,39367.85
684,Honda,12,4.1,Petrol,Manual,48744.0,3.0,1.0,276.0,57722.8
99,Toyota,,1000 cc,Petrol,Automatic,999999.0,2.0,1.0,,44627.4
805,Honda,2014.0,3.5,Electric,Automatic,24937.0,3.0,,,50944.15
1752,Toyota,2009.0,2.9,Hybrid,Manual,6894.0,2.0,4.0,131.0,-10000.0
1598,Toyota,2017.0,4.4,Electric,Automatic,108235.0,3.0,1.0,248.0,58533.25
407,Toyota,2016.0,3.3,Electric,Automatic,10167.0,,4.0,102.0,47317.65
503,Tesla,2008.0,1.3,Electric,Automatic,193057.0,3.0,3.0,,21525.15
1072,Toyota,2013.0,3800 cc,Petrol,Manual,,4.0,2.0,218.0,0.0
1057,BMW,,1.4,Hybrid,Manual,177055.0,3.0,2.0,,27042.25
930,Toyota,2017.0,1.7,Diesel,Manual,32818.0,4.0,1.0,295.0,49991.1
780,Honda,23,1.5,Petrol,Automatic,52367.0,2.0,,78.0,37139.65
201,Toyota,,3.4,Electric,Manual,48988.0,2.0,4.0,227.0,45666.6
135,Toyota,2020.0,3.2,Petrol,Automatic,194492.0,4.0,3.0,282.0,51130.4
1052,Tesla,2013.0,,Hybrid,Manual,24924.0,,,202.0,40338.8
41,Toyota,,,Petrol,Automatic,187877.0,,1.0,273.0,45931.15
1018,Ford,2021.0,2.6,Hybrid,Manual,24464.0,4.0,,85.0,45082.8
231,Tesla,8,,Petrol,Manual,189332.0,4.0,,268.0,36941.4
1514,Toyota,2006.0,4.6,Petrol,Automatic,87681.0,,4.0,227.0,44877.95
1797,Tesla,2014.0,3.2,Petrol,Manual,130520.0,4.0,,225.0,45296.0
379,Honda,,3200 cc,Electric,Manual,175842.0,4.0,4.0,134.0,37663.9
289,BMW,,1.3,Hybrid,Automatic,50798.0,,4.0,345.0,50307.1
419,Tesla,2005.0,,Diesel,Manual,180746.0,4.0,2.0,,42015.7
1699,Toyota,2019.0,1.8,Hybrid,Automatic,,4.0,3.0,142.0,37828.3
392,BMW,2007.0,1.3,Electric,Automatic,,2.0,3.0,239.0,34457.95
593,Toyota,2023.0,3.3,Petrol,Automatic,40790.0,3.0,3.0,345.0,60679.5
1523,Toyota,2021.0,1.8,Petrol,Automatic,184066.0,3.0,4.0,343.0,46671.7
1163,Ford,11,4900 cc,Hybrid,Automatic,176890.0,4.0,1.0,205.0,52670.5
1087,Toyota,2016.0,2.9,Electric,Automatic,38359.0,2.0,2.0,127.0,46635.05
1496,Hyundai,2021.0,3.0,Petrol,Automatic,33523.0,2.0,,257.0,57129.85
648,Toyota,2018.0,2.4,Diesel,Automatic,107320.0,4.0,,272.0,44564.0
1153,Tesla,2015.0,1300 cc,Petrol,Automatic,40561.0,,4.0,260.0,40643.95
1368,Hyundai,,2500 cc,DIESEL,Automatic,125118.0,2.0,,175.0,37383.1
521,Toyota,,2.8,Diesel,Manual,43314.0,4.0,3.0,174.0,-10000.0
1863,Honda,,1.5,Hybrid,Automatic,33810.0,4.0,,198.0,34045.5
65,Toyota,2011.0,2.1,Diesel,Automatic,140797.0,4.0,2.0,398.0,46974.15
1837,Honda,,2.6,Electric,Automatic,,4.0,,82.0,43660.4
15,Honda,,2300 cc,Petrol,Automatic,,4.0,2.0,313.0,46711.45
1181,Hyundai,2020.0,3800 cc,Diesel,Manual,17834.0,2.0,2.0,,58010.3
1065,Honda,2013.0,3.4,Electric,Manual,6212.0,4.0,3.0,84.0,47006.4
493,Tesla,2023.0,4.2,ELECTRIC,Manual,127402.0,,3.0,,65814.9
380,BMW,8,1200 cc,Diesel,Manual,30457.0,4.0,3.0,364.0,42125.15
188,Toyota,10,4.8,diesel,Manual,68295.0,,2.0,87.0,44249.25
764,Hyundai,15,,Petrol,Automatic,96207.0,2.0,1.0,205.0,41817.65
217,Toyota,2018.0,4.6,Electric,Automatic,,4.0,3.0,185.0,49388.15
792,Hyundai,8,,diesel,Automatic,999999.0,4.0,,148.0,27019.1
1077,Tesla,2020.0,1200 cc,Electric,Manual,,4.0,1.0,383.0,49996.35
879,Honda,2010.0,3.5,Hybrid,Manual,,,2.0,79.0,34489.45
338,Honda,2023.0,,Petrol,Automatic,43598.0,2.0,4.0,161.0,46896.1
1773,Honda,2019.0,1.7,Petrol,Automatic,128425.0,3.0,1.0,144.0,39726.75
720,Toyota,2010.0,1.7,Electric,Manual,89739.0,4.0,1.0,,34819.05
1749,BMW,20,4.1,ELECTRIC,Manual,88391.0,3.0,1.0,376.0,-10000.0
296,Ford,2008.0,1.9,HYBRID,Automatic,87600.0,3.0,4.0,,32609.0
1726,Honda,2014.0,2.7,Diesel,Manual,179012.0,4.0,2.0,230.0,39819.4
1017,Honda,2016.0,4.3,Diesel,Automatic,115814.0,4.0,3.0,370.0,58468.3
1276,Ford,2015.0,,Petrol,Automatic,94233.0,3.0,1.0,258.0,49498.35
1751,Honda,2015.0,5.0,Diesel,Automatic,21702.0,4.0,4.0,361.0,64054.899999999994
1486,Toyota,2012.0,3.9,diesel,Automatic,189627.0,,1.0,390.0,56753.65
456,Honda,2005.0,1.7,Hybrid,Automatic,,4.0,3.0,376.0,39195.55
1997,Toyota,23,1400 cc,Petrol,Manual,,,4.0,,48467.8
816,Ford,,1.8,electric,Automatic,142852.0,2.0,3.0,5000.0,32235.4
1887,Honda,2016.0,1.3,Diesel,Automatic,,,4.0,306.0,40435.6
270,Honda,,2300 cc,Petrol,Manual,999999.0,2.0,2.0,246.0,43348.85
996,Tesla,,1.6,Hybrid,Automatic,9722.0,4.0,2.0,255.0,38109.9
202,Ford,2019.0,1.6,diesel,Manual,103421.0,3.0,3.0,167.0,-10000.0
162,Honda,2005.0,3.6,Electric,Automatic,18746.0,2.0,4.0,182.0,39564.7
1580,Tesla,2016.0,3.7,Diesel,Manual,121047.0,4.0,1.0,156.0,46957.65
730,Honda,2020.0,4.0,hybrid,Automatic,64052.0,,2.0,85.0,53795.4
402,Honda,22,2.6,Electric,Automatic,134380.0,3.0,1.0,390.0,59036.0
703,Ford,6,3.9,Hybrid,Automatic,22158.0,4.0,3.0,282.0,51553.1
1501,Tesla,2022.0,,Electric,Automatic,111968.0,3.0,2.0,95.0,53406.6
1846,Ford,2014.0,3.5,petrol,Manual,114384.0,3.0,1.0,,59195.8
1796,Ford,2017.0,4.3,DIESEL,Automatic,22634.0,2.0,3.0,,63408.3
1130,BMW,23,3.7,Electric,Manual,10782.0,2.0,2.0,270.0,66484.9
566,BMW,2021.0,4.6,Diesel,Automatic,174845.0,2.0,4.0,155.0,48205.75
1414,Honda,2017.0,3.4,hybrid,Automatic,5296.0,2.0,3.0,99.0,48296.2
1022,Tesla,2017.0,3.7,Petrol,Automatic,47299.0,4.0,,262.0,59780.05
1026,Tesla,,1.6,Petrol,Manual,999999.0,4.0,1.0,84.0,30252.75
1412,Toyota,2007.0,1.4,Petrol,Manual,187088.0,4.0,3.0,284.0,32764.6
1896,Ford,2009.0,4.7,Diesel,Manual,153117.0,2.0,1.0,376.0,58526.15
1586,BMW,9,2700 cc,Diesel,Automatic,22669.0,3.0,,157.0,41872.55
1105,Hyundai,2013.0,1.4,Hybrid,Automatic,192197.0,2.0,,311.0,37841.15
206,Honda,2021.0,1.9,Petrol,Manual,,2.0,4.0,102.0,41738.35
35,Tesla,2006.0,2.6,Diesel,Manual,107547.0,2.0,2.0,128.0,35642.65
776,Honda,2010.0,4200 cc,Hybrid,Manual,83210.0,2.0,2.0,,58232.5
509,Ford,11,2.5,Electric,Manual,49458.0,2.0,2.0,,41434.1
1452,Honda,,2.6,HYBRID,Manual,128152.0,4.0,3.0,326.0,38483.4
1479,Honda,,2.4,Electric,Manual,163486.0,,4.0,329.0,34187.7
1971,Honda,2023.0,1200 cc,Diesel,Automatic,158048.0,4.0,,287.0,44734.6
1391,Honda,2023.0,1.5,electric,Automatic,47623.0,2.0,2.0,274.0,48810.85
92,Hyundai,2015.0,1400 cc,Petrol,Manual,,,,312.0,40745.6
1364,BMW,17,1.2,Electric,Automatic,28212.0,3.0,2.0,384.0,53642.4
898,Honda,,,Diesel,Manual,,3.0,3.0,306.0,46016.05
565,Hyundai,2012.0,5.0,Petrol,Manual,,,3.0,127.0,49005.1
1370,Tesla,2021.0,,PETROL,Automatic,121481.0,,1.0,265.0,44144.95
777,Toyota,2021.0,1.4,Diesel,Automatic,179166.0,2.0,4.0,,37346.7
242,BMW,2020.0,3.1,Hybrid,Manual,,3.0,1.0,305.0,56026.25
14,Hyundai,2007.0,3.7,Diesel,Manual,78535.0,,,271.0,46273.25
316,Ford,,4100 cc,Petrol,Manual,144011.0,,1.0,356.0,61395.45
601,Toyota,2020.0,4900 cc,Petrol,Automatic,159219.0,3.0,,247.0,60238.05
388,Honda,,4.3,Hybrid,Manual,5559.0,,3.0,241.0,61540.05
1298,Tesla,2014.0,2.9,Electric,Automatic,20522.0,,,323.0,54452.9
167,Tesla,9,,Diesel,Manual,160925.0,4.0,2.0,231.0,33193.75
841,Hyundai,2021.0,1300 cc,Electric,Automatic,144190.0,4.0,3.0,,48872.5
21,Hyundai,2016.0,3.5,Hybrid,Automatic,71188.0,4.0,4.0,122.0,47823.6
647,Honda,2012.0,,Petrol,Automatic,90677.0,4.0,2.0,374.0,44292.15
1843,BMW,2009.0,,Petrol,Automatic,145316.0,4.0,2.0,363.0,42089.2
1509,Toyota,2022.0,4600 cc,Petrol,Manual,139042.0,2.0,3.0,364.0,65606.9
1155,Honda,,2.5,Diesel,Manual,29395.0,2.0,4.0,221.0,47161.25
1529,Toyota,16,,Hybrid,Automatic,,,3.0,337.0,57703.9
832,Tesla,2011.0,3.1,Electric,Manual,128911.0,2.0,1.0,122.0,39145.45
1268,Ford,2005.0,2600 cc,Petrol,Automatic,50783.0,3.0,3.0,274.0,40903.85
1591,Toyota,,2.1,Petrol,Manual,21059.0,,2.0,122.0,39700.05
1900,Tesla,2020.0,4000 cc,Petrol,Automatic,29918.0,2.0,4.0,76.0,50186.1
563,Hyundai,2006.0,,Electric,Automatic,15846.0,2.0,3.0,,47956.7
1952,Honda,,,Petrol,Manual,100028.0,,2.0,358.0,56333.6
687,Hyundai,2006.0,1100 cc,Petrol,Automatic,28671.0,2.0,4.0,179.0,27636.449999999997
958,BMW,2009.0,2200 cc,PETROL,Manual,,2.0,1.0,225.0,43191.45
190,Tesla,2022.0,,Diesel,Manual,74409.0,2.0,1.0,363.0,56825.55
1807,Tesla,2007.0,4.7,Electric,Manual,49324.0,4.0,1.0,138.0,50680.8
976,BMW,2013.0,4.3,Diesel,Manual,161189.0,,,,46469.55
700,Hyundai,21,2.1,Diesel,Manual,88551.0,4.0,1.0,121.0,41948.45
1500,Tesla,2012.0,3.3,hybrid,Manual,118884.0,2.0,2.0,332.0,51172.8
1706,Tesla,2019.0,3.1,Diesel,Manual,27149.0,4.0,3.0,370.0,59199.55
511,Ford,,1800 cc,Hybrid,Manual,144152.0,3.0,1.0,99.0,29414.4
1083,Honda,2009.0,2.4,Petrol,Manual,42905.0,4.0,2.0,340.0,47188.75
475,Hyundai,2016.0,,Electric,Automatic,50167.0,,,209.0,60804.65
1585,BMW,2022.0,,Diesel,Manual,145508.0,4.0,4.0,5000.0,47366.6
857,Ford,2021.0,2.4,Hybrid,Manual,120640.0,4.0,2.0,267.0,51425.0
748,Tesla,,1.7,electric,Manual,30825.0,2.0,3.0,167.0,33526.75
253,Ford,2018.0,,Petrol,Manual,172022.0,2.0,1.0,264.0,50180.9
22,Toyota,2021.0,1.8,Diesel,Automatic,191023.0,,,,37807.85
1338,Tesla,2011.0,4.2,Electric,Automatic,121378.0,2.0,,308.0,54468.1
460,Tesla,2018.0,4.3,ELECTRIC,Manual,138180.0,2.0,1.0,259.0,59191.0
1185,Honda,9,3.9,Hybrid,Manual,,,,382.0,56289.6
277,Toyota,2014.0,,Diesel,Automatic,66358.0,3.0,3.0,100.0,33532.1
956,Tesla,,1.0,petrol,Automatic,71540.0,3.0,1.0,317.0,40862.0
1216,Tesla,,3.3,Hybrid,Manual,129579.0,3.0,,254.0,49002.05
386,Honda,,4600 cc,Electric,Manual,173161.0,2.0,4.0,5000.0,56640.95
806,BMW,2011.0,2.0,Hybrid,Automatic,,,3.0,310.0,34893.9
1438,Hyundai,2005.0,1.7,Hybrid,Manual,112211.0,,1.0,388.0,40246.45
1516,Tesla,2013.0,4.2,Hybrid,Automatic,185249.0,4.0,1.0,,49620.55
344,Hyundai,2018.0,4.6,Hybrid,Manual,18285.0,3.0,1.0,156.0,57978.75
770,BMW,22,3.6,Electric,Manual,90481.0,4.0,3.0,,48096.95
1333,Toyota,2021.0,,Hybrid,Manual,126906.0,,,394.0,48716.7
1686,Honda,2013.0,2.8,Electric,Manual,147394.0,4.0,1.0,143.0,37313.3
131,BMW,2022.0,1300 cc,Hybrid,Manual,,3.0,1.0,334.0,46715.4
1688,Toyota,,3.0,Hybrid,Manual,,3.0,1.0,365.0,58237.15
872,Toyota,2020.0,3000 cc,petrol,Manual,176669.0,4.0,1.0,178.0,48273.55
1124,Toyota,2010.0,,Diesel,Manual,13007.0,4.0,4.0,99.0,44833.65
1397,BMW,2008.0,3700 cc,Petrol,Manual,108069.0,2.0,,181.0,41675.55
88,Tesla,2013.0,,Hybrid,Manual,,,1.0,,50633.3
1483,Hyundai,,3.8,ELECTRIC,Manual,198481.0,3.0,1.0,78.0,-10000.0
331,Tesla,2014.0,3.6,Hybrid,Automatic,,2.0,4.0,,-10000.0
1239,Toyota,2009.0,,Hybrid,Automatic,71267.0,3.0,2.0,221.0,34343.65
467,Toyota,,4200 cc,Diesel,Automatic,,4.0,3.0,382.0,61327.3
122,Toyota,2016.0,4.2,Diesel,Automatic,84198.0,,2.0,110.0,51050.1
1639,Ford,2005.0,2.0,Diesel,Automatic,182505.0,4.0,3.0,146.0,26367.75
1045,Toyota,2007.0,3.2,Diesel,Automatic,85981.0,2.0,,350.0,46645.95
1725,BMW,2018.0,4700 cc,Petrol,Manual,131204.0,3.0,1.0,161.0,56239.8
1096,BMW,2012.0,2.2,Electric,Manual,13625.0,4.0,3.0,319.0,46333.75
1131,Tesla,2014.0,3.2,Petrol,Manual,71770.0,4.0,1.0,176.0,45675.5
1295,BMW,,3.3,Petrol,Automatic,27414.0,2.0,1.0,329.0,52070.3
861,Ford,18,1.3,Diesel,Automatic,174807.0,4.0,,,41156.65
1460,BMW,,4800 cc,diesel,Automatic,182132.0,4.0,2.0,5000.0,55086.4
1127,Tesla,,1.1,electric,Automatic,,3.0,2.0,252.0,42532.65
572,Toyota,2016.0,2.9,Diesel,Automatic,140383.0,3.0,3.0,201.0,46029.85
1765,Ford,2020.0,4.3,Electric,Manual,75382.0,3.0,2.0,370.0,-10000.0
1038,Honda,12,2.3,Petrol,Manual,170413.0,3.0,3.0,329.0,41822.35
1980,Ford,2023.0,3.9,Petrol,Manual,177614.0,3.0,4.0,144.0,49746.3
948,BMW,2016.0,4700 cc,hybrid,Automatic,42405.0,3.0,2.0,272.0,61574.75
832,Tesla,2011.0,3.1,Electric,Manual,128911.0,2.0,1.0,122.0,39145.45
1943,Toyota,2021.0,1200 cc,Diesel,Automatic,23895.0,2.0,3.0,301.0,-10000.0
1813,Ford,17,2.2,Electric,Manual,47875.0,3.0,2.0,398.0,55329.25
579,BMW,2005.0,4.0,diesel,Automatic,97416.0,2.0,3.0,247.0,46869.2
812,Toyota,2014.0,2.4,Electric,Manual,25047.0,4.0,2.0,362.0,0.0
165,Toyota,2018.0,1.6,Hybrid,Automatic,122408.0,4.0,1.0,344.0,47706.6
1831,Hyundai,2009.0,2.1,Electric,Automatic,196083.0,2.0,3.0,358.0,35836.85
1954,Honda,2008.0,2.2,Hybrid,Manual,102551.0,2.0,2.0,251.0,39582.45
277,Toyota,2014.0,1.3,Diesel,Automatic,66358.0,3.0,3.0,100.0,33532.1
225,BMW,9,1.2,Hybrid,Manual,33343.0,2.0,2.0,211.0,34294.85
272,Ford,2011.0,2.8,Electric,Automatic,52780.0,3.0,1.0,5000.0,47700.0
427,Honda,2019.0,2.6,Electric,Automatic,80117.0,4.0,2.0,182.0,48797.15
1400,Honda,2007.0,2500 cc,Diesel,Automatic,88609.0,2.0,3.0,105.0,34114.55
1442,Tesla,2019.0,2700 cc,Hybrid,Manual,193328.0,3.0,1.0,249.0,46163.6
1779,Tesla,2016.0,4.6,Diesel,Automatic,199382.0,4.0,4.0,168.0,48544.9
1726,Honda,2014.0,2.7,Diesel,Manual,179012.0,4.0,2.0,230.0,39819.4
1825,Tesla,2005.0,1600 cc,electric,Automatic,36357.0,2.0,2.0,353.0,43580.15
563,Hyundai,2006.0,3200 cc,electric,Automatic,15846.0,2.0,3.0,280.0,47956.7
313,Toyota,2006.0,1.3,Electric,Automatic,51300.0,2.0,1.0,365.0,0.0
1327,Hyundai,2023.0,1200 cc,Petrol,Manual,117454.0,2.0,3.0,397.0,53548.3
1063,Honda,2015.0,3.7,Electric,Automatic,23344.0,2.0,3.0,181.0,48657.8
596,Toyota,2009.0,1.9,hybrid,Automatic,19260.0,2.0,1.0,220.0,41571.0
1368,Hyundai,2011.0,2.5,Diesel,Automatic,125118.0,2.0,2.0,175.0,37383.1
327,Tesla,2007.0,4.0,Petrol,Automatic,53002.0,2.0,4.0,174.0,0.0
360,Ford,2006.0,1800 cc,Diesel,Manual,198609.0,2.0,2.0,116.0,25114.55
446,Hyundai,2019.0,4.8,Hybrid,Manual,139847.0,4.0,2.0,88.0,0.0
1651,Honda,11,3.9,Electric,Automatic,153890.0,3.0,1.0,176.0,45953.5
418,Honda,2013.0,3300 cc,Hybrid,Manual,169329.0,3.0,4.0,194.0,42988.55
898,Honda,2005.0,3.1,DIESEL,Manual,84459.0,3.0,3.0,306.0,-10000.0
1798,Toyota,2008.0,1.3,Electric,Automatic,29561.0,3.0,1.0,370.0,43863.95
936,Hyundai,2005.0,1.4,Hybrid,Manual,148115.0,4.0,3.0,158.0,22859.25
1319,Toyota,2008.0,4.9,Hybrid,Automatic,169486.0,3.0,4.0,244.0,43917.7
1375,BMW,2021.0,3.3,Electric,Manual,21375.0,4.0,3.0,162.0,53547.25
661,Ford,2023.0,2800 cc,petrol,Automatic,148008.0,2.0,3.0,184.0,45422.6
1459,BMW,2010.0,1600 cc,Diesel,Manual,148635.0,4.0,3.0,221.0,34788.25
692,Ford,2006.0,3.4,Electric,Automatic,185119.0,3.0,2.0,165.0,32317.050000000003
1942,Toyota,7,2.6,electric,Manual,184884.0,4.0,3.0,198.0,31593.800000000003
1479,Honda,2006.0,2.4,Electric,Manual,163486.0,3.0,4.0,329.0,34187.7
594,Tesla,2015.0,1.7,Hybrid,Manual,56012.0,4.0,3.0,231.0,0.0
1391,Honda,2023.0,1.5,Electric,Automatic,47623.0,2.0,2.0,274.0,48810.85
1294,Tesla,2017.0,4.0,Diesel,Manual,6995.0,2.0,2.0,344.0,63310.25
902,Hyundai,2011.0,1.2,Electric,Manual,74165.0,2.0,2.0,315.0,39232.75
695,Ford,2017.0,4.4,Petrol,Automatic,101748.0,3.0,1.0,357.0,65616.6
1589,Hyundai,2006.0,1.9,ELECTRIC,Manual,137915.0,2.0,1.0,285.0,38276.25
17,Tesla,2007.0,2.5,Petrol,Automatic,139693.0,4.0,3.0,355.0,40811.35
1632,Tesla,2019.0,4.8,Electric,Automatic,193844.0,3.0,4.0,262.0,51634.8
497,Honda,2018.0,3.5,Electric,Manual,196385.0,2.0,3.0,75.0,37587.75
1421,Hyundai,2014.0,4200 cc,Petrol,Manual,40036.0,3.0,2.0,266.0,60414.2
297,Tesla,2022.0,2.4,Petrol,Manual,101099.0,2.0,3.0,252.0,47297.05
1184,Tesla,2011.0,3.0,Diesel,Manual,139955.0,2.0,2.0,183.0,40705.25
1514,Toyota,2006.0,4.6,Petrol,Automatic,87681.0,3.0,4.0,227.0,44877.95
1631,Ford,2007.0,4.2,Electric,Automatic,22821.0,4.0,4.0,187.0,44846.95
868,Ford,2020.0,1.7,Diesel,Automatic,39622.0,3.0,2.0,299.0,51228.9
1340,Ford,23,4.3,ELECTRIC,Automatic,7670.0,2.0,3.0,323.0,68405.5
1287,BMW,8,2.2,Electric,Automatic,60797.0,4.0,2.0,331.0,42291.15
1884,Ford,2023.0,3.4,Petrol,Manual,78601.0,3.0,3.0,304.0,62499.95
932,Ford,22,4.0,PETROL,Manual,88591.0,3.0,1.0,292.0,61995.45
1997,Toyota,2023.0,1.4,Petrol,Manual,999999.0,2.0,4.0,271.0,48467.8
474,Toyota,2017.0,2100 cc,Petrol,Manual,70226.0,3.0,3.0,358.0,53040.7
83,Ford,2018.0,4.8,Diesel,Manual,197385.0,3.0,1.0,139.0,48448.75
484,Tesla,2009.0,4.5,Diesel,Manual,61221.0,4.0,4.0,90.0,43359.95
425,Toyota,2007.0,2.8,Diesel,Manual,39743.0,3.0,3.0,218.0,43239.85
516,Toyota,2011.0,1700 cc,Petrol,Automatic,95570.0,2.0,2.0,103.0,30635.5
236,Tesla,2018.0,3.8,Diesel,Automatic,31745.0,4.0,4.0,85.0,46690.75
719,Toyota,2014.0,1.4,Hybrid,Manual,16136.0,4.0,4.0,261.0,44455.2
955,Honda,2006.0,3.3,Petrol,Automatic,15532.0,2.0,1.0,367.0,53660.4
918,Tesla,2019.0,3.4,Diesel,Automatic,197214.0,4.0,3.0,354.0,54584.3
1807,Tesla,2007.0,4.7,Electric,Manual,49324.0,4.0,1.0,138.0,50680.8
883,BMW,2021.0,3.1,Electric,Automatic,49871.0,2.0,4.0,377.0,60280.45
1860,Honda,2007.0,3400 cc,HYBRID,Automatic,7693.0,4.0,3.0,118.0,42951.35
94,Toyota,2005.0,4.7,Hybrid,Automatic,27620.0,2.0,4.0,392.0,58769.0
743,Ford,2023.0,4.6,Petrol,Manual,60401.0,4.0,1.0,311.0,69974.95
1151,Tesla,2021.0,3300 cc,Hybrid,Automatic,53068.0,4.0,4.0,109.0,50549.6
1087,Toyota,2016.0,2.9,Electric,Automatic,38359.0,2.0,2.0,127.0,46635.05
1892,Tesla,2013.0,1.0,Petrol,Automatic,51638.0,2.0,2.0,150.0,37128.1
1771,Toyota,12,1900 cc,Electric,Automatic,195972.0,2.0,3.0,192.0,29672.4
838,Toyota,2009.0,4.9,Electric,Manual,84360.0,3.0,1.0,228.0,53557.0
541,Ford,2020.0,3.3,Petrol,Automatic,180183.0,4.0,1.0,237.0,48284.85
459,Hyundai,2005.0,3700 cc,electric,Manual,117713.0,3.0,2.0,138.0,37628.35
460,Tesla,2018.0,4.3,Electric,Manual,138180.0,2.0,1.0,259.0,59191.0
752,Hyundai,2015.0,1.5,Electric,Manual,71433.0,2.0,3.0,328.0,43468.35
705,Hyundai,20,3.5,petrol,Automatic,163660.0,2.0,4.0,5000.0,54963.0
1607,BMW,2010.0,2300 cc,Electric,Manual,67457.0,3.0,1.0,292.0,47266.15
49,Toyota,2007.0,1300 cc,Hybrid,Automatic,164869.0,4.0,3.0,89.0,18911.55
1469,Ford,2023.0,2.4,Diesel,Manual,51069.0,2.0,2.0,136.0,49092.55
370,Ford,2010.0,1.4,ELECTRIC,Manual,197581.0,2.0,2.0,262.0,31672.949999999997
137,Honda,2014.0,2500 cc,DIESEL,Automatic,175923.0,2.0,1.0,397.0,49889.85
489,Hyundai,2015.0,4.5,Diesel,Automatic,182946.0,2.0,1.0,145.0,45324.7
1418,Tesla,22,1900 cc,Diesel,Manual,170301.0,2.0,1.0,223.0,41832.95
4,Hyundai,17,2200 cc,Petrol,Automatic,51246.0,4.0,4.0,381.0,0.0
406,Ford,2020.0,4100 cc,Petrol,Manual,94520.0,3.0,4.0,242.0,54962.0
1264,Hyundai,2011.0,1.6,Electric,Manual,124833.0,2.0,1.0,339.0,41570.35
1259,Ford,2008.0,1.2,Hybrid,Manual,28555.0,3.0,4.0,167.0,29564.25
1149,BMW,2005.0,4.4,Hybrid,Automatic,25478.0,3.0,1.0,187.0,47353.1
390,Toyota,2016.0,2.0,Hybrid,Automatic,42361.0,2.0,3.0,235.0,46913.95
734,Hyundai,2023.0,4.0,Electric,Manual,90053.0,3.0,4.0,173.0,54567.35
1218,Toyota,2018.0,2.5,Petrol,Manual,36017.0,2.0,2.0,247.0,53720.15
630,Honda,2022.0,2.2,Petrol,Manual,48284.0,4.0,4.0,151.0,47885.8
1202,Ford,2012.0,1.4,Electric,Manual,66821.0,3.0,2.0,320.0,44069.95
170,Ford,22,4.3,Electric,Manual,192965.0,3.0,3.0,273.0,53163.75
114,Hyundai,2007.0,1.3,Petrol,Automatic,56977.0,2.0,1.0,191.0,-10000.0
1973,Honda,9,2.0,Diesel,Automatic,136663.0,4.0,1.0,313.0,41419.85
529,Toyota,22,2.4,hybrid,Manual,22682.0,2.0,3.0,344.0,56442.9
574,Honda,2009.0,2.4,Diesel,Manual,46616.0,4.0,1.0,116.0,-10000.0
1710,Honda,2021.0,2.7,Hybrid,Automatic,185564.0,4.0,2.0,296.0,47769.8
1758,Tesla,2008.0,4400 cc,Diesel,Manual,133676.0,2.0,4.0,244.0,44194.2
839,Toyota,2007.0,3200 cc,Diesel,Automatic,74835.0,4.0,1.0,5000.0,49841.25
575,Hyundai,2012.0,4.4,Electric,Automatic,188206.0,3.0,1.0,297.0,50185.7
1637,Honda,2008.0,4000 cc,electric,Automatic,158187.0,3.0,1.0,138.0,39417.65
650,BMW,2018.0,3500 cc,Hybrid,Manual,130261.0,3.0,3.0,314.0,-10000.0
921,BMW,12,1.5,ELECTRIC,Automatic,11704.0,2.0,2.0,156.0,35972.8
506,Honda,2012.0,4.4,diesel,Automatic,116095.0,2.0,2.0,156.0,45364.25
1161,Tesla,2011.0,1.4,Diesel,Manual,118561.0,2.0,1.0,85.0,29599.95
1680,Hyundai,2012.0,3.2,Diesel,Automatic,146129.0,2.0,4.0,101.0,35365.55
1236,Toyota,2005.0,2.6,Diesel,Automatic,47679.0,4.0,2.0,106.0,33584.05
1036,Hyundai,2018.0,2.6,Diesel,Automatic,157540.0,4.0,2.0,248.0,44909.0
1656,Honda,2020.0,4.3,Hybrid,Automatic,164465.0,4.0,3.0,85.0,45822.75
491,Tesla,2019.0,3.9,Petrol,Manual,36533.0,3.0,2.0,147.0,56320.35
97,Ford,2019.0,2700 cc,Petrol,Manual,91590.0,4.0,4.0,202.0,48477.5
710,BMW,2008.0,2.8,PETROL,Manual,140091.0,4.0,2.0,324.0,42288.45
1403,Hyundai,12,1.0,Electric,Automatic,76325.0,4.0,2.0,252.0,35909.75
746,Ford,2008.0,2.1,Diesel,Manual,55044.0,2.0,3.0,261.0,40519.8
1010,Tesla,19,2.2,ELECTRIC,Manual,123211.0,2.0,2.0,179.0,44759.45
1358,Toyota,2021.0,1.3,Hybrid,Manual,65520.0,4.0,3.0,398.0,53190.0
681,Honda,2007.0,1.1,Hybrid,Manual,25946.0,4.0,2.0,114.0,31366.7
329,Tesla,2022.0,4.0,Petrol,Manual,119614.0,4.0,2.0,293.0,58031.3
1276,Ford,2015.0,3.2,Petrol,Automatic,94233.0,3.0,1.0,258.0,49498.35
1523,Toyota,2021.0,1800 cc,Petrol,Automatic,184066.0,3.0,4.0,343.0,46671.7
150,Tesla,22,4.3,Diesel,Automatic,27228.0,3.0,2.0,372.0,70167.6
322,Toyota,14,3.5,Electric,Automatic,101160.0,4.0,4.0,184.0,44584.0
882,BMW,2023.0,4.0,Diesel,Automatic,163988.0,2.0,3.0,128.0,49379.6
722,Toyota,2008.0,1.6,electric,Automatic,167357.0,3.0,4.0,158.0,26532.15
1265,BMW,2008.0,2.9,Diesel,Manual,74002.0,3.0,2.0,231.0,43144.9
324,Ford,18,1700 cc,Hybrid,Automatic,90001.0,4.0,3.0,334.0,49120.95
1694,BMW,2015.0,3.7,Hybrid,Manual,144317.0,4.0,1.0,380.0,56404.15
104,Toyota,2019.0,3.9,Hybrid,Manual,137767.0,2.0,1.0,292.0,56146.65
1217,BMW,2014.0,3.9,Hybrid,Manual,69680.0,2.0,4.0,214.0,52181.0
1554,BMW,2015.0,4.5,Diesel,Manual,109060.0,3.0,4.0,357.0,55962.0
963,Toyota,9,3.2,Petrol,Automatic,114920.0,3.0,2.0,289.0,44518.0
940,Honda,2020.0,1.7,DIESEL,Automatic,154598.0,2.0,1.0,319.0,49241.1
1024,Toyota,2022.0,1.3,Hybrid,Automatic,78545.0,2.0,1.0,301.0,-10000.0
1207,Toyota,2019.0,4.3,Diesel,Manual,180778.0,3.0,1.0,120.0,47515.1
557,Tesla,20,3.9,Electric,Automatic,66562.0,4.0,1.0,213.0,55580.9
1543,BMW,2023.0,1100 cc,Diesel,Automatic,73580.0,3.0,1.0,278.0,0.0
977,Toyota,6,4.7,electric,Manual,103662.0,4.0,2.0,254.0,50078.9
1506,Ford,2008.0,3.2,hybrid,Automatic,44767.0,4.0,4.0,194.0,39301.65
848,Honda,2008.0,2400 cc,Diesel,Manual,5386.0,2.0,4.0,200.0,-10000.0
397,BMW,2009.0,4.2,Electric,Automatic,168616.0,4.0,4.0,174.0,38914.2
644,Tesla,2019.0,4.3,Hybrid,Manual,188744.0,3.0,4.0,259.0,50557.8
674,Honda,2012.0,4.1,Petrol,Manual,104714.0,2.0,4.0,308.0,52212.3
1431,Hyundai,2022.0,2.0,diesel,Manual,27588.0,3.0,2.0,245.0,54487.6
871,Honda,2006.0,1.9,Electric,Manual,138669.0,2.0,3.0,5000.0,31616.550000000003
1766,Honda,2006.0,2.3,Petrol,Manual,21651.0,3.0,4.0,399.0,47160.45
392,BMW,2007.0,1.3,Electric,Automatic,20261.0,2.0,3.0,239.0,34457.95
1323,Toyota,2021.0,1.5,Electric,Manual,97508.0,2.0,2.0,315.0,48990.6
1664,BMW,2013.0,3.9,Diesel,Automatic,60162.0,2.0,2.0,183.0,48901.9
1049,Tesla,2017.0,1.2,Diesel,Manual,77577.0,3.0,3.0,81.0,32451.15
1505,Hyundai,2019.0,3.5,Diesel,Manual,87001.0,3.0,1.0,338.0,59543.95
133,Tesla,2010.0,4.7,Hybrid,Automatic,49135.0,3.0,3.0,332.0,59547.25
1417,Toyota,2020.0,2.6,Hybrid,Automatic,61782.0,3.0,2.0,236.0,54600.9
1355,Ford,2011.0,3.1,Hybrid,Manual,79191.0,2.0,4.0,245.0,44424.45
714,BMW,2007.0,4.7,Electric,Automatic,124712.0,2.0,2.0,134.0,44962.4
21,Hyundai,2016.0,3.5,Hybrid,Automatic,71188.0,4.0,4.0,122.0,47823.6
172,Ford,13,1.4,Electric,Manual,63182.0,4.0,4.0,271.0,39943.9
1470,BMW,10,3.4,Petrol,Manual,105854.0,4.0,3.0,127.0,36648.3
567,Hyundai,2019.0,2500 cc,Petrol,Manual,134789.0,4.0,4.0,124.0,38790.55
1142,Ford,2017.0,1500 cc,Hybrid,Manual,193392.0,3.0,4.0,355.0,44139.4
1387,BMW,15,4.4,Electric,Automatic,999999.0,2.0,2.0,249.0,55196.05
187,Hyundai,2023.0,3.0,diesel,Automatic,196252.0,4.0,1.0,201.0,47620.4
989,Tesla,2020.0,2600 cc,Electric,Manual,43034.0,3.0,3.0,389.0,60895.3
1560,Hyundai,2021.0,1.6,PETROL,Manual,140009.0,3.0,2.0,256.0,45341.55
1969,Toyota,2021.0,1.8,Electric,Automatic,47687.0,2.0,2.0,155.0,44018.65
814,Hyundai,10,4.2,Petrol,Automatic,105931.0,3.0,4.0,289.0,50321.45
1808,Hyundai,2021.0,4.6,Diesel,Automatic,93356.0,4.0,4.0,319.0,63729.2
1690,BMW,2014.0,1600 cc,Electric,Manual,163814.0,2.0,1.0,392.0,44514.3
326,BMW,2006.0,4.6,Electric,Manual,12928.0,3.0,3.0,318.0,58283.6
1829,Toyota,2013.0,2.7,Petrol,Automatic,64567.0,3.0,4.0,311.0,50944.65
1244,BMW,2008.0,2400 cc,Diesel,Automatic,999999.0,4.0,4.0,100.0,31390.449999999997
1284,Tesla,2016.0,3.3,petrol,Manual,33834.0,4.0,4.0,356.0,56084.3
823,Honda,22,4200 cc,Diesel,Automatic,43165.0,3.0,3.0,151.0,55372.75
916,Honda,2013.0,5.0,Petrol,Manual,20588.0,2.0,1.0,392.0,69174.6
550,BMW,2021.0,1.3,Diesel,Automatic,79877.0,4.0,3.0,252.0,44394.15
1494,BMW,2023.0,2.2,HYBRID,Manual,142098.0,3.0,2.0,342.0,51631.1
478,Hyundai,2022.0,2.4,Electric,Manual,72381.0,2.0,3.0,221.0,50761.95
514,BMW,2009.0,2.1,Petrol,Automatic,101188.0,3.0,4.0,124.0,32855.6
1006,Tesla,2005.0,3.6,PETROL,Manual,29154.0,3.0,4.0,263.0,43909.3
1447,Toyota,9,1200 cc,Petrol,Manual,145118.0,3.0,4.0,339.0,32995.1
501,Toyota,2020.0,1200 cc,Electric,Manual,25601.0,4.0,3.0,327.0,49521.95
1177,Ford,2012.0,3.5,Petrol,Automatic,176252.0,3.0,1.0,307.0,49414.4
1526,Ford,2013.0,3.2,Petrol,Automatic,61344.0,4.0,1.0,298.0,54628.8
919,Honda,2020.0,3.6,Diesel,Manual,69373.0,2.0,3.0,399.0,60524.350000000006
1914,Honda,14,3.4,Petrol,Manual,133279.0,4.0,4.0,148.0,39473.05
218,Honda,2013.0,2.0,Diesel,Automatic,174169.0,2.0,3.0,329.0,42926.55
1652,Toyota,2005.0,3.0,Hybrid,Manual,166929.0,4.0,1.0,242.0,38945.55
984,Ford,2013.0,4000 cc,Electric,Manual,14628.0,2.0,1.0,99.0,52233.6
