numeric__Model_Year,numeric__Mileage,numeric__Engine_Size,horsepower__Horsepower,other_numeric__Doors,other_numeric__Owner_Count,other_numeric__Owner_Count,categorical__Brand_BMW,categorical__Brand_Ford,categorical__Brand_Honda,categorical__Brand_Hyundai,categorical__Brand_Tesla,categorical__Brand_Toyota,categorical__Transmission_Automatic,categorical__Transmission_Manual,categorical__Fuel_Type_diesel,categorical__Fuel_Type_electric,categorical__Fuel_Type_hybrid,categorical__Fuel_Type_petrol
0.0,0.5995865916942513,0.7857142857142853,1.4509550403698441,0.0,0.0,0.0,0.0,1.0,0.0,0.0,0.0,0.0,0.0,1.0,0.0,0.0,0.0,1.0
0.0,-0.016608606409274224,-1.1428571428571426,1.925444435541173,1.0,0.6666666666666667,0.6666666666666667,0.0,0.0,1.0,0.0,0.0,0.0,0.0,1.0,1.0,0.0,0.0,0.0
0.6,0.431534669923823,0.42857142857142855,0.11052249901084003,0.0,0.3333333333333333,0.3333333333333333,0.0,0.0,0.0,0.0,1.0,0.0,1.0,0.0,0.0,1.0,0.0,0.0
0.0,0.0,0.0,-0.9333541703660835,0.0,0.0,0.0,0.0,0.0,1.0,0.0,0.0,0.0,0.0,1.0,1.0,0.0,0.0,0.0
0.6,-0.9916161951981035,0.0,-0.04368655441984186,1.0,0.3333333333333333,0.3333333333333333,0.0,0.0,1.0,0.0,0.0,0.0,0.0,1.0,0.0,0.0,1.0,0.0
0.6,1.2175452797733481,0.6428571428571427,1.4509550403698441,0.0,0.3333333333333333,0.3333333333333333,0.0,0.0,0.0,0.0,1.0,0.0,1.0,0.0,0.0,1.0,0.0,0.0
0.0,0.4772264060941588,-0.2142857142857141,-0.18603337297124053,0.0,0.3333333333333333,0.3333333333333333,1.0,0.0,0.0,0.0,0.0,0.0,1.0,0.0,0.0,0.0,1.0,0.0
0.2,0.0,-1.1428571428571426,0.9290167056813824,0.0,1.0,1.0,0.0,0.0,0.0,1.0,0.0,0.0,0.0,1.0,0.0,0.0,0.0,1.0
0.6,-1.0456483716627398,0.5,-1.2536345121067305,0.0,1.0,1.0,0.0,1.0,0.0,0.0,0.0,0.0,0.0,1.0,1.0,0.0,0.0,0.0
-0.4,-0.15729752388661628,1.2142857142857142,-0.09113549393697475,0.5,1.0,1.0,0.0,0.0,0.0,0.0,0.0,1.0,0.0,1.0,0.0,0.0,0.0,1.0
1.6,0.18571573119787224,-0.5714285714285712,-1.2061855725895976,0.5,1.0,1.0,0.0,0.0,0.0,0.0,1.0,0.0,1.0,0.0,0.0,1.0,0.0,0.0
0.0,-1.3681502146543125,-1.2857142857142854,-0.09113549393697475,0.0,1.0,1.0,0.0,0.0,0.0,1.0,0.0,0.0,0.0,1.0,0.0,0.0,0.0,1.0
0.2,1.0345615125540248,0.14285714285714296,1.8424087913861904,0.0,0.0,0.0,0.0,0.0,0.0,1.0,0.0,0.0,1.0,0.0,1.0,0.0,0.0,0.0
-0.2,1.3977248088347958,0.42857142857142855,0.9290167056813824,1.0,0.0,0.0,1.0,0.0,0.0,0.0,0.0,0.0,0.0,1.0,0.0,1.0,0.0,0.0
-1.2,0.0,-1.214285714285714,-0.6130738286254366,1.0,1.0,1.0,0.0,0.0,1.0,0.0,0.0,0.0,1.0,0.0,0.0,1.0,0.0,0.0
0.4,-0.6362151457770197,0.5714285714285712,1.818684321627624,1.0,0.6666666666666667,0.6666666666666667,0.0,0.0,0.0,1.0,0.0,0.0,0.0,1.0,1.0,0.0,0.0,0.0
0.6,-0.728783914658649,0.0,0.27659378732080514,1.0,0.0,0.0,0.0,0.0,0.0,1.0,0.0,0.0,1.0,0.0,0.0,0.0,0.0,1.0
0.0,0.0,0.2857142857142856,-0.16230890321267408,0.0,1.0,1.0,0.0,1.0,0.0,0.0,0.0,0.0,1.0,0.0,0.0,0.0,1.0,0.0
1.8,-1.2589583845275436,-0.2142857142857141,-0.09113549393697475,0.0,1.0,1.0,0.0,0.0,0.0,0.0,0.0,1.0,0.0,1.0,0.0,1.0,0.0,0.0
0.8,-0.9670718838987583,0.14285714285714296,0.3003182570793716,0.0,1.0,1.0,0.0,0.0,0.0,1.0,0.0,0.0,0.0,1.0,0.0,1.0,0.0,0.0
1.6,0.527760512279383,1.1428571428571423,1.54585291940411,0.0,0.6666666666666667,0.6666666666666667,0.0,0.0,0.0,0.0,0.0,1.0,0.0,1.0,0.0,0.0,0.0,1.0
0.0,0.3677165695783524,-0.8571428571428569,-1.2180478074688807,0.5,0.3333333333333333,0.3333333333333333,0.0,0.0,0.0,1.0,0.0,0.0,1.0,0.0,0.0,1.0,0.0,0.0
-0.6,1.0866133765051098,-0.2857142857142856,0.07493579437299036,1.0,0.3333333333333333,0.3333333333333333,0.0,0.0,0.0,0.0,1.0,0.0,0.0,1.0,0.0,1.0,0.0,0.0
-0.2,-0.14878362556193175,-1.214285714285714,-1.7399861421573426,1.0,0.3333333333333333,0.3333333333333333,1.0,0.0,0.0,0.0,0.0,0.0,0.0,1.0,0.0,1.0,0.0,0.0
1.6,0.8627946979662046,-0.8571428571428569,0.2528693175622387,1.0,1.0,1.0,0.0,0.0,0.0,0.0,0.0,1.0,1.0,0.0,1.0,0.0,0.0,0.0
0.0,1.238143420881456,0.0,-0.09113549393697475,0.5,0.3333333333333333,0.3333333333333333,0.0,1.0,0.0,0.0,0.0,0.0,1.0,0.0,0.0,0.0,0.0,1.0
1.4,0.0,1.357142857142857,-1.8467462560708916,0.0,1.0,1.0,0.0,0.0,0.0,0.0,1.0,0.0,0.0,1.0,0.0,1.0,0.0,0.0
0.0,-0.7960567207759356,0.8571428571428571,-0.04368655441984186,0.5,0.0,0.0,0.0,0.0,1.0,0.0,0.0,0.0,0.0,1.0,0.0,0.0,0.0,1.0
0.0,-0.6357959555369249,0.0,1.6407507984383758,0.0,0.3333333333333333,0.3333333333333333,0.0,0.0,0.0,0.0,1.0,0.0,1.0,0.0,0.0,1.0,0.0,0.0
1.4,0.0,-0.6428571428571427,0.1461092036486897,0.0,0.3333333333333333,0.3333333333333333,0.0,1.0,0.0,0.0,0.0,0.0,0.0,1.0,1.0,0.0,0.0,0.0
1.4,1.107746346540235,-1.1428571428571426,-0.09113549393697475,0.0,1.0,1.0,0.0,0.0,0.0,0.0,0.0,1.0,1.0,0.0,1.0,0.0,0.0,0.0
0.0,0.34500802243390527,0.42857142857142855,-0.04368655441984186,0.0,0.6666666666666667,0.6666666666666667,0.0,0.0,1.0,0.0,0.0,0.0,1.0,0.0,1.0,0.0,0.0,0.0
1.2,0.1510819444645206,0.42857142857142855,-1.9179196653465909,0.5,1.0,1.0,0.0,0.0,0.0,0.0,0.0,1.0,1.0,0.0,0.0,0.0,1.0,0.0
1.4,0.9915728306905075,-0.9999999999999997,1.2611592823013127,0.0,0.6666666666666667,0.6666666666666667,0.0,0.0,0.0,0.0,0.0,1.0,1.0,0.0,0.0,0.0,1.0,0.0
-1.6,0.0,0.0,0.34776719659650446,0.0,0.0,0.0,0.0,0.0,0.0,1.0,0.0,0.0,0.0,1.0,0.0,0.0,1.0,0.0
-1.8,0.6787846374004424,-0.2857142857142856,-0.5537626542290204,1.0,0.6666666666666667,0.6666666666666667,0.0,0.0,1.0,0.0,0.0,0.0,0.0,1.0,0.0,1.0,0.0,0.0
1.0,-0.3561237912143508,-0.42857142857142855,-0.031824319540558636,0.0,0.0,0.0,1.0,0.0,0.0,0.0,0.0,0.0,1.0,0.0,0.0,0.0,0.0,1.0
0.8,-0.5257368352582357,-0.7857142857142856,0.24100708268295548,0.5,0.6666666666666667,0.6666666666666667,0.0,0.0,0.0,0.0,0.0,1.0,0.0,1.0,0.0,1.0,0.0,0.0
0.6,1.3239473265781068,0.9285714285714282,-0.423278070556905,1.0,1.0,1.0,0.0,0.0,0.0,0.0,0.0,1.0,1.0,0.0,1.0,0.0,0.0,0.0
0.0,0.7994680620401555,1.4285714285714282,1.605164093800526,0.5,1.0,1.0,1.0,0.0,0.0,0.0,0.0,0.0,0.0,1.0,0.0,0.0,1.0,0.0
0.0,1.1883609661612293,0.0,1.3441949264562951,0.5,0.6666666666666667,0.6666666666666667,0.0,0.0,0.0,1.0,0.0,0.0,0.0,1.0,0.0,1.0,0.0,0.0
-0.8,0.8788395657767306,-0.5,0.3596294314757877,0.5,0.6666666666666667,0.6666666666666667,0.0,0.0,0.0,0.0,1.0,0.0,1.0,0.0,0.0,1.0,0.0,0.0
0.0,0.29195877480811205,-0.7857142857142856,-0.09113549393697475,0.5,1.0,1.0,0.0,1.0,0.0,0.0,0.0,0.0,1.0,0.0,0.0,1.0,0.0,0.0
0.0,0.0,0.6428571428571427,-0.15044666833339085,0.0,0.0,0.0,0.0,1.0,0.0,0.0,0.0,0.0,0.0,1.0,0.0,0.0,1.0,0.0
1.0,-0.1719258177823391,0.7142857142857141,-0.09113549393697475,0.0,1.0,1.0,0.0,0.0,0.0,0.0,0.0,1.0,1.0,0.0,0.0,0.0,1.0,0.0
0.0,0.5486332952689322,0.0,-0.09113549393697475,0.5,1.0,1.0,0.0,1.0,0.0,0.0,0.0,0.0,0.0,1.0,0.0,1.0,0.0,0.0
0.0,0.0,-0.42857142857142855,-0.031824319540558636,0.5,0.6666666666666667,0.6666666666666667,1.0,0.0,0.0,0.0,0.0,0.0,1.0,0.0,1.0,0.0,0.0,0.0
0.0,0.7492953267515647,-0.9285714285714284,0.027486854855857473,0.5,1.0,1.0,0.0,1.0,0.0,0.0,0.0,0.0,0.0,1.0,0.0,0.0,1.0,0.0
-1.6,0.0,0.0,-0.2809312520055063,1.0,1.0,1.0,1.0,0.0,0.0,0.0,0.0,0.0,0.0,1.0,0.0,1.0,0.0,0.0
0.0,0.0,-0.5,0.1461092036486897,0.0,0.3333333333333333,0.3333333333333333,0.0,0.0,1.0,0.0,0.0,0.0,0.0,1.0,0.0,0.0,0.0,1.0
1.8,0.0,-1.2857142857142854,1.6881997379555085,0.0,1.0,1.0,1.0,0.0,0.0,0.0,0.0,0.0,0.0,1.0,0.0,0.0,1.0,0.0
-1.8,-0.9672597967650077,-0.2857142857142856,1.1425369335084803,0.0,0.6666666666666667,0.6666666666666667,0.0,0.0,1.0,0.0,0.0,0.0,0.0,1.0,0.0,1.0,0.0,0.0
0.0,0.4715890201066767,1.4285714285714282,1.4628172752491273,1.0,1.0,1.0,0.0,1.0,0.0,0.0,0.0,0.0,0.0,1.0,0.0,1.0,0.0,0.0
0.2,-0.8211792255098943,0.42857142857142855,-1.3485323911409963,1.0,0.3333333333333333,0.3333333333333333,0.0,0.0,0.0,1.0,0.0,0.0,1.0,0.0,1.0,0.0,0.0,0.0
1.6,0.6454084213873752,-0.9999999999999997,-1.1350121633138983,0.0,0.6666666666666667,0.6666666666666667,0.0,0.0,0.0,0.0,0.0,1.0,1.0,0.0,0.0,1.0,0.0,0.0
-0.8,-0.33306832800913544,0.0,0.7866698871299836,0.0,0.6666666666666667,0.6666666666666667,1.0,0.0,0.0,0.0,0.0,0.0,1.0,0.0,0.0,1.0,0.0,0.0
0.0,0.8440756855205909,0.0,-0.031824319540558636,1.0,0.3333333333333333,0.3333333333333333,0.0,0.0,0.0,0.0,1.0,0.0,0.0,1.0,0.0,1.0,0.0,0.0
1.6,0.19755424177158468,0.0,-1.2180478074688807,0.0,0.3333333333333333,0.3333333333333333,0.0,0.0,0.0,0.0,1.0,0.0,1.0,0.0,0.0,1.0,0.0,0.0
0.0,-0.04359578496986167,0.2142857142857141,-0.04368655441984186,0.0,1.0,1.0,0.0,0.0,1.0,0.0,0.0,0.0,0.0,1.0,0.0,0.0,0.0,1.0
-1.6,-0.6780329859354447,0.0,0.8103943568885501,1.0,0.0,0.0,0.0,0.0,0.0,0.0,0.0,1.0,1.0,0.0,1.0,0.0,0.0,0.0
0.0,0.0,0.35714285714285704,1.17812363814633,0.5,1.0,1.0,0.0,1.0,0.0,0.0,0.0,0.0,0.0,1.0,1.0,0.0,0.0,0.0
0.0,0.46161518335959295,1.0,1.2967459869391622,1.0,0.6666666666666667,0.6666666666666667,0.0,0.0,0.0,1.0,0.0,0.0,0.0,1.0,1.0,0.0,0.0,0.0
-0.2,-1.3200011563868692,1.0714285714285712,-0.031824319540558636,0.0,0.6666666666666667,0.6666666666666667,1.0,0.0,0.0,0.0,0.0,0.0,0.0,1.0,1.0,0.0,0.0,0.0
0.0,0.0,0.0,-0.8977674657282338,0.5,1.0,1.0,0.0,0.0,1.0,0.0,0.0,0.0,0.0,1.0,0.0,0.0,0.0,1.0
0.0,-0.23687139532530607,0.7857142857142853,0.27659378732080514,1.0,0.6666666666666667,0.6666666666666667,0.0,0.0,0.0,1.0,0.0,0.0,1.0,0.0,0.0,0.0,1.0,0.0
0.0,0.843526401757708,0.0,0.11052249901084003,0.0,0.0,0.0,0.0,0.0,0.0,0.0,1.0,0.0,1.0,0.0,0.0,1.0,0.0,0.0
1.0,0.0,-0.07142857142857148,0.8815677661642495,0.0,0.6666666666666667,0.6666666666666667,0.0,0.0,1.0,0.0,0.0,0.0,0.0,1.0,0.0,0.0,1.0,0.0
0.0,0.0,-0.8571428571428569,0.9171544708020991,1.0,0.6666666666666667,0.6666666666666667,1.0,0.0,0.0,0.0,0.0,0.0,1.0,0.0,0.0,0.0,1.0,0.0
0.4,-0.20962402971914254,1.1428571428571423,-1.5027414445716782,0.0,1.0,1.0,1.0,0.0,0.0,0.0,0.0,0.0,1.0,0.0,0.0,0.0,0.0,1.0
0.0,-1.4017143435336292,0.9285714285714282,0.08679802925227359,0.0,0.6666666666666667,0.6666666666666667,0.0,0.0,1.0,0.0,0.0,0.0,0.0,1.0,0.0,0.0,1.0,0.0
1.2,0.0,0.0,0.07493579437299036,1.0,1.0,1.0,0.0,1.0,0.0,0.0,0.0,0.0,0.0,1.0,1.0,0.0,0.0,0.0
-0.8,-0.005492837628828725,-0.9999999999999997,-1.3485323911409963,1.0,1.0,1.0,0.0,0.0,1.0,0.0,0.0,0.0,1.0,0.0,0.0,0.0,0.0,1.0
1.6,-0.07940041340830575,0.42857142857142855,0.11052249901084003,0.0,0.6666666666666667,0.6666666666666667,0.0,0.0,0.0,0.0,1.0,0.0,1.0,0.0,0.0,1.0,0.0,0.0
0.0,0.0,0.0,0.27659378732080514,0.5,0.3333333333333333,0.3333333333333333,0.0,0.0,0.0,1.0,0.0,0.0,1.0,0.0,1.0,0.0,0.0,0.0
-1.2,1.0071551437533426,1.0714285714285712,-1.1231499284346151,0.0,1.0,1.0,0.0,0.0,1.0,0.0,0.0,0.0,0.0,1.0,0.0,0.0,0.0,1.0
-0.4,0.2058079530506931,0.07142857142857148,0.6205985988200186,0.0,1.0,1.0,0.0,0.0,0.0,1.0,0.0,0.0,1.0,0.0,0.0,0.0,1.0,0.0
0.6,0.0,1.2142857142857142,1.2730215171805959,0.0,1.0,1.0,0.0,0.0,0.0,1.0,0.0,0.0,0.0,1.0,0.0,0.0,0.0,1.0
0.2,0.0,-0.7857142857142856,-0.8265940564525345,0.5,1.0,1.0,0.0,1.0,0.0,0.0,0.0,0.0,0.0,1.0,0.0,1.0,0.0,0.0
0.0,0.0,-0.35714285714285704,-0.8265940564525345,1.0,0.0,0.0,0.0,1.0,0.0,0.0,0.0,0.0,0.0,1.0,1.0,0.0,0.0,0.0
0.0,-0.14524219077492376,0.2857142857142856,1.332332691577012,0.5,0.3333333333333333,0.3333333333333333,0.0,0.0,0.0,0.0,1.0,0.0,1.0,0.0,0.0,1.0,0.0,0.0
-1.2,0.0,0.2857142857142856,0.9052922359228159,0.5,0.0,0.0,0.0,0.0,1.0,0.0,0.0,0.0,0.0,1.0,1.0,0.0,0.0,0.0
-0.6,0.0804989809340715,1.0,1.1662614032670469,0.0,1.0,1.0,0.0,1.0,0.0,0.0,0.0,0.0,0.0,1.0,0.0,0.0,0.0,1.0
-0.6,-0.34597649643688294,0.0,-0.4351403054361882,0.5,0.3333333333333333,0.3333333333333333,0.0,1.0,0.0,0.0,0.0,0.0,1.0,0.0,0.0,1.0,0.0,0.0
0.0,0.0,0.35714285714285704,-1.6332260282437936,0.0,1.0,1.0,1.0,0.0,0.0,0.0,0.0,0.0,0.0,1.0,1.0,0.0,0.0,0.0
-1.2,0.33139156704875616,0.8571428571428571,-0.13858443345410765,0.5,1.0,1.0,0.0,0.0,0.0,0.0,0.0,1.0,0.0,1.0,0.0,0.0,0.0,1.0
0.0,0.0,-0.9999999999999997,-0.09113549393697475,1.0,0.3333333333333333,0.3333333333333333,0.0,1.0,0.0,0.0,0.0,0.0,0.0,1.0,0.0,1.0,0.0,0.0
-0.2,0.9005073647388734,0.0,1.818684321627624,0.0,1.0,1.0,0.0,0.0,1.0,0.0,0.0,0.0,1.0,0.0,1.0,0.0,0.0,0.0
0.0,-0.39386536765875024,-0.35714285714285704,-1.3959813306581292,1.0,0.6666666666666667,0.6666666666666667,0.0,1.0,0.0,0.0,0.0,0.0,1.0,0.0,0.0,0.0,1.0,0.0
0.0,-0.4792356282794409,0.14285714285714296,-0.6130738286254366,0.5,0.6666666666666667,0.6666666666666667,0.0,0.0,0.0,1.0,0.0,0.0,1.0,0.0,0.0,1.0,0.0,0.0
-0.8,0.6000780561136728,-0.35714285714285704,-0.3876913659190553,1.0,0.0,0.0,0.0,1.0,0.0,0.0,0.0,0.0,0.0,1.0,1.0,0.0,0.0,0.0
-0.8,-0.3735563232679493,-0.2857142857142856,0.05121132461442392,0.5,1.0,1.0,1.0,0.0,0.0,0.0,0.0,0.0,0.0,1.0,0.0,1.0,0.0,0.0
0.0,-1.1543921018776833,-0.2142857142857141,-0.9096297006075171,0.5,1.0,1.0,1.0,0.0,0.0,0.0,0.0,0.0,1.0,0.0,1.0,0.0,0.0,0.0
0.8,0.09611020366863735,1.4285714285714282,0.5138384849064696,1.0,1.0,1.0,0.0,0.0,0.0,1.0,0.0,0.0,0.0,1.0,0.0,0.0,0.0,1.0
-0.6,-0.5888755583180353,0.0,1.2967459869391622,1.0,1.0,1.0,1.0,0.0,0.0,0.0,0.0,0.0,0.0,1.0,0.0,0.0,0.0,1.0
0.0,0.0,0.42857142857142855,0.27659378732080514,0.0,0.6666666666666667,0.6666666666666667,0.0,0.0,0.0,1.0,0.0,0.0,1.0,0.0,0.0,0.0,1.0,0.0
-0.8,-1.2940547260085862,0.0,-1.597639323605944,1.0,1.0,1.0,0.0,0.0,0.0,0.0,0.0,1.0,0.0,1.0,1.0,0.0,0.0,0.0
1.2,0.0,-1.2857142857142854,1.0476390544742147,1.0,0.3333333333333333,0.3333333333333333,1.0,0.0,0.0,0.0,0.0,0.0,1.0,0.0,0.0,0.0,1.0,0.0
-1.4,-0.35765600381607665,0.0,-0.09113549393697475,0.5,0.6666666666666667,0.6666666666666667,0.0,1.0,0.0,0.0,0.0,0.0,0.0,1.0,0.0,0.0,0.0,1.0
-1.6,0.0,0.6428571428571427,-0.031824319540558636,0.5,0.3333333333333333,0.3333333333333333,1.0,0.0,0.0,0.0,0.0,0.0,1.0,0.0,0.0,0.0,1.0,0.0
-1.2,1.2398635463494312,-0.2142857142857141,-0.9808031098832164,0.0,1.0,1.0,0.0,0.0,0.0,0.0,1.0,0.0,1.0,0.0,0.0,1.0,0.0,0.0
0.0,0.8190688194735549,-0.6428571428571427,-1.0163898145210661,0.5,0.6666666666666667,0.6666666666666667,0.0,0.0,0.0,0.0,1.0,0.0,0.0,1.0,0.0,1.0,0.0,0.0
1.0,0.5991674014541565,-0.9999999999999997,1.5221284496455434,1.0,0.3333333333333333,0.3333333333333333,0.0,0.0,0.0,0.0,0.0,1.0,1.0,0.0,0.0,1.0,0.0,0.0
0.0,-0.37000043364507595,0.5714285714285712,-0.37582913103977206,0.5,1.0,1.0,0.0,0.0,1.0,0.0,0.0,0.0,1.0,0.0,1.0,0.0,0.0,0.0
1.6,-0.9619115074948323,0.0,-0.423278070556905,0.5,0.0,0.0,1.0,0.0,0.0,0.0,0.0,0.0,0.0,1.0,0.0,0.0,0.0,1.0
0.0,0.0,-0.7857142857142856,0.27659378732080514,0.0,0.0,0.0,0.0,0.0,0.0,1.0,0.0,0.0,1.0,0.0,1.0,0.0,0.0,0.0
0.8,0.0,-0.2857142857142856,-1.5739148538473775,1.0,1.0,1.0,0.0,1.0,0.0,0.0,0.0,0.0,1.0,0.0,0.0,1.0,0.0,0.0
0.0,0.2468018675647938,0.5,-0.031824319540558636,0.5,0.3333333333333333,0.3333333333333333,1.0,0.0,0.0,0.0,0.0,0.0,1.0,0.0,0.0,0.0,0.0,1.0
-0.4,-1.3006894956707766,-1.3571428571428568,0.27659378732080514,1.0,1.0,1.0,0.0,0.0,0.0,1.0,0.0,0.0,1.0,0.0,0.0,0.0,1.0,0.0
1.8,0.0,-1.214285714285714,0.4663895453893367,0.5,1.0,1.0,1.0,0.0,0.0,0.0,0.0,0.0,0.0,1.0,1.0,0.0,0.0,0.0
0.0,-0.7031265809976728,0.0,-1.9060574304673077,0.0,0.0,0.0,1.0,0.0,0.0,0.0,0.0,0.0,0.0,1.0,0.0,1.0,0.0,0.0
0.6,1.1434642459634872,-0.8571428571428569,-1.7281239072780594,0.0,1.0,1.0,0.0,0.0,0.0,1.0,0.0,0.0,1.0,0.0,1.0,0.0,0.0,0.0
0.0,0.0,-0.07142857142857148,-0.37582913103977206,0.5,0.3333333333333333,0.3333333333333333,1.0,0.0,0.0,0.0,0.0,0.0,0.0,1.0,0.0,0.0,0.0,1.0
1.4,-0.28341596681169684,-0.14285714285714296,1.4509550403698441,0.0,1.0,1.0,0.0,0.0,0.0,1.0,0.0,0.0,1.0,0.0,1.0,0.0,0.0,0.0
-1.8,-1.3446466515372717,0.7142857142857141,-0.2809312520055063,1.0,1.0,1.0,1.0,0.0,0.0,0.0,0.0,0.0,1.0,0.0,0.0,0.0,1.0,0.0
0.0,1.009988291582949,0.0,-0.031824319540558636,0.0,0.6666666666666667,0.6666666666666667,1.0,0.0,0.0,0.0,0.0,0.0,0.0,1.0,0.0,1.0,0.0,0.0
1.6,0.6858675069744583,0.0,-0.04368655441984186,1.0,1.0,1.0,0.0,0.0,1.0,0.0,0.0,0.0,1.0,0.0,0.0,0.0,0.0,1.0
0.0,0.5998901432474234,0.42857142857142855,-1.6925372026402097,0.0,1.0,1.0,0.0,0.0,0.0,1.0,0.0,0.0,1.0,0.0,0.0,0.0,1.0,0.0
0.0,-0.561209002471777,1.0714285714285712,0.38335390123435414,0.0,1.0,1.0,0.0,0.0,0.0,1.0,0.0,0.0,0.0,1.0,1.0,0.0,0.0,0.0
0.0,0.481374943987511,0.0,0.28845602220008837,0.5,1.0,1.0,0.0,0.0,0.0,0.0,0.0,1.0,0.0,1.0,0.0,0.0,0.0,1.0
-0.6,0.5531287492230526,-0.6428571428571427,1.9491689052997394,1.0,0.3333333333333333,0.3333333333333333,0.0,0.0,0.0,0.0,0.0,1.0,1.0,0.0,1.0,0.0,0.0,0.0
1.4,-1.256587791445628,-0.14285714285714296,-0.031824319540558636,0.5,1.0,1.0,1.0,0.0,0.0,0.0,0.0,0.0,1.0,0.0,1.0,0.0,0.0,0.0
0.0,1.3830097859238808,0.0,-0.7316961774182688,0.5,0.0,0.0,1.0,0.0,0.0,0.0,0.0,0.0,1.0,0.0,0.0,0.0,0.0,1.0
0.0,1.0176348997557132,-0.6428571428571427,1.2611592823013127,0.0,1.0,1.0,1.0,0.0,0.0,0.0,0.0,0.0,0.0,1.0,0.0,1.0,0.0,0.0
-0.4,-1.2056489498561744,0.0,-0.09113549393697475,0.0,0.3333333333333333,0.3333333333333333,0.0,0.0,0.0,0.0,0.0,1.0,0.0,1.0,1.0,0.0,0.0,0.0
0.0,0.0,0.0,1.225572577663463,0.0,0.6666666666666667,0.6666666666666667,0.0,0.0,0.0,0.0,0.0,1.0,1.0,0.0,0.0,0.0,1.0,0.0
1.0,0.0,-0.5714285714285712,0.28845602220008837,0.0,1.0,1.0,0.0,0.0,0.0,1.0,0.0,0.0,0.0,1.0,0.0,0.0,0.0,1.0
-0.8,0.2968300544947312,0.0,-0.8265940564525345,0.0,1.0,1.0,0.0,0.0,0.0,0.0,0.0,1.0,1.0,0.0,0.0,1.0,0.0,0.0
1.2,-1.224281233286596,0.5714285714285712,0.27659378732080514,0.0,0.3333333333333333,0.3333333333333333,0.0,0.0,0.0,1.0,0.0,0.0,0.0,1.0,1.0,0.0,0.0,0.0
1.0,1.1603330394183373,0.9285714285714282,-1.2536345121067305,1.0,0.3333333333333333,0.3333333333333333,0.0,0.0,0.0,0.0,0.0,1.0,0.0,1.0,1.0,0.0,0.0,0.0
0.8,-0.8457235368092395,0.0,-1.7992973165537587,0.0,0.6666666666666667,0.6666666666666667,0.0,0.0,0.0,0.0,0.0,1.0,0.0,1.0,1.0,0.0,0.0,0.0
-1.2,-0.05359853138867608,-0.9285714285714284,1.9135822006618899,0.0,1.0,1.0,0.0,0.0,1.0,0.0,0.0,0.0,1.0,0.0,1.0,0.0,0.0,0.0
-1.0,0.6080426706754745,-1.0714285714285712,-1.7043994375194929,0.5,0.0,0.0,0.0,0.0,0.0,0.0,0.0,1.0,1.0,0.0,0.0,0.0,0.0,1.0
0.8,1.2145242190774923,0.8571428571428571,0.08679802925227359,0.0,0.3333333333333333,0.3333333333333333,0.0,0.0,0.0,0.0,0.0,1.0,1.0,0.0,1.0,0.0,0.0,0.0
1.4,0.0,0.8571428571428571,-1.2299100423481641,1.0,1.0,1.0,0.0,0.0,0.0,0.0,1.0,0.0,0.0,1.0,0.0,1.0,0.0,0.0
0.2,0.20988421676471863,-0.14285714285714296,1.7475109123519248,1.0,1.0,1.0,0.0,0.0,0.0,0.0,1.0,0.0,0.0,1.0,0.0,1.0,0.0,0.0
-1.2,-1.0571110565039534,-0.2857142857142856,0.3714916663550709,0.0,1.0,1.0,0.0,0.0,0.0,0.0,0.0,1.0,0.0,1.0,1.0,0.0,0.0,0.0
0.2,-0.21761755395267487,-0.14285714285714296,1.1425369335084803,0.0,0.6666666666666667,0.6666666666666667,0.0,0.0,0.0,0.0,0.0,1.0,1.0,0.0,0.0,0.0,1.0,0.0
0.0,0.5828334369263237,-0.8571428571428569,-0.09113549393697475,0.0,0.6666666666666667,0.6666666666666667,0.0,1.0,0.0,0.0,0.0,0.0,1.0,0.0,0.0,1.0,0.0,0.0
0.0,1.3107934259406484,0.42857142857142855,-1.7755728467951923,0.5,0.0,0.0,0.0,0.0,0.0,0.0,0.0,1.0,0.0,1.0,0.0,0.0,1.0,0.0
0.0,1.305401772162877,0.7142857142857141,1.3679193962148615,0.0,0.0,0.0,0.0,0.0,1.0,0.0,0.0,0.0,1.0,0.0,0.0,1.0,0.0,0.0
1.4,0.07410994348159176,0.07142857142857148,-1.7043994375194929,0.5,1.0,1.0,0.0,1.0,0.0,0.0,0.0,0.0,0.0,1.0,0.0,0.0,0.0,1.0
-0.8,-1.0738497564360157,-1.3571428571428568,0.08679802925227359,1.0,0.6666666666666667,0.6666666666666667,1.0,0.0,0.0,0.0,0.0,0.0,0.0,1.0,0.0,0.0,0.0,1.0
0.0,-0.13737876006417948,-0.5714285714285712,0.27659378732080514,1.0,1.0,1.0,0.0,0.0,0.0,1.0,0.0,0.0,0.0,1.0,0.0,1.0,0.0,0.0
-0.2,0.0,0.5,-0.7316961774182688,0.0,0.6666666666666667,0.6666666666666667,0.0,0.0,0.0,1.0,0.0,0.0,1.0,0.0,0.0,0.0,1.0,0.0
0.0,1.215102412512106,1.0714285714285712,-0.26906901712622305,0.5,0.0,0.0,0.0,1.0,0.0,0.0,0.0,0.0,0.0,1.0,0.0,0.0,1.0,0.0
0.0,-0.6132319567511311,0.0,1.5102662147662602,1.0,0.0,0.0,0.0,1.0,0.0,0.0,0.0,0.0,0.0,1.0,0.0,1.0,0.0,0.0
1.4,0.0,0.0,0.5968741290614521,0.0,1.0,1.0,0.0,0.0,1.0,0.0,0.0,0.0,0.0,1.0,0.0,1.0,0.0,0.0
-0.4,-0.34547057718159613,-0.5714285714285712,-1.8586084909501748,0.0,0.6666666666666667,0.6666666666666667,1.0,0.0,0.0,0.0,0.0,0.0,0.0,1.0,0.0,1.0,0.0,0.0
-0.6,0.0,0.5,1.1543991683877637,1.0,0.6666666666666667,0.6666666666666667,1.0,0.0,0.0,0.0,0.0,0.0,1.0,0.0,0.0,0.0,1.0,0.0
1.6,0.0,-1.214285714285714,1.1899858730256132,0.5,0.0,0.0,1.0,0.0,0.0,0.0,0.0,0.0,0.0,1.0,0.0,0.0,1.0,0.0
1.0,0.2012113152455154,1.2857142857142854,0.8459810615263998,0.5,1.0,1.0,0.0,1.0,0.0,0.0,0.0,0.0,0.0,1.0,0.0,0.0,1.0,0.0
-0.4,1.380928289559272,0.9285714285714282,1.1543991683877637,0.0,1.0,1.0,0.0,0.0,0.0,0.0,1.0,0.0,0.0,1.0,0.0,1.0,0.0,0.0
-1.2,-1.3097382229224788,0.8571428571428571,-0.4351403054361882,1.0,0.0,0.0,0.0,1.0,0.0,0.0,0.0,0.0,0.0,1.0,0.0,0.0,1.0,0.0
-1.2,0.0,0.42857142857142855,-1.1350121633138983,0.0,0.3333333333333333,0.3333333333333333,0.0,0.0,0.0,1.0,0.0,0.0,0.0,1.0,1.0,0.0,0.0,0.0
-1.4,-0.6658331044650988,-0.6428571428571427,-1.0757009889174822,0.0,1.0,1.0,0.0,0.0,0.0,0.0,1.0,0.0,0.0,1.0,0.0,1.0,0.0,0.0
0.0,0.0,0.6428571428571427,-0.031824319540558636,0.0,0.0,0.0,1.0,0.0,0.0,0.0,0.0,0.0,1.0,0.0,0.0,0.0,0.0,1.0
1.8,0.0,0.2857142857142856,0.33590496171722123,1.0,1.0,1.0,1.0,0.0,0.0,0.0,0.0,0.0,1.0,0.0,0.0,0.0,1.0,0.0
0.0,0.0,1.2142857142857142,-0.031824319540558636,1.0,0.6666666666666667,0.6666666666666667,1.0,0.0,0.0,0.0,0.0,0.0,0.0,1.0,1.0,0.0,0.0,0.0
1.8,-0.6883971032508925,-0.5714285714285712,1.17812363814633,0.0,0.6666666666666667,0.6666666666666667,0.0,0.0,0.0,0.0,0.0,1.0,0.0,1.0,0.0,1.0,0.0,0.0
-1.2,-0.5057457972564722,-0.2857142857142856,-0.09113549393697475,0.0,0.6666666666666667,0.6666666666666667,0.0,0.0,0.0,0.0,0.0,1.0,1.0,0.0,0.0,0.0,1.0,0.0
0.0,-0.008398259637761814,0.0,-0.09113549393697475,0.0,0.0,0.0,0.0,0.0,0.0,0.0,0.0,1.0,0.0,1.0,0.0,0.0,1.0,0.0
0.0,1.1827813995172085,-1.3571428571428568,-0.09113549393697475,0.0,1.0,1.0,0.0,1.0,0.0,0.0,0.0,0.0,1.0,0.0,1.0,0.0,0.0,0.0
0.6,-1.15489802113297,0.9285714285714282,-0.09113549393697475,0.0,0.6666666666666667,0.6666666666666667,0.0,1.0,0.0,0.0,0.0,0.0,1.0,0.0,1.0,0.0,0.0,0.0
0.0,-0.9827264711409202,-1.2857142857142854,-1.7874350816744755,1.0,0.6666666666666667,0.6666666666666667,0.0,0.0,0.0,1.0,0.0,0.0,0.0,1.0,1.0,0.0,0.0,0.0
0.0,0.0,-1.0714285714285712,-1.8823329607087413,0.5,0.0,0.0,0.0,0.0,0.0,0.0,0.0,1.0,1.0,0.0,1.0,0.0,0.0,0.0
1.4,1.2791373353955566,-0.8571428571428569,-0.09113549393697475,0.0,1.0,1.0,0.0,0.0,0.0,0.0,0.0,1.0,1.0,0.0,1.0,0.0,0.0,0.0
0.0,1.3396308234919994,-1.3571428571428568,-0.44700254031547143,0.5,1.0,1.0,0.0,1.0,0.0,0.0,0.0,0.0,1.0,0.0,1.0,0.0,0.0,0.0
-1.8,0.0,-0.8571428571428569,-0.8621807610903842,0.0,0.3333333333333333,0.3333333333333333,0.0,1.0,0.0,0.0,0.0,0.0,0.0,1.0,0.0,0.0,0.0,1.0
0.0,0.48150503751029905,-0.2857142857142856,-0.04368655441984186,1.0,1.0,1.0,0.0,0.0,1.0,0.0,0.0,0.0,1.0,0.0,0.0,0.0,0.0,1.0
0.0,0.6363452392998078,-0.6428571428571427,-0.09113549393697475,0.0,1.0,1.0,0.0,1.0,0.0,0.0,0.0,0.0,0.0,1.0,0.0,1.0,0.0,0.0
-1.4,0.1958052066318787,-1.214285714285714,-0.04368655441984186,1.0,1.0,1.0,0.0,0.0,1.0,0.0,0.0,0.0,0.0,1.0,0.0,0.0,1.0,0.0
0.0,-1.1182550122143362,0.5714285714285712,-0.1741711380919573,0.0,1.0,1.0,0.0,0.0,1.0,0.0,0.0,0.0,1.0,0.0,1.0,0.0,0.0,0.0
-1.8,-0.9031525997022304,-0.07142857142857148,-1.1824611028310312,0.0,0.3333333333333333,0.3333333333333333,1.0,0.0,0.0,0.0,0.0,0.0,0.0,1.0,1.0,0.0,0.0,0.0
-1.2,0.10410372790216967,0.0,-1.2654967469860137,0.5,1.0,1.0,0.0,0.0,0.0,0.0,0.0,1.0,0.0,1.0,1.0,0.0,0.0,0.0
0.0,0.0,-0.5,-0.09113549393697475,0.5,0.3333333333333333,0.3333333333333333,0.0,0.0,0.0,0.0,0.0,1.0,1.0,0.0,0.0,1.0,0.0,0.0
-1.2,0.0,-0.2142857142857141,-0.031824319540558636,0.0,0.3333333333333333,0.3333333333333333,1.0,0.0,0.0,0.0,0.0,0.0,0.0,1.0,0.0,0.0,0.0,1.0
-1.0,-0.31713909888553216,-1.3571428571428568,0.11052249901084003,0.5,1.0,1.0,0.0,1.0,0.0,0.0,0.0,0.0,1.0,0.0,1.0,0.0,0.0,0.0
0.0,0.0,-0.7142857142857141,-0.031824319540558636,1.0,1.0,1.0,1.0,0.0,0.0,0.0,0.0,0.0,0.0,1.0,1.0,0.0,0.0,0.0
-1.4,0.0,0.5,0.27659378732080514,0.5,0.6666666666666667,0.6666666666666667,0.0,0.0,0.0,1.0,0.0,0.0,0.0,1.0,0.0,0.0,1.0,0.0
-0.8,-0.040892730663043324,-0.2857142857142856,0.7866698871299836,0.0,0.3333333333333333,0.3333333333333333,0.0,0.0,0.0,0.0,1.0,0.0,1.0,0.0,0.0,1.0,0.0,0.0
-1.0,0.731212327084026,1.2142857142857142,1.6881997379555085,0.0,0.0,0.0,0.0,1.0,0.0,0.0,0.0,0.0,0.0,1.0,1.0,0.0,0.0,0.0
-1.6,-0.1692805828189821,1.2857142857142854,-1.5857770887266607,1.0,0.6666666666666667,0.6666666666666667,0.0,0.0,1.0,0.0,0.0,0.0,0.0,1.0,0.0,1.0,0.0,0.0
-1.6,-1.3347450889695147,0.07142857142857148,-0.6723850030218527,1.0,0.6666666666666667,0.6666666666666667,0.0,0.0,0.0,1.0,0.0,0.0,1.0,0.0,0.0,0.0,1.0,0.0
0.0,0.0,0.2142857142857141,1.3797816310941449,1.0,0.3333333333333333,0.3333333333333333,1.0,0.0,0.0,0.0,0.0,0.0,0.0,1.0,0.0,0.0,0.0,1.0
0.0,-0.7663809427443952,0.0,0.13424696876940648,1.0,0.6666666666666667,0.6666666666666667,0.0,0.0,0.0,1.0,0.0,0.0,1.0,0.0,0.0,0.0,1.0,0.0
1.0,0.9285497463176305,0.2857142857142856,0.1461092036486897,0.0,1.0,1.0,0.0,0.0,0.0,0.0,0.0,1.0,0.0,1.0,1.0,0.0,0.0,0.0
1.0,-1.1193680345759673,-0.8571428571428569,0.27659378732080514,0.0,1.0,1.0,0.0,0.0,0.0,1.0,0.0,0.0,0.0,1.0,0.0,1.0,0.0,0.0
-1.6,0.0,0.42857142857142855,0.18169590828653936,1.0,0.0,0.0,0.0,0.0,0.0,0.0,0.0,1.0,0.0,1.0,0.0,1.0,0.0,0.0
0.0,0.0,-0.2142857142857141,0.8934300010435327,0.0,1.0,1.0,1.0,0.0,0.0,0.0,0.0,0.0,1.0,0.0,1.0,0.0,0.0,0.0
1.4,0.0,0.35714285714285704,1.54585291940411,0.0,1.0,1.0,1.0,0.0,0.0,0.0,0.0,0.0,1.0,0.0,0.0,0.0,1.0,0.0
0.0,0.33526546306066696,1.357142857142857,-1.7874350816744755,0.5,1.0,1.0,0.0,0.0,0.0,1.0,0.0,0.0,1.0,0.0,0.0,0.0,1.0,0.0
0.6,0.0,-0.42857142857142855,-1.2654967469860137,0.5,1.0,1.0,0.0,0.0,0.0,0.0,0.0,1.0,0.0,1.0,0.0,1.0,0.0,0.0
1.0,0.3742935198970816,-0.9285714285714284,-1.063838754038199,0.5,0.0,0.0,0.0,0.0,1.0,0.0,0.0,0.0,1.0,0.0,0.0,0.0,0.0,1.0
-1.2,-0.017446986889463872,0.0,-0.031824319540558636,1.0,1.0,1.0,1.0,0.0,0.0,0.0,0.0,0.0,0.0,1.0,0.0,0.0,1.0,0.0
0.8,0.41446350876685795,1.2142857142857142,-0.8621807610903842,0.5,0.0,0.0,1.0,0.0,0.0,0.0,0.0,0.0,0.0,1.0,0.0,0.0,0.0,1.0
1.4,0.7904482444601841,1.2142857142857142,0.5257007197857528,0.0,1.0,1.0,0.0,1.0,0.0,0.0,0.0,0.0,0.0,1.0,0.0,0.0,1.0,0.0
0.0,0.26786256342059234,1.1428571428571423,-1.004527579641783,1.0,0.0,0.0,0.0,0.0,0.0,0.0,0.0,1.0,1.0,0.0,0.0,0.0,0.0,1.0
0.0,0.0,-0.5,0.9408789405606656,1.0,0.3333333333333333,0.3333333333333333,0.0,0.0,1.0,0.0,0.0,0.0,1.0,0.0,0.0,0.0,0.0,1.0
-1.0,0.4012662436218037,0.7142857142857141,-1.6925372026402097,0.0,0.0,0.0,0.0,1.0,0.0,0.0,0.0,0.0,1.0,0.0,0.0,0.0,0.0,1.0
0.2,0.0,0.9285714285714282,0.5138384849064696,0.0,1.0,1.0,0.0,0.0,0.0,0.0,0.0,1.0,1.0,0.0,0.0,0.0,0.0,1.0
-1.8,-0.7480088463595496,-0.2857142857142856,0.4782517802686199,0.5,0.6666666666666667,0.6666666666666667,0.0,1.0,0.0,0.0,0.0,0.0,1.0,0.0,0.0,0.0,0.0,1.0
1.6,0.20712334311443895,0.0,1.0476390544742147,0.0,1.0,1.0,0.0,0.0,0.0,0.0,1.0,0.0,1.0,0.0,0.0,1.0,0.0,0.0
0.4,0.080990445353493,-0.14285714285714296,0.28845602220008837,0.0,1.0,1.0,0.0,0.0,0.0,0.0,1.0,0.0,1.0,0.0,0.0,1.0,0.0,0.0
0.4,0.1920035847992946,0.9285714285714282,1.6170263286798092,1.0,0.6666666666666667,0.6666666666666667,0.0,0.0,1.0,0.0,0.0,0.0,1.0,0.0,1.0,0.0,0.0,0.0
0.0,0.0,-0.07142857142857148,0.6087363639407354,0.5,1.0,1.0,0.0,0.0,0.0,1.0,0.0,0.0,0.0,1.0,0.0,0.0,1.0,0.0
1.4,0.0,0.0,0.11052249901084003,0.0,1.0,1.0,0.0,0.0,0.0,0.0,1.0,0.0,1.0,0.0,0.0,1.0,0.0,0.0
0.0,-0.7739552767378326,0.2857142857142856,-0.07927325905769153,0.0,1.0,1.0,0.0,0.0,0.0,0.0,0.0,1.0,0.0,1.0,0.0,1.0,0.0,0.0
1.8,0.0,-1.4285714285714282,-0.04368655441984186,0.0,1.0,1.0,0.0,0.0,1.0,0.0,0.0,0.0,0.0,1.0,0.0,0.0,1.0,0.0
0.0,-1.161677339153814,1.0714285714285712,0.9764656451985152,0.0,1.0,1.0,0.0,0.0,0.0,0.0,1.0,0.0,1.0,0.0,0.0,1.0,0.0,0.0
1.2,-1.2341683410184878,0.5714285714285712,1.4509550403698441,0.5,1.0,1.0,0.0,0.0,1.0,0.0,0.0,0.0,0.0,1.0,0.0,0.0,0.0,1.0
0.0,-0.4011650597707463,1.0,-0.19789560785052374,0.5,0.3333333333333333,0.3333333333333333,0.0,1.0,0.0,0.0,0.0,0.0,1.0,0.0,0.0,0.0,1.0,0.0
1.0,0.49452884462496927,0.14285714285714296,-0.031824319540558636,1.0,1.0,1.0,1.0,0.0,0.0,0.0,0.0,0.0,0.0,1.0,0.0,0.0,0.0,1.0
0.0,0.0,-0.2857142857142856,-0.09113549393697475,1.0,0.6666666666666667,0.6666666666666667,0.0,0.0,0.0,0.0,0.0,1.0,0.0,1.0,0.0,1.0,0.0,0.0
1.8,-0.5052687876729159,1.4285714285714282,1.5933018589212429,0.0,1.0,1.0,0.0,0.0,0.0,1.0,0.0,0.0,1.0,0.0,0.0,0.0,1.0,0.0
0.0,0.7252135701999104,0.5,0.964603410319232,0.0,0.3333333333333333,0.3333333333333333,0.0,0.0,0.0,0.0,1.0,0.0,0.0,1.0,0.0,1.0,0.0,0.0
1.8,-0.5751000997383675,-0.2857142857142856,1.4509550403698441,1.0,1.0,1.0,0.0,1.0,0.0,0.0,0.0,0.0,0.0,1.0,0.0,0.0,0.0,1.0
-0.4,0.23964672381145113,0.0,-1.8111595514330419,0.0,0.3333333333333333,0.3333333333333333,0.0,0.0,1.0,0.0,0.0,0.0,0.0,1.0,0.0,0.0,1.0,0.0
0.0,0.0,-1.0714285714285712,1.9610311401790226,1.0,0.3333333333333333,0.3333333333333333,1.0,0.0,0.0,0.0,0.0,0.0,1.0,0.0,0.0,0.0,0.0,1.0
0.4,0.011332591318425579,0.0,1.3086082218184454,1.0,0.3333333333333333,0.3333333333333333,0.0,0.0,0.0,1.0,0.0,0.0,1.0,0.0,0.0,0.0,0.0,1.0
-0.4,-1.1643803934606323,-0.5714285714285712,0.2647315524415219,0.0,0.3333333333333333,0.3333333333333333,0.0,0.0,0.0,0.0,0.0,1.0,1.0,0.0,1.0,0.0,0.0,0.0
0.0,-0.28091528020699325,0.0,1.9135822006618899,0.5,0.0,0.0,0.0,1.0,0.0,0.0,0.0,0.0,0.0,1.0,1.0,0.0,0.0,0.0
-0.4,-0.6189560717538052,-0.2142857142857141,0.3003182570793716,0.0,1.0,1.0,1.0,0.0,0.0,0.0,0.0,0.0,1.0,0.0,0.0,0.0,0.0,1.0
0.4,-0.2650005059192553,0.8571428571428571,-1.4671547399338285,0.0,0.3333333333333333,0.3333333333333333,0.0,0.0,0.0,0.0,0.0,1.0,1.0,0.0,1.0,0.0,0.0,0.0
1.2,-1.0496089966898425,0.7142857142857141,-1.8704707258294582,0.0,1.0,1.0,0.0,0.0,0.0,0.0,1.0,0.0,1.0,0.0,0.0,1.0,0.0,0.0
0.0,-0.7705294806377474,0.0,1.3204704566977288,0.0,0.0,0.0,1.0,0.0,0.0,0.0,0.0,0.0,1.0,0.0,0.0,0.0,0.0,1.0
0.0,-0.036180454170942886,0.0,1.4746795101284105,0.0,0.3333333333333333,0.3333333333333333,0.0,0.0,1.0,0.0,0.0,0.0,0.0,1.0,0.0,0.0,0.0,1.0
0.0,-0.9735910148740261,0.0,-1.063838754038199,0.0,0.6666666666666667,0.6666666666666667,0.0,0.0,0.0,0.0,1.0,0.0,1.0,0.0,0.0,1.0,0.0,0.0
1.0,1.2605339616368656,-0.2142857142857141,-0.6249360635047198,0.5,1.0,1.0,1.0,0.0,0.0,0.0,0.0,0.0,0.0,1.0,0.0,1.0,0.0,0.0
0.0,-0.14076119165666873,0.0,0.9171544708020991,0.5,1.0,1.0,0.0,1.0,0.0,0.0,0.0,0.0,0.0,1.0,0.0,0.0,1.0,0.0
1.8,0.8937135918821641,0.7142857142857141,1.5814396240419595,0.5,1.0,1.0,0.0,0.0,1.0,0.0,0.0,0.0,1.0,0.0,0.0,0.0,0.0,1.0
0.0,0.3702461658547867,0.0,0.4782517802686199,0.5,0.3333333333333333,0.3333333333333333,0.0,0.0,1.0,0.0,0.0,0.0,1.0,0.0,0.0,0.0,0.0,1.0
-0.2,-0.7894653156213411,1.357142857142857,-1.490879209692395,0.0,1.0,1.0,0.0,0.0,0.0,0.0,0.0,1.0,1.0,0.0,0.0,0.0,1.0,0.0
-1.0,0.0,0.5,1.439092805490561,0.0,0.6666666666666667,0.6666666666666667,0.0,0.0,1.0,0.0,0.0,0.0,1.0,0.0,0.0,0.0,1.0,0.0
0.4,0.9930183142770413,-0.7857142857142856,-0.04368655441984186,0.5,1.0,1.0,0.0,0.0,1.0,0.0,0.0,0.0,0.0,1.0,0.0,1.0,0.0,0.0
-0.8,1.2636417513479135,-1.0714285714285712,0.27659378732080514,0.0,0.0,0.0,0.0,0.0,0.0,1.0,0.0,0.0,0.0,1.0,0.0,0.0,1.0,0.0
0.0,0.1907026495714141,-0.7142857142857141,-0.0674110241784083,0.5,1.0,1.0,0.0,0.0,0.0,0.0,0.0,1.0,0.0,1.0,0.0,0.0,0.0,1.0
0.0,-1.1617785230048714,0.6428571428571427,0.5731496593028858,1.0,0.6666666666666667,0.6666666666666667,0.0,1.0,0.0,0.0,0.0,0.0,1.0,0.0,0.0,0.0,1.0,0.0
-0.4,-0.2430002457322097,0.2142857142857141,-0.09113549393697475,0.0,0.6666666666666667,0.6666666666666667,0.0,0.0,0.0,0.0,0.0,1.0,0.0,1.0,0.0,0.0,0.0,1.0
1.0,-1.0896344372009656,0.07142857142857148,1.6170263286798092,1.0,0.6666666666666667,0.6666666666666667,0.0,0.0,0.0,0.0,1.0,0.0,0.0,1.0,0.0,1.0,0.0,0.0
-0.4,0.0,1.1428571428571423,-0.423278070556905,0.5,1.0,1.0,0.0,0.0,0.0,0.0,1.0,0.0,1.0,0.0,0.0,1.0,0.0,0.0
0.0,0.0,0.6428571428571427,-0.09113549393697475,0.0,1.0,1.0,0.0,1.0,0.0,0.0,0.0,0.0,0.0,1.0,0.0,1.0,0.0,0.0
-1.0,1.296483138433963,-0.5,-0.9689408750039332,0.0,1.0,1.0,0.0,0.0,0.0,0.0,0.0,1.0,1.0,0.0,0.0,1.0,0.0,0.0
0.0,-0.8414015408855032,0.0,-0.04368655441984186,0.0,1.0,1.0,0.0,0.0,1.0,0.0,0.0,0.0,1.0,0.0,0.0,1.0,0.0,0.0
-1.4,1.0427284948179414,0.7857142857142853,-0.3995536007983385,0.0,1.0,1.0,0.0,0.0,1.0,0.0,0.0,0.0,1.0,0.0,1.0,0.0,0.0,0.0
0.4,-0.6626241309029935,-0.14285714285714296,-0.019962084661275414,1.0,0.0,0.0,0.0,0.0,1.0,0.0,0.0,0.0,1.0,0.0,0.0,0.0,1.0,0.0
0.0,-1.2753068038912418,-1.1428571428571426,-1.1943233377103144,0.5,1.0,1.0,0.0,0.0,1.0,0.0,0.0,0.0,1.0,0.0,1.0,0.0,0.0,0.0
0.0,1.282534221823911,0.42857142857142855,0.38335390123435414,0.0,1.0,1.0,0.0,0.0,0.0,1.0,0.0,0.0,1.0,0.0,0.0,1.0,0.0,0.0
-0.8,1.207340165652419,-0.2857142857142856,1.5102662147662602,0.5,1.0,1.0,0.0,0.0,1.0,0.0,0.0,0.0,0.0,1.0,0.0,0.0,1.0,0.0
1.8,0.2560963270262066,-0.5,-1.6925372026402097,1.0,1.0,1.0,0.0,0.0,1.0,0.0,0.0,0.0,1.0,0.0,0.0,0.0,1.0,0.0
0.0,1.3266937453925212,-0.5,-1.4197058004166956,0.0,0.3333333333333333,0.3333333333333333,0.0,1.0,0.0,0.0,0.0,0.0,0.0,1.0,0.0,0.0,1.0,0.0
-0.2,-0.21735736690709878,-0.42857142857142855,-1.9416441351051574,1.0,1.0,1.0,0.0,0.0,0.0,1.0,0.0,0.0,0.0,1.0,0.0,0.0,1.0,0.0
1.6,0.33384888914586375,-0.5714285714285712,1.2492970474220293,0.0,0.0,0.0,0.0,0.0,0.0,1.0,0.0,0.0,0.0,1.0,0.0,1.0,0.0,0.0
-1.6,0.2792529740824793,1.0714285714285712,-1.0875632237967654,0.5,0.6666666666666667,0.6666666666666667,0.0,1.0,0.0,0.0,0.0,0.0,0.0,1.0,0.0,0.0,0.0,1.0
1.8,0.0,0.0,-0.11485996369554119,0.5,0.3333333333333333,0.3333333333333333,0.0,1.0,0.0,0.0,0.0,0.0,1.0,0.0,1.0,0.0,0.0,0.0
1.4,-0.8502189907633598,-0.7142857142857141,-0.09113549393697475,0.0,0.0,0.0,0.0,0.0,0.0,0.0,0.0,1.0,1.0,0.0,1.0,0.0,0.0,0.0
-0.2,-1.127708474870268,0.0,0.2647315524415219,1.0,1.0,1.0,0.0,0.0,0.0,1.0,0.0,0.0,0.0,1.0,0.0,0.0,1.0,0.0
0.2,-0.2773593905841199,0.0,-0.6367982983840029,0.0,0.6666666666666667,0.6666666666666667,1.0,0.0,0.0,0.0,0.0,0.0,0.0,1.0,0.0,0.0,0.0,1.0
0.0,-0.9758604241048843,0.14285714285714296,-0.19789560785052374,0.0,0.3333333333333333,0.3333333333333333,0.0,0.0,0.0,0.0,1.0,0.0,1.0,0.0,0.0,1.0,0.0,0.0
-0.6,0.6502074268946676,0.14285714285714296,0.32404272683793806,0.0,1.0,1.0,0.0,0.0,0.0,0.0,1.0,0.0,1.0,0.0,0.0,1.0,0.0,0.0
1.8,0.0,0.0,-1.3485323911409963,1.0,0.0,0.0,0.0,0.0,0.0,0.0,1.0,0.0,0.0,1.0,0.0,1.0,0.0,0.0
-1.2,0.6897847674939651,1.2857142857142854,-0.7672828820561184,0.0,0.3333333333333333,0.3333333333333333,1.0,0.0,0.0,0.0,0.0,0.0,1.0,0.0,1.0,0.0,0.0,0.0
1.6,0.026611352828088637,0.7857142857142853,-0.5063137147118876,1.0,0.6666666666666667,0.6666666666666667,0.0,0.0,0.0,1.0,0.0,0.0,0.0,1.0,1.0,0.0,0.0,0.0
0.0,0.0,0.0,0.32404272683793806,0.5,0.3333333333333333,0.3333333333333333,1.0,0.0,0.0,0.0,0.0,0.0,1.0,0.0,0.0,1.0,0.0,0.0
1.2,1.3292811610124167,0.14285714285714296,0.5731496593028858,1.0,0.6666666666666667,0.6666666666666667,0.0,0.0,0.0,0.0,0.0,1.0,1.0,0.0,0.0,0.0,0.0,1.0
0.0,0.0,0.0,-1.0163898145210661,1.0,1.0,1.0,0.0,0.0,0.0,1.0,0.0,0.0,1.0,0.0,1.0,0.0,0.0,0.0
0.0,0.0,0.0,-1.5739148538473775,0.0,0.6666666666666667,0.6666666666666667,0.0,0.0,0.0,1.0,0.0,0.0,0.0,1.0,0.0,0.0,0.0,1.0
-0.4,0.0,0.8571428571428571,-0.8740429959696674,0.5,1.0,1.0,1.0,0.0,0.0,0.0,0.0,0.0,0.0,1.0,0.0,0.0,0.0,1.0
0.0,-0.18325840910076466,1.1428571428571423,1.1662614032670469,0.5,0.0,0.0,0.0,0.0,0.0,0.0,1.0,0.0,0.0,1.0,0.0,1.0,0.0,0.0
0.0,0.0,-0.9999999999999997,-1.7755728467951923,1.0,0.0,0.0,0.0,0.0,0.0,0.0,1.0,0.0,0.0,1.0,0.0,1.0,0.0,0.0
0.6,0.6498316011621688,-0.2857142857142856,-0.7316961774182688,1.0,0.0,0.0,0.0,0.0,1.0,0.0,0.0,0.0,0.0,1.0,1.0,0.0,0.0,0.0
1.4,-1.398245182925948,0.2142857142857141,1.391643865973428,1.0,1.0,1.0,1.0,0.0,0.0,0.0,0.0,0.0,1.0,0.0,0.0,0.0,0.0,1.0
-1.6,0.0,0.0,-1.1587366330724647,0.5,0.6666666666666667,0.6666666666666667,0.0,0.0,0.0,0.0,1.0,0.0,0.0,1.0,0.0,1.0,0.0,0.0
0.6,0.08245038377589223,1.0,0.16983367340725614,0.5,0.0,0.0,0.0,0.0,0.0,0.0,0.0,1.0,1.0,0.0,0.0,1.0,0.0,0.0
1.6,0.13641028606120179,0.0,-1.6450882631230768,0.5,0.3333333333333333,0.3333333333333333,0.0,0.0,0.0,0.0,1.0,0.0,1.0,0.0,0.0,1.0,0.0,0.0
1.8,1.1289805004264177,0.0,-0.09113549393697475,0.0,1.0,1.0,0.0,1.0,0.0,0.0,0.0,0.0,0.0,1.0,0.0,0.0,1.0,0.0
0.0,-0.8585160665500643,1.0714285714285712,-0.7316961774182688,0.0,1.0,1.0,1.0,0.0,0.0,0.0,0.0,0.0,1.0,0.0,1.0,0.0,0.0,0.0
0.4,-0.9585435307382084,1.1428571428571423,-1.597639323605944,0.0,0.3333333333333333,0.3333333333333333,0.0,1.0,0.0,0.0,0.0,0.0,1.0,0.0,1.0,0.0,0.0,0.0
1.2,0.46848123039562883,0.42857142857142855,-0.8028695866939681,1.0,0.3333333333333333,0.3333333333333333,0.0,0.0,0.0,0.0,0.0,1.0,0.0,1.0,0.0,0.0,0.0,1.0
-1.8,1.295673667625504,0.5,1.8898577309033233,0.0,1.0,1.0,1.0,0.0,0.0,0.0,0.0,0.0,1.0,0.0,0.0,0.0,0.0,1.0
0.0,0.11734435755481996,0.0,1.1899858730256132,0.0,0.0,0.0,0.0,1.0,0.0,0.0,0.0,0.0,1.0,0.0,1.0,0.0,0.0,0.0
0.0,-1.397652534655469,1.0,-0.09113549393697475,0.0,0.3333333333333333,0.3333333333333333,0.0,1.0,0.0,0.0,0.0,0.0,1.0,0.0,0.0,0.0,1.0,0.0
-0.6,0.2724302915540394,0.8571428571428571,0.8815677661642495,0.0,1.0,1.0,0.0,0.0,0.0,0.0,1.0,0.0,1.0,0.0,0.0,1.0,0.0,0.0
-1.4,0.0,-1.0714285714285712,0.9052922359228159,1.0,0.3333333333333333,0.3333333333333333,0.0,1.0,0.0,0.0,0.0,0.0,1.0,0.0,0.0,1.0,0.0,0.0
0.0,0.3089721166216158,-0.2142857142857141,-1.6213637933645104,0.5,0.3333333333333333,0.3333333333333333,1.0,0.0,0.0,0.0,0.0,0.0,1.0,0.0,0.0,0.0,0.0,1.0
0.0,-0.34529711915121203,1.357142857142857,-1.7755728467951923,0.0,0.3333333333333333,0.3333333333333333,0.0,0.0,0.0,0.0,1.0,0.0,0.0,1.0,0.0,1.0,0.0,0.0
-0.4,-1.1145979387404057,1.357142857142857,0.9408789405606656,0.5,0.3333333333333333,0.3333333333333333,1.0,0.0,0.0,0.0,0.0,0.0,1.0,0.0,0.0,0.0,1.0,0.0
-0.8,0.0,0.35714285714285704,-1.8348840211916084,0.0,0.3333333333333333,0.3333333333333333,0.0,0.0,1.0,0.0,0.0,0.0,0.0,1.0,0.0,0.0,1.0,0.0
0.0,-1.076769633280814,1.357142857142857,-1.3722568608995627,1.0,1.0,1.0,0.0,0.0,0.0,1.0,0.0,0.0,1.0,0.0,0.0,0.0,0.0,1.0
-0.2,-1.144909729550021,0.0,0.27659378732080514,0.0,1.0,1.0,0.0,0.0,0.0,1.0,0.0,0.0,0.0,1.0,1.0,0.0,0.0,0.0
-0.8,1.3702750755265174,0.7142857142857141,-1.3248079213824298,1.0,0.3333333333333333,0.3333333333333333,0.0,0.0,0.0,0.0,1.0,0.0,0.0,1.0,0.0,1.0,0.0,0.0
-0.2,0.5642156083317674,0.7142857142857141,-0.04368655441984186,0.0,0.6666666666666667,0.6666666666666667,0.0,0.0,1.0,0.0,0.0,0.0,1.0,0.0,0.0,1.0,0.0,0.0
0.8,1.004480999118255,0.0,0.3596294314757877,0.0,0.0,0.0,0.0,1.0,0.0,0.0,0.0,0.0,0.0,1.0,0.0,0.0,0.0,1.0
1.2,0.42211011693962214,0.9285714285714282,-0.09113549393697475,0.0,0.0,0.0,0.0,0.0,0.0,0.0,0.0,1.0,0.0,1.0,0.0,1.0,0.0,0.0
1.4,-0.2152035963631633,-1.4285714285714282,0.11052249901084003,1.0,1.0,1.0,0.0,0.0,0.0,0.0,1.0,0.0,0.0,1.0,0.0,1.0,0.0,0.0
0.0,-1.3667480955753748,0.0,-0.09113549393697475,1.0,1.0,1.0,0.0,0.0,0.0,0.0,0.0,1.0,0.0,1.0,0.0,1.0,0.0,0.0
0.0,-0.944912620517194,-0.14285714285714296,0.11052249901084003,0.0,0.0,0.0,0.0,0.0,0.0,0.0,1.0,0.0,0.0,1.0,0.0,1.0,0.0,0.0
0.8,0.3303508188664518,0.5,-1.5146036794509614,0.0,0.0,0.0,0.0,0.0,0.0,1.0,0.0,0.0,0.0,1.0,0.0,0.0,1.0,0.0
0.0,0.0,-1.2857142857142854,-0.10299772881625797,0.5,0.3333333333333333,0.3333333333333333,0.0,0.0,0.0,0.0,1.0,0.0,0.0,1.0,0.0,1.0,0.0,0.0
-0.8,0.07935704890070973,0.7857142857142853,-0.031824319540558636,0.5,1.0,1.0,1.0,0.0,0.0,0.0,0.0,0.0,1.0,0.0,0.0,0.0,0.0,1.0
0.0,0.48474292074413494,1.0,-0.5419004193497372,0.5,0.3333333333333333,0.3333333333333333,0.0,0.0,1.0,0.0,0.0,0.0,1.0,0.0,0.0,1.0,0.0,0.0
-0.6,-1.1768404619765542,0.7142857142857141,-1.7518483770366258,1.0,1.0,1.0,0.0,0.0,0.0,0.0,0.0,1.0,0.0,1.0,0.0,0.0,0.0,1.0
-0.4,0.0,0.0,0.11052249901084003,1.0,1.0,1.0,0.0,0.0,0.0,0.0,1.0,0.0,0.0,1.0,0.0,1.0,0.0,0.0
-1.0,0.0,0.0,0.11052249901084003,1.0,1.0,1.0,0.0,0.0,0.0,0.0,1.0,0.0,1.0,0.0,0.0,1.0,0.0,0.0
-0.2,-0.13982162732542172,-0.2142857142857141,-1.4552925050545453,1.0,1.0,1.0,0.0,0.0,0.0,0.0,1.0,0.0,1.0,0.0,0.0,1.0,0.0,0.0
1.2,0.3207383530160015,0.6428571428571427,-1.1112876935553317,0.5,0.6666666666666667,0.6666666666666667,1.0,0.0,0.0,0.0,0.0,0.0,1.0,0.0,1.0,0.0,0.0,0.0
0.0,-1.3651580636301874,0.2142857142857141,-0.04368655441984186,0.0,0.6666666666666667,0.6666666666666667,0.0,0.0,1.0,0.0,0.0,0.0,0.0,1.0,0.0,0.0,0.0,1.0
-1.4,1.2222575562654485,-1.1428571428571426,0.5968741290614521,1.0,0.6666666666666667,0.6666666666666667,0.0,0.0,0.0,0.0,0.0,1.0,0.0,1.0,0.0,0.0,0.0,1.0
-1.4,-1.3769243000245732,-0.07142857142857148,0.11052249901084003,0.5,0.0,0.0,0.0,0.0,0.0,0.0,1.0,0.0,0.0,1.0,0.0,1.0,0.0,0.0
0.0,0.7256616701117359,1.0,-1.2299100423481641,1.0,0.6666666666666667,0.6666666666666667,0.0,1.0,0.0,0.0,0.0,0.0,1.0,0.0,1.0,0.0,0.0,0.0
0.6,0.0,-0.35714285714285704,-0.12672219857482442,0.0,1.0,1.0,1.0,0.0,0.0,0.0,0.0,0.0,1.0,0.0,0.0,0.0,1.0,0.0
0.0,0.37322386204304653,0.8571428571428571,-1.0282520494003493,1.0,0.3333333333333333,0.3333333333333333,0.0,0.0,0.0,1.0,0.0,0.0,0.0,1.0,1.0,0.0,0.0,0.0
-0.4,-0.17134762434772552,0.0,1.6644752681969421,1.0,0.3333333333333333,0.3333333333333333,0.0,0.0,1.0,0.0,0.0,0.0,1.0,0.0,0.0,0.0,0.0,1.0
0.0,-1.2179066506699816,0.5,-0.31651795664335597,0.5,1.0,1.0,0.0,0.0,0.0,0.0,0.0,1.0,1.0,0.0,0.0,0.0,1.0,0.0
-0.8,-1.3409751232274758,0.2142857142857141,0.6087363639407354,0.5,1.0,1.0,0.0,1.0,0.0,0.0,0.0,0.0,1.0,0.0,0.0,0.0,1.0,0.0
-1.6,0.5600815252742805,0.0,-0.6961094727804191,0.0,0.3333333333333333,0.3333333333333333,0.0,1.0,0.0,0.0,0.0,0.0,0.0,1.0,0.0,0.0,1.0,0.0
0.8,0.047527500325233805,1.1428571428571423,0.1579714385279729,0.5,0.3333333333333333,0.3333333333333333,1.0,0.0,0.0,0.0,0.0,0.0,1.0,0.0,0.0,1.0,0.0,0.0
-1.0,-0.45191598849395065,0.0,-0.15044666833339085,0.5,0.3333333333333333,0.3333333333333333,0.0,0.0,0.0,0.0,0.0,1.0,1.0,0.0,0.0,0.0,1.0,0.0
0.0,-1.2886486173949494,0.42857142857142855,1.6288885635590924,0.0,0.0,0.0,0.0,0.0,0.0,0.0,1.0,0.0,1.0,0.0,0.0,1.0,0.0,0.0
1.4,-1.2056055853485783,0.2142857142857141,1.652613033317659,1.0,0.6666666666666667,0.6666666666666667,0.0,0.0,0.0,1.0,0.0,0.0,1.0,0.0,1.0,0.0,0.0,0.0
-1.8,-1.194200719850826,-1.1428571428571426,0.9764656451985152,0.5,0.0,0.0,0.0,0.0,0.0,1.0,0.0,0.0,1.0,0.0,0.0,0.0,0.0,1.0
0.0,-1.3783408739393763,-0.35714285714285704,1.6763375030762253,0.0,1.0,1.0,1.0,0.0,0.0,0.0,0.0,0.0,1.0,0.0,0.0,0.0,1.0,0.0
0.0,1.1337216865902489,-0.5,-0.2927934868847895,1.0,1.0,1.0,0.0,0.0,0.0,1.0,0.0,0.0,1.0,0.0,0.0,0.0,0.0,1.0
-1.4,0.0,-1.214285714285714,-0.4944514798326043,1.0,0.0,0.0,0.0,1.0,0.0,0.0,0.0,0.0,0.0,1.0,0.0,0.0,0.0,1.0
0.0,0.9982365100244287,0.5,1.5339906845248268,1.0,1.0,1.0,0.0,0.0,0.0,0.0,1.0,0.0,1.0,0.0,0.0,1.0,0.0,0.0
-0.8,-1.3287463320853992,0.0,-0.3876913659190553,0.0,0.0,0.0,0.0,1.0,0.0,0.0,0.0,0.0,0.0,1.0,0.0,0.0,1.0,0.0
-0.6,-0.5023055463205215,1.0,-0.9808031098832164,0.0,0.3333333333333333,0.3333333333333333,0.0,0.0,1.0,0.0,0.0,0.0,0.0,1.0,1.0,0.0,0.0,0.0
0.6,-0.04504126855639554,0.0,0.32404272683793806,0.0,0.3333333333333333,0.3333333333333333,0.0,0.0,1.0,0.0,0.0,0.0,1.0,0.0,0.0,1.0,0.0,0.0
-1.4,0.46428932799468065,-0.5,0.11052249901084003,0.0,0.0,0.0,1.0,0.0,0.0,0.0,0.0,0.0,0.0,1.0,0.0,0.0,0.0,1.0
-1.0,-0.21131524551538716,0.9285714285714282,1.2730215171805959,0.5,1.0,1.0,0.0,0.0,0.0,0.0,1.0,0.0,0.0,1.0,0.0,1.0,0.0,0.0
-0.2,-0.07627816886139258,1.0714285714285712,0.6324608336993018,1.0,1.0,1.0,1.0,0.0,0.0,0.0,0.0,0.0,0.0,1.0,0.0,1.0,0.0,0.0
0.6,-1.0187912866249405,-1.214285714285714,-0.26906901712622305,1.0,1.0,1.0,0.0,0.0,0.0,0.0,1.0,0.0,0.0,1.0,0.0,1.0,0.0,0.0
-0.4,-1.3037250112024978,-0.7142857142857141,1.1543991683877637,1.0,0.3333333333333333,0.3333333333333333,1.0,0.0,0.0,0.0,0.0,0.0,1.0,0.0,1.0,0.0,0.0,0.0
1.8,-1.3879822494615575,1.0714285714285712,-1.2417722772274473,0.0,0.6666666666666667,0.6666666666666667,0.0,0.0,0.0,0.0,0.0,1.0,0.0,1.0,0.0,0.0,1.0,0.0
0.0,0.4459316864457004,-0.9999999999999997,1.6288885635590924,0.5,0.0,0.0,1.0,0.0,0.0,0.0,0.0,0.0,1.0,0.0,1.0,0.0,0.0,0.0
0.2,1.2206675243202614,-0.42857142857142855,0.27659378732080514,0.5,0.6666666666666667,0.6666666666666667,0.0,0.0,0.0,1.0,0.0,0.0,0.0,1.0,0.0,0.0,0.0,1.0
0.0,1.0019369480059555,0.5714285714285712,-0.09113549393697475,0.0,0.6666666666666667,0.6666666666666667,0.0,1.0,0.0,0.0,0.0,0.0,1.0,0.0,1.0,0.0,0.0,0.0
-0.8,-1.4035501076885273,0.0,1.1425369335084803,0.0,1.0,1.0,0.0,0.0,0.0,0.0,1.0,0.0,1.0,0.0,0.0,1.0,0.0,0.0
1.6,-0.43192495049218715,-0.6428571428571427,1.8305465565069072,1.0,0.0,0.0,0.0,0.0,1.0,0.0,0.0,0.0,1.0,0.0,0.0,1.0,0.0,0.0
-1.6,-0.8475448461282722,-0.14285714285714296,1.6170263286798092,1.0,1.0,1.0,0.0,0.0,0.0,0.0,0.0,1.0,0.0,1.0,0.0,0.0,0.0,1.0
1.0,0.0,-0.8571428571428569,-1.0875632237967654,1.0,0.6666666666666667,0.6666666666666667,0.0,0.0,0.0,0.0,0.0,1.0,1.0,0.0,0.0,0.0,1.0,0.0
0.0,0.7961000852835316,0.7857142857142853,0.9052922359228159,0.0,0.6666666666666667,0.6666666666666667,0.0,0.0,0.0,0.0,0.0,1.0,1.0,0.0,0.0,0.0,0.0,1.0
-0.6,0.0,-0.7142857142857141,0.9052922359228159,0.0,0.6666666666666667,0.6666666666666667,1.0,0.0,0.0,0.0,0.0,0.0,1.0,0.0,0.0,0.0,1.0,0.0
-1.2,0.0,-0.5714285714285712,-0.5419004193497372,0.0,0.0,0.0,0.0,0.0,0.0,0.0,0.0,1.0,1.0,0.0,0.0,0.0,0.0,1.0
0.0,1.2336624217632008,0.0,0.4663895453893367,0.0,0.0,0.0,0.0,0.0,0.0,0.0,0.0,1.0,1.0,0.0,0.0,0.0,0.0,1.0
1.2,0.0,-1.2857142857142854,1.7712353821104911,1.0,0.0,0.0,0.0,0.0,0.0,0.0,1.0,0.0,0.0,1.0,0.0,1.0,0.0,0.0
0.8,-1.2957893063124268,-0.8571428571428569,-1.5857770887266607,0.0,1.0,1.0,0.0,0.0,0.0,0.0,0.0,1.0,0.0,1.0,0.0,1.0,0.0,0.0
0.0,1.3494022925369682,-0.7857142857142856,1.7237864425933582,0.0,0.6666666666666667,0.6666666666666667,0.0,0.0,0.0,0.0,1.0,0.0,0.0,1.0,0.0,1.0,0.0,0.0
-0.4,0.0,-0.7857142857142856,-0.031824319540558636,0.0,1.0,1.0,1.0,0.0,0.0,0.0,0.0,0.0,0.0,1.0,1.0,0.0,0.0,0.0
0.0,0.08722047961145402,-0.2142857142857141,-1.6806749677609265,0.5,1.0,1.0,0.0,0.0,0.0,1.0,0.0,0.0,0.0,1.0,0.0,0.0,1.0,0.0
-0.2,0.448432373050404,-1.2857142857142854,-1.3366701562617131,0.5,0.3333333333333333,0.3333333333333333,0.0,1.0,0.0,0.0,0.0,0.0,0.0,1.0,1.0,0.0,0.0,0.0
0.0,0.15355372139749354,0.0,-1.7992973165537587,0.5,0.3333333333333333,0.3333333333333333,0.0,0.0,0.0,0.0,0.0,1.0,1.0,0.0,0.0,0.0,1.0,0.0
-1.4,-1.4061086136366923,0.6428571428571427,-1.0757009889174822,0.5,1.0,1.0,0.0,0.0,1.0,0.0,0.0,0.0,1.0,0.0,0.0,1.0,0.0,0.0
-1.6,-0.4079877422991862,-0.2857142857142856,0.11052249901084003,0.5,0.0,0.0,0.0,0.0,0.0,0.0,1.0,0.0,1.0,0.0,0.0,1.0,0.0,0.0
0.0,0.0,0.42857142857142855,0.2528693175622387,0.0,1.0,1.0,0.0,0.0,0.0,0.0,0.0,1.0,0.0,1.0,1.0,0.0,0.0,0.0
0.0,0.0,0.07142857142857148,-1.1350121633138983,1.0,1.0,1.0,0.0,0.0,0.0,1.0,0.0,0.0,0.0,1.0,0.0,0.0,1.0,0.0
1.2,-1.076090255995143,0.0,-1.1824611028310312,1.0,1.0,1.0,0.0,0.0,0.0,0.0,1.0,0.0,0.0,1.0,0.0,1.0,0.0,0.0
-1.4,0.4781948800971365,-1.2857142857142854,0.27659378732080514,0.0,1.0,1.0,0.0,0.0,0.0,1.0,0.0,0.0,1.0,0.0,1.0,0.0,0.0,0.0
1.8,0.3657507119006664,-0.8571428571428569,0.12238473389012325,0.5,1.0,1.0,0.0,0.0,1.0,0.0,0.0,0.0,1.0,0.0,0.0,1.0,0.0,0.0
0.0,1.059698472123849,0.14285714285714296,-1.1824611028310312,1.0,1.0,1.0,0.0,0.0,1.0,0.0,0.0,0.0,0.0,1.0,0.0,1.0,0.0,0.0
0.0,0.0,-1.214285714285714,0.11052249901084003,0.0,0.0,0.0,0.0,0.0,0.0,1.0,0.0,0.0,1.0,0.0,0.0,1.0,0.0,0.0
1.2,-1.2549110304852489,0.7142857142857141,-0.20975784272980696,1.0,0.0,0.0,0.0,0.0,0.0,0.0,1.0,0.0,0.0,1.0,0.0,1.0,0.0,0.0
-0.8,-0.7662942137292031,-0.7857142857142856,1.8779954960240401,1.0,0.0,0.0,0.0,0.0,0.0,0.0,0.0,1.0,0.0,1.0,0.0,1.0,0.0,0.0
-1.0,0.1435365201428138,0.7857142857142853,1.4746795101284105,0.0,1.0,1.0,0.0,0.0,0.0,1.0,0.0,0.0,1.0,0.0,0.0,0.0,1.0,0.0
-0.4,-1.2851216374438068,-0.5714285714285712,1.012052349836365,1.0,0.6666666666666667,0.6666666666666667,1.0,0.0,0.0,0.0,0.0,0.0,0.0,1.0,0.0,1.0,0.0,0.0
-0.4,-0.6281059828565647,-0.2857142857142856,-0.04368655441984186,1.0,0.3333333333333333,0.3333333333333333,0.0,0.0,1.0,0.0,0.0,0.0,1.0,0.0,0.0,0.0,1.0,0.0
0.4,0.0,0.0,1.605164093800526,0.5,1.0,1.0,0.0,1.0,0.0,0.0,0.0,0.0,1.0,0.0,0.0,1.0,0.0,0.0
-1.2,0.0,-0.5,-0.6605227681425694,1.0,1.0,1.0,0.0,0.0,0.0,0.0,0.0,1.0,1.0,0.0,1.0,0.0,0.0,0.0
-0.2,0.858544976221795,0.35714285714285704,-0.7079717076597023,1.0,1.0,1.0,1.0,0.0,0.0,0.0,0.0,0.0,0.0,1.0,1.0,0.0,0.0,0.0
-0.4,-1.1437967071883899,-1.0714285714285712,0.6087363639407354,0.0,0.6666666666666667,0.6666666666666667,0.0,0.0,1.0,0.0,0.0,0.0,1.0,0.0,0.0,0.0,0.0,1.0
0.8,1.041225191887946,0.0,0.27659378732080514,0.5,0.3333333333333333,0.3333333333333333,0.0,0.0,0.0,1.0,0.0,0.0,1.0,0.0,0.0,0.0,1.0,0.0
-0.8,0.0,-0.6428571428571427,0.13424696876940648,0.0,0.0,0.0,1.0,0.0,0.0,0.0,0.0,0.0,1.0,0.0,1.0,0.0,0.0,0.0
0.0,-0.6435437475607464,-0.35714285714285704,-0.5774871239875868,0.0,1.0,1.0,0.0,0.0,1.0,0.0,0.0,0.0,1.0,0.0,0.0,0.0,1.0,0.0
0.4,-0.32105635940503896,0.5714285714285712,-0.7791451169354017,0.5,0.3333333333333333,0.3333333333333333,0.0,0.0,0.0,1.0,0.0,0.0,1.0,0.0,1.0,0.0,0.0,0.0
-1.4,0.2029748052210867,-1.3571428571428568,-0.20975784272980696,0.0,0.6666666666666667,0.6666666666666667,0.0,0.0,0.0,0.0,0.0,1.0,1.0,0.0,0.0,1.0,0.0,0.0
-0.8,0.7838134747979937,-1.3571428571428568,0.3952161361136374,1.0,1.0,1.0,1.0,0.0,0.0,0.0,0.0,0.0,1.0,0.0,0.0,1.0,0.0,0.0
0.0,-1.3190615920556221,0.5,-0.6842472379011358,0.5,1.0,1.0,0.0,1.0,0.0,0.0,0.0,0.0,0.0,1.0,0.0,0.0,0.0,1.0
0.0,0.2514996892210289,0.6428571428571427,1.652613033317659,1.0,1.0,1.0,1.0,0.0,0.0,0.0,0.0,0.0,0.0,1.0,1.0,0.0,0.0,0.0
0.4,-1.3351064598661482,0.2142857142857141,-1.5620526189680943,0.0,1.0,1.0,0.0,0.0,0.0,0.0,0.0,1.0,1.0,0.0,0.0,1.0,0.0,0.0
-0.4,-1.3997629406918084,0.0,0.9883278800777985,0.5,0.0,0.0,0.0,0.0,0.0,0.0,1.0,0.0,1.0,0.0,0.0,1.0,0.0,0.0
0.0,0.8959107269336957,-0.7142857142857141,-0.0674110241784083,0.5,1.0,1.0,0.0,0.0,0.0,0.0,0.0,1.0,1.0,0.0,1.0,0.0,0.0,0.0
0.0,0.4505572339226088,-0.42857142857142855,1.5221284496455434,0.5,0.0,0.0,0.0,1.0,0.0,0.0,0.0,0.0,1.0,0.0,1.0,0.0,0.0,0.0
-1.0,-0.5110651768549168,0.6428571428571427,1.3797816310941449,0.0,1.0,1.0,0.0,0.0,0.0,1.0,0.0,0.0,1.0,0.0,1.0,0.0,0.0,0.0
0.0,0.0,-1.4285714285714282,-1.6450882631230768,1.0,0.6666666666666667,0.6666666666666667,0.0,0.0,0.0,0.0,0.0,1.0,1.0,0.0,0.0,0.0,0.0,1.0
1.0,0.7311400529046993,1.2142857142857142,1.118812463749914,1.0,0.6666666666666667,0.6666666666666667,0.0,0.0,0.0,0.0,1.0,0.0,1.0,0.0,0.0,1.0,0.0,0.0
-0.4,1.2589583845275436,0.6428571428571427,1.8542710262654738,0.0,0.0,0.0,0.0,0.0,0.0,0.0,0.0,1.0,1.0,0.0,1.0,0.0,0.0,0.0
-1.8,-1.1302380711467022,-0.9285714285714284,-0.2927934868847895,0.5,0.0,0.0,0.0,0.0,0.0,0.0,1.0,0.0,1.0,0.0,0.0,1.0,0.0,0.0
1.6,0.0,-1.214285714285714,-0.18603337297124053,0.0,1.0,1.0,0.0,0.0,0.0,1.0,0.0,0.0,0.0,1.0,0.0,1.0,0.0,0.0
0.0,-1.081756551654356,-1.214285714285714,-0.2216200776090902,1.0,1.0,1.0,1.0,0.0,0.0,0.0,0.0,0.0,0.0,1.0,0.0,0.0,0.0,1.0
0.0,0.0,-1.0714285714285712,-0.19789560785052374,0.0,0.0,0.0,0.0,0.0,0.0,0.0,0.0,1.0,0.0,1.0,0.0,1.0,0.0,0.0
1.6,0.0,1.0,-0.04368655441984186,0.0,1.0,1.0,0.0,0.0,1.0,0.0,0.0,0.0,0.0,1.0,1.0,0.0,0.0,0.0
1.2,0.0,1.0,-0.5656248891083037,0.0,0.0,0.0,1.0,0.0,0.0,0.0,0.0,0.0,1.0,0.0,1.0,0.0,0.0,0.0
-0.4,-0.2574550815975485,0.0,1.3797816310941449,0.5,0.0,0.0,1.0,0.0,0.0,0.0,0.0,0.0,1.0,0.0,0.0,0.0,1.0,0.0
1.2,-1.2352379988725228,0.5,-0.09113549393697475,0.0,1.0,1.0,0.0,0.0,0.0,0.0,0.0,1.0,1.0,0.0,1.0,0.0,0.0,0.0
1.8,-0.521530478021422,0.5,1.7000619728347919,0.0,0.6666666666666667,0.6666666666666667,0.0,0.0,1.0,0.0,0.0,0.0,0.0,1.0,0.0,0.0,0.0,1.0
-0.4,0.04423179774793657,0.0,1.8424087913861904,0.0,0.3333333333333333,0.3333333333333333,0.0,0.0,1.0,0.0,0.0,0.0,1.0,0.0,0.0,0.0,1.0,0.0
0.8,-1.1301513421315101,-0.2142857142857141,-0.8503185262111009,0.0,0.3333333333333333,0.3333333333333333,0.0,0.0,0.0,0.0,0.0,1.0,1.0,0.0,0.0,0.0,0.0,1.0
0.8,-1.2177621023113283,1.1428571428571423,-0.9214919354868003,0.5,0.0,0.0,0.0,0.0,0.0,1.0,0.0,0.0,0.0,1.0,0.0,0.0,1.0,0.0
-1.2,-0.3689018661193102,0.7142857142857141,0.8934300010435327,0.5,1.0,1.0,0.0,1.0,0.0,0.0,0.0,0.0,1.0,0.0,0.0,0.0,0.0,1.0
-0.8,-0.18490626038941327,-0.9285714285714284,-0.09113549393697475,1.0,0.0,0.0,0.0,0.0,0.0,0.0,0.0,1.0,0.0,1.0,0.0,1.0,0.0,0.0
0.0,0.8919356470707275,0.0,-0.09113549393697475,0.5,0.6666666666666667,0.6666666666666667,0.0,0.0,0.0,0.0,0.0,1.0,1.0,0.0,0.0,1.0,0.0,0.0
-0.8,-0.6930949249071277,0.6428571428571427,-1.7637106119159092,0.5,0.3333333333333333,0.3333333333333333,0.0,0.0,0.0,1.0,0.0,0.0,1.0,0.0,0.0,1.0,0.0,0.0
0.4,0.4173833856116564,0.0,1.7000619728347919,0.5,0.3333333333333333,0.3333333333333333,0.0,0.0,0.0,0.0,0.0,1.0,0.0,1.0,0.0,1.0,0.0,0.0
1.4,-0.9974993133952964,0.0,0.27659378732080514,0.0,1.0,1.0,0.0,0.0,0.0,1.0,0.0,0.0,1.0,0.0,0.0,0.0,0.0,1.0
0.0,-1.0661742385915207,-0.2142857142857141,-0.09113549393697475,0.0,0.0,0.0,0.0,1.0,0.0,0.0,0.0,0.0,0.0,1.0,0.0,1.0,0.0,0.0
-1.6,0.842673566441653,0.07142857142857148,-0.031824319540558636,0.5,0.0,0.0,1.0,0.0,0.0,0.0,0.0,0.0,0.0,1.0,0.0,0.0,1.0,0.0
-1.8,-0.7278732599991327,0.7857142857142853,-0.09113549393697475,0.0,0.3333333333333333,0.3333333333333333,0.0,1.0,0.0,0.0,0.0,0.0,1.0,0.0,0.0,1.0,0.0,0.0
-1.4,0.6657463754499068,-0.07142857142857148,0.13424696876940648,1.0,0.6666666666666667,0.6666666666666667,0.0,0.0,0.0,1.0,0.0,0.0,0.0,1.0,1.0,0.0,0.0,0.0
0.0,0.0,0.2857142857142856,-0.6723850030218527,1.0,0.0,0.0,0.0,1.0,0.0,0.0,0.0,0.0,1.0,0.0,0.0,1.0,0.0,0.0
1.4,0.9473265781067056,-1.1428571428571426,1.2374348125427461,1.0,1.0,1.0,1.0,0.0,0.0,0.0,0.0,0.0,1.0,0.0,0.0,1.0,0.0,0.0
-0.2,0.0,0.14285714285714296,0.08679802925227359,0.5,0.3333333333333333,0.3333333333333333,0.0,0.0,0.0,0.0,0.0,1.0,1.0,0.0,0.0,0.0,1.0,0.0
0.0,-0.6455674245818939,-0.42857142857142855,-0.6130738286254366,0.5,0.0,0.0,1.0,0.0,0.0,0.0,0.0,0.0,0.0,1.0,0.0,0.0,0.0,1.0
0.0,-1.0351107963169077,1.0,-0.37582913103977206,1.0,0.6666666666666667,0.6666666666666667,0.0,0.0,0.0,0.0,0.0,1.0,1.0,0.0,0.0,1.0,0.0,0.0
-1.4,1.3147829606394819,-1.0714285714285712,-0.11485996369554119,0.0,0.3333333333333333,0.3333333333333333,0.0,0.0,1.0,0.0,0.0,0.0,0.0,1.0,0.0,0.0,0.0,1.0
1.6,-0.5621196571312933,0.0,-0.5063137147118876,0.0,1.0,1.0,1.0,0.0,0.0,0.0,0.0,0.0,1.0,0.0,0.0,0.0,1.0,0.0
0.0,0.740261054335728,0.0,1.5577151542833931,0.5,0.3333333333333333,0.3333333333333333,0.0,0.0,0.0,1.0,0.0,0.0,1.0,0.0,0.0,1.0,0.0,0.0
1.0,-0.07551206256052963,-0.7142857142857141,-1.4078435655374124,1.0,0.6666666666666667,0.6666666666666667,0.0,0.0,1.0,0.0,0.0,0.0,0.0,1.0,1.0,0.0,0.0,0.0
1.0,-0.6195198103525534,-1.2857142857142854,1.7949598518690575,1.0,0.3333333333333333,0.3333333333333333,0.0,1.0,0.0,0.0,0.0,0.0,0.0,1.0,0.0,1.0,0.0,0.0
-1.0,-0.05696650814530001,-0.5714285714285712,0.8934300010435327,0.0,0.3333333333333333,0.3333333333333333,0.0,1.0,0.0,0.0,0.0,0.0,0.0,1.0,1.0,0.0,0.0,0.0
0.0,0.6963761726485596,-0.7857142857142856,-1.5857770887266607,0.0,0.0,0.0,0.0,0.0,0.0,0.0,0.0,1.0,0.0,1.0,0.0,0.0,1.0,0.0
-0.4,0.9718130700625894,1.1428571428571423,1.3560571613355783,0.0,0.3333333333333333,0.3333333333333333,0.0,0.0,1.0,0.0,0.0,0.0,1.0,0.0,0.0,0.0,0.0,1.0
0.0,0.7345224844971885,0.0,-1.7399861421573426,0.5,1.0,1.0,0.0,1.0,0.0,0.0,0.0,0.0,0.0,1.0,0.0,0.0,0.0,1.0
-1.2,0.6935574796548185,1.2857142857142854,0.27659378732080514,1.0,0.6666666666666667,0.6666666666666667,0.0,0.0,0.0,1.0,0.0,0.0,0.0,1.0,0.0,0.0,1.0,0.0
0.0,0.07030832164900767,0.0,-0.9926653447624997,0.0,1.0,1.0,0.0,1.0,0.0,0.0,0.0,0.0,1.0,0.0,0.0,0.0,1.0,0.0
-1.2,-0.3466269640508232,-0.07142857142857148,-1.4078435655374124,1.0,0.0,0.0,0.0,0.0,0.0,0.0,0.0,1.0,0.0,1.0,0.0,1.0,0.0,0.0
0.6,0.5100677931802085,1.2857142857142854,-1.2536345121067305,1.0,1.0,1.0,0.0,0.0,0.0,1.0,0.0,0.0,0.0,1.0,0.0,0.0,1.0,0.0
0.0,0.0,1.0,-0.09113549393697475,0.0,0.6666666666666667,0.6666666666666667,0.0,0.0,0.0,0.0,0.0,1.0,1.0,0.0,1.0,0.0,0.0,0.0
-0.4,0.1328688512741938,-0.42857142857142855,-0.9570786401246499,1.0,0.3333333333333333,0.3333333333333333,0.0,1.0,0.0,0.0,0.0,0.0,1.0,0.0,0.0,1.0,0.0,0.0
-0.4,0.6669316719908646,-0.5,0.45452731051005346,0.5,1.0,1.0,1.0,0.0,0.0,0.0,0.0,0.0,0.0,1.0,0.0,0.0,0.0,1.0
0.0,0.0,0.9285714285714282,1.8424087913861904,0.0,0.3333333333333333,0.3333333333333333,0.0,1.0,0.0,0.0,0.0,0.0,0.0,1.0,1.0,0.0,0.0,0.0
0.0,0.21527587054248998,0.6428571428571427,-1.170598867951748,0.5,0.0,0.0,0.0,0.0,0.0,1.0,0.0,0.0,1.0,0.0,0.0,0.0,0.0,1.0
0.0,0.7655714719359362,-0.42857142857142855,-1.5264659143302446,0.5,0.0,0.0,0.0,0.0,0.0,0.0,1.0,0.0,0.0,1.0,0.0,1.0,0.0,0.0
-0.8,1.0663766062936355,-0.14285714285714296,-0.3283801915226392,0.5,1.0,1.0,0.0,0.0,1.0,0.0,0.0,0.0,0.0,1.0,0.0,0.0,1.0,0.0
1.6,0.6241453578294619,-1.214285714285714,0.21728261292438902,0.0,1.0,1.0,0.0,0.0,0.0,0.0,1.0,0.0,0.0,1.0,0.0,1.0,0.0,0.0
-1.6,-0.16516095459736055,-0.42857142857142855,-0.09113549393697475,0.0,1.0,1.0,0.0,0.0,0.0,0.0,0.0,1.0,0.0,1.0,1.0,0.0,0.0,0.0
0.4,-0.01293707809947818,0.0,0.7985321220092669,0.0,0.3333333333333333,0.3333333333333333,1.0,0.0,0.0,0.0,0.0,0.0,1.0,0.0,0.0,0.0,1.0,0.0
-0.2,0.0,-0.7142857142857141,-0.04368655441984186,0.0,0.6666666666666667,0.6666666666666667,0.0,0.0,1.0,0.0,0.0,0.0,0.0,1.0,0.0,1.0,0.0,0.0
1.0,1.0923519463436493,0.8571428571428571,0.2528693175622387,1.0,1.0,1.0,0.0,0.0,0.0,0.0,1.0,0.0,0.0,1.0,0.0,1.0,0.0,0.0
0.0,0.0,0.0,0.27659378732080514,0.5,1.0,1.0,0.0,0.0,0.0,1.0,0.0,0.0,0.0,1.0,0.0,0.0,0.0,1.0
0.6,-1.4055159653662133,0.2857142857142856,-1.597639323605944,0.0,0.6666666666666667,0.6666666666666667,0.0,0.0,1.0,0.0,0.0,0.0,1.0,0.0,0.0,0.0,1.0,0.0
0.0,0.0,0.9285714285714282,1.5814396240419595,0.0,0.6666666666666667,0.6666666666666667,0.0,0.0,0.0,0.0,0.0,1.0,1.0,0.0,0.0,1.0,0.0,0.0
-0.2,0.0,-0.9285714285714284,0.9052922359228159,0.5,0.6666666666666667,0.6666666666666667,0.0,0.0,0.0,0.0,0.0,1.0,1.0,0.0,1.0,0.0,0.0,0.0
0.0,0.5627701247452335,0.35714285714285704,-1.4197058004166956,0.5,1.0,1.0,0.0,0.0,0.0,0.0,1.0,0.0,1.0,0.0,0.0,1.0,0.0,0.0
-1.8,1.3811451120972522,-0.42857142857142855,-1.7399861421573426,0.0,1.0,1.0,0.0,0.0,0.0,1.0,0.0,0.0,0.0,1.0,0.0,1.0,0.0,0.0
0.0,0.6415778898830604,-0.5714285714285712,0.27659378732080514,0.0,1.0,1.0,0.0,0.0,0.0,1.0,0.0,0.0,1.0,0.0,0.0,1.0,0.0,0.0
0.0,-1.2669229990893454,1.0,0.11052249901084003,0.5,1.0,1.0,0.0,0.0,0.0,0.0,1.0,0.0,1.0,0.0,0.0,1.0,0.0,0.0
0.0,1.2268108295630302,0.0,-1.8111595514330419,0.0,1.0,1.0,0.0,0.0,1.0,0.0,0.0,0.0,1.0,0.0,0.0,0.0,0.0,1.0
0.6,0.033578583715181916,1.2857142857142854,1.7237864425933582,0.0,1.0,1.0,0.0,0.0,1.0,0.0,0.0,0.0,1.0,0.0,0.0,1.0,0.0,0.0
1.6,0.0,0.9285714285714282,1.4035061008527112,0.0,1.0,1.0,0.0,1.0,0.0,0.0,0.0,0.0,0.0,1.0,0.0,0.0,0.0,1.0
-1.8,-0.658157586620604,1.0,-0.04368655441984186,0.5,0.3333333333333333,0.3333333333333333,0.0,0.0,1.0,0.0,0.0,0.0,0.0,1.0,0.0,0.0,0.0,1.0
0.8,-0.35252453708388143,0.0,-0.04368655441984186,0.0,0.0,0.0,1.0,0.0,0.0,0.0,0.0,0.0,0.0,1.0,0.0,1.0,0.0,0.0
0.0,-0.7477342044781081,-0.2142857142857141,1.8898577309033233,0.0,0.0,0.0,0.0,0.0,0.0,1.0,0.0,0.0,0.0,1.0,1.0,0.0,0.0,0.0
-1.0,-0.15245515387172778,1.357142857142857,-1.3248079213824298,1.0,1.0,1.0,0.0,0.0,1.0,0.0,0.0,0.0,0.0,1.0,0.0,0.0,1.0,0.0
-0.8,-0.426157470981917,0.0,-1.7518483770366258,0.0,0.0,0.0,0.0,1.0,0.0,0.0,0.0,0.0,1.0,0.0,0.0,0.0,1.0,0.0
-1.8,0.0,0.9285714285714282,-1.4790169748131117,0.0,1.0,1.0,0.0,0.0,1.0,0.0,0.0,0.0,1.0,0.0,1.0,0.0,0.0,0.0
-0.6,0.595221231262919,-0.2857142857142856,-0.3639668961604889,0.5,0.0,0.0,0.0,0.0,0.0,0.0,0.0,1.0,1.0,0.0,0.0,0.0,0.0,1.0
-0.4,-1.1380581373498504,0.0,-0.3876913659190553,0.5,0.3333333333333333,0.3333333333333333,1.0,0.0,0.0,0.0,0.0,0.0,0.0,1.0,0.0,0.0,0.0,1.0
0.6,0.5503823304086383,0.0,1.225572577663463,0.0,0.3333333333333333,0.3333333333333333,1.0,0.0,0.0,0.0,0.0,0.0,1.0,0.0,0.0,1.0,0.0,0.0
0.8,0.0,-1.3571428571428568,-0.6961094727804191,0.0,0.0,0.0,0.0,0.0,0.0,0.0,0.0,1.0,0.0,1.0,0.0,0.0,0.0,1.0
0.0,-0.4026972723724722,-0.5714285714285712,1.17812363814633,0.5,0.3333333333333333,0.3333333333333333,1.0,0.0,0.0,0.0,0.0,0.0,0.0,1.0,1.0,0.0,0.0,0.0
1.8,-0.6077535739581678,0.0,-0.09113549393697475,0.5,0.3333333333333333,0.3333333333333333,0.0,0.0,0.0,0.0,0.0,1.0,0.0,1.0,1.0,0.0,0.0,0.0
0.8,-0.14217776557147194,0.0,-0.5893493588668701,0.5,0.3333333333333333,0.3333333333333333,1.0,0.0,0.0,0.0,0.0,0.0,0.0,1.0,1.0,0.0,0.0,0.0
-1.2,1.2732542171983636,0.0,-1.5383281492095278,0.0,1.0,1.0,0.0,1.0,0.0,0.0,0.0,0.0,0.0,1.0,1.0,0.0,0.0,0.0
-0.6,0.7655425622642055,0.7142857142857141,-1.9179196653465909,0.0,0.3333333333333333,0.3333333333333333,1.0,0.0,0.0,0.0,0.0,0.0,0.0,1.0,0.0,1.0,0.0,0.0
-1.4,1.0071551437533426,-0.2857142857142856,-0.09113549393697475,1.0,0.3333333333333333,0.3333333333333333,0.0,0.0,0.0,0.0,0.0,1.0,1.0,0.0,1.0,0.0,0.0,0.0
1.2,-0.7901880574146081,0.5,-0.5063137147118876,0.5,0.6666666666666667,0.6666666666666667,1.0,0.0,0.0,0.0,0.0,0.0,0.0,1.0,0.0,1.0,0.0,0.0
0.0,0.7536028678394356,0.9285714285714282,0.0986602641315568,0.0,1.0,1.0,0.0,1.0,0.0,0.0,0.0,0.0,0.0,1.0,0.0,0.0,1.0,0.0
0.4,-0.9395065119035574,0.14285714285714296,0.27659378732080514,0.0,1.0,1.0,0.0,0.0,0.0,1.0,0.0,0.0,1.0,0.0,0.0,0.0,0.0,1.0
0.2,1.3017591535248116,-1.4285714285714282,-0.09113549393697475,0.5,1.0,1.0,0.0,1.0,0.0,0.0,0.0,0.0,1.0,0.0,0.0,0.0,1.0,0.0
0.0,0.038738960119107844,-1.1428571428571426,0.857843296405683,0.0,1.0,1.0,0.0,0.0,0.0,0.0,0.0,1.0,0.0,1.0,0.0,0.0,1.0,0.0
1.8,-0.38546710802098844,-1.2857142857142854,-0.09113549393697475,0.0,0.6666666666666667,0.6666666666666667,0.0,1.0,0.0,0.0,0.0,0.0,1.0,0.0,0.0,0.0,1.0,0.0
-1.2,-0.7303305820962402,-1.2857142857142854,-0.031824319540558636,0.0,0.0,0.0,1.0,0.0,0.0,0.0,0.0,0.0,1.0,0.0,0.0,1.0,0.0,0.0
1.0,0.0,0.2142857142857141,-0.09113549393697475,0.0,0.3333333333333333,0.3333333333333333,0.0,1.0,0.0,0.0,0.0,0.0,1.0,0.0,1.0,0.0,0.0,0.0
0.0,1.1096399300385944,0.8571428571428571,1.7475109123519248,1.0,1.0,1.0,0.0,0.0,0.0,0.0,0.0,1.0,1.0,0.0,0.0,1.0,0.0,0.0
-0.4,0.0,-1.3571428571428568,-1.3603946260202795,0.0,1.0,1.0,1.0,0.0,0.0,0.0,0.0,0.0,1.0,0.0,1.0,0.0,0.0,0.0
-1.2,0.0,0.0,1.7475109123519248,0.5,0.6666666666666667,0.6666666666666667,0.0,0.0,0.0,0.0,0.0,1.0,0.0,1.0,0.0,0.0,0.0,1.0
-0.6,-1.2028302568624334,0.2857142857142856,-0.04368655441984186,0.5,0.0,0.0,0.0,0.0,1.0,0.0,0.0,0.0,1.0,0.0,0.0,0.0,0.0,1.0
-0.2,0.0,0.0,-0.031824319540558636,1.0,1.0,1.0,1.0,0.0,0.0,0.0,0.0,0.0,0.0,1.0,1.0,0.0,0.0,0.0
0.8,0.0,1.0714285714285712,0.3952161361136374,1.0,0.3333333333333333,0.3333333333333333,0.0,0.0,0.0,1.0,0.0,0.0,0.0,1.0,0.0,0.0,0.0,1.0
-1.6,0.6463335308827568,-0.9285714285714284,0.18169590828653936,0.0,1.0,1.0,1.0,0.0,0.0,0.0,0.0,0.0,0.0,1.0,1.0,0.0,0.0,0.0
0.6,-0.01905147367051647,-0.5,1.2018481079048964,0.5,1.0,1.0,0.0,0.0,0.0,0.0,1.0,0.0,1.0,0.0,0.0,1.0,0.0,0.0
-1.2,-0.8523872161431607,0.07142857142857148,0.27659378732080514,0.5,0.6666666666666667,0.6666666666666667,0.0,0.0,0.0,1.0,0.0,0.0,1.0,0.0,0.0,0.0,0.0,1.0
1.4,1.1398071724895564,0.07142857142857148,-1.4197058004166956,0.0,0.0,0.0,0.0,1.0,0.0,0.0,0.0,0.0,1.0,0.0,0.0,0.0,1.0,0.0
-1.6,-0.4024804498344921,0.42857142857142855,0.537562954665036,0.5,1.0,1.0,0.0,0.0,0.0,0.0,1.0,0.0,0.0,1.0,0.0,1.0,0.0,0.0
0.0,-1.0963270262066174,0.0,1.6288885635590924,0.0,0.6666666666666667,0.6666666666666667,0.0,0.0,1.0,0.0,0.0,0.0,0.0,1.0,0.0,0.0,1.0,0.0
0.0,-0.17418077217733194,0.42857142857142855,-0.031824319540558636,1.0,0.6666666666666667,0.6666666666666667,1.0,0.0,0.0,0.0,0.0,0.0,0.0,1.0,0.0,1.0,0.0,0.0
1.2,0.2112140616643298,-1.214285714285714,1.3441949264562951,1.0,0.3333333333333333,0.3333333333333333,0.0,0.0,0.0,1.0,0.0,0.0,0.0,1.0,0.0,0.0,1.0,0.0
-1.0,0.0,-0.6428571428571427,1.0832257591120642,0.5,1.0,1.0,1.0,0.0,0.0,0.0,0.0,0.0,1.0,0.0,1.0,0.0,0.0,0.0
0.0,0.0,0.0,-0.3283801915226392,0.0,0.3333333333333333,0.3333333333333333,0.0,0.0,0.0,0.0,0.0,1.0,0.0,1.0,1.0,0.0,0.0,0.0
-1.2,-0.9227099926280337,-0.42857142857142855,-0.35210466128120566,1.0,0.0,0.0,0.0,0.0,0.0,1.0,0.0,0.0,1.0,0.0,1.0,0.0,0.0,0.0
-1.8,-0.36992815946574925,-1.3571428571428568,-1.5739148538473775,1.0,0.6666666666666667,0.6666666666666667,0.0,1.0,0.0,0.0,0.0,0.0,1.0,0.0,0.0,1.0,0.0,0.0
-0.8,0.5441233864789465,1.357142857142857,1.7356486774726414,1.0,0.3333333333333333,0.3333333333333333,0.0,0.0,0.0,1.0,0.0,0.0,0.0,1.0,0.0,1.0,0.0,0.0
0.2,0.14599384223992137,0.0,-0.5181759495911707,0.0,0.3333333333333333,0.3333333333333333,0.0,0.0,0.0,1.0,0.0,0.0,0.0,1.0,0.0,0.0,1.0,0.0
0.0,-0.7959844465966089,-0.35714285714285704,-1.3485323911409963,0.5,1.0,1.0,1.0,0.0,0.0,0.0,0.0,0.0,1.0,0.0,0.0,0.0,1.0,0.0
1.2,0.0,0.07142857142857148,0.8459810615263998,0.5,0.0,0.0,1.0,0.0,0.0,0.0,0.0,0.0,0.0,1.0,0.0,0.0,1.0,0.0
0.0,0.0,-0.14285714285714296,-1.8586084909501748,0.0,0.0,0.0,0.0,0.0,1.0,0.0,0.0,0.0,1.0,0.0,1.0,0.0,0.0,0.0
0.8,0.0,-1.2857142857142854,0.6561853034578683,0.5,0.3333333333333333,0.3333333333333333,0.0,0.0,1.0,0.0,0.0,0.0,1.0,0.0,1.0,0.0,0.0,0.0
-1.4,-0.5387317327011751,-1.214285714285714,1.2967459869391622,1.0,0.6666666666666667,0.6666666666666667,0.0,0.0,0.0,1.0,0.0,0.0,1.0,0.0,1.0,0.0,0.0,0.0
-1.4,-0.19337679420650178,0.0,-0.10299772881625797,0.0,0.6666666666666667,0.6666666666666667,0.0,1.0,0.0,0.0,0.0,0.0,1.0,0.0,0.0,0.0,1.0,0.0
1.8,-0.35592142351223605,-1.0714285714285712,-1.3010834516238634,0.0,1.0,1.0,0.0,0.0,0.0,1.0,0.0,0.0,1.0,0.0,0.0,0.0,0.0,1.0
0.0,0.4279209609574883,-1.3571428571428568,-0.04368655441984186,1.0,1.0,1.0,0.0,0.0,1.0,0.0,0.0,0.0,1.0,0.0,0.0,1.0,0.0,0.0
0.0,-0.2335901475838742,0.0,-0.04368655441984186,0.0,0.6666666666666667,0.6666666666666667,0.0,0.0,1.0,0.0,0.0,0.0,1.0,0.0,1.0,0.0,0.0,0.0
0.0,-1.3079747329469074,-0.35714285714285704,-1.170598867951748,0.0,0.3333333333333333,0.3333333333333333,0.0,0.0,0.0,0.0,0.0,1.0,1.0,0.0,1.0,0.0,0.0,0.0
0.0,0.0,0.0,-0.35210466128120566,0.5,1.0,1.0,0.0,0.0,0.0,0.0,1.0,0.0,0.0,1.0,0.0,1.0,0.0,0.0
0.8,0.0,0.0,-1.6688127328816433,0.0,1.0,1.0,0.0,0.0,1.0,0.0,0.0,0.0,0.0,1.0,0.0,0.0,0.0,1.0
0.0,1.1085702721845594,1.0714285714285712,-0.04368655441984186,1.0,0.3333333333333333,0.3333333333333333,0.0,0.0,1.0,0.0,0.0,0.0,1.0,0.0,0.0,0.0,0.0,1.0
0.6,1.3107500614330525,-0.9285714285714284,-1.8230217863123253,0.0,0.6666666666666667,0.6666666666666667,0.0,0.0,1.0,0.0,0.0,0.0,0.0,1.0,0.0,0.0,0.0,1.0
-0.8,0.5273124123675575,0.7142857142857141,0.537562954665036,0.5,0.0,0.0,0.0,1.0,0.0,0.0,0.0,0.0,1.0,0.0,0.0,0.0,1.0,0.0
0.4,-1.1367282924502393,-1.2857142857142854,-1.2299100423481641,0.0,0.6666666666666667,0.6666666666666667,1.0,0.0,0.0,0.0,0.0,0.0,0.0,1.0,0.0,0.0,0.0,1.0
0.0,0.07236090834188577,-0.6428571428571427,1.5814396240419595,0.5,1.0,1.0,0.0,0.0,0.0,0.0,0.0,1.0,1.0,0.0,1.0,0.0,0.0,0.0
1.0,0.3012387794336595,0.0,0.11052249901084003,0.0,0.0,0.0,0.0,0.0,0.0,0.0,1.0,0.0,1.0,0.0,0.0,1.0,0.0,0.0
0.0,0.5266330350818866,0.14285714285714296,-1.6569504980023602,0.0,1.0,1.0,0.0,0.0,1.0,0.0,0.0,0.0,0.0,1.0,0.0,0.0,0.0,1.0
-0.4,-1.3942701030629798,-0.9285714285714284,-0.6130738286254366,0.0,1.0,1.0,0.0,0.0,0.0,0.0,1.0,0.0,1.0,0.0,0.0,1.0,0.0,0.0
0.0,0.0,0.6428571428571427,-1.7518483770366258,0.0,1.0,1.0,0.0,1.0,0.0,0.0,0.0,0.0,1.0,0.0,0.0,0.0,1.0,0.0
-0.8,0.8841300357034446,0.0,1.0001901149570818,0.5,1.0,1.0,0.0,0.0,0.0,0.0,1.0,0.0,0.0,1.0,0.0,1.0,0.0,0.0
-0.6,1.2665327185209811,0.42857142857142855,-1.7637106119159092,0.0,0.3333333333333333,0.3333333333333333,0.0,0.0,0.0,0.0,1.0,0.0,1.0,0.0,0.0,1.0,0.0,0.0
0.0,0.0,-0.5714285714285712,1.284883752059879,0.0,1.0,1.0,1.0,0.0,0.0,0.0,0.0,0.0,0.0,1.0,0.0,0.0,1.0,0.0
0.6,0.42364232954134806,-0.2857142857142856,-0.19789560785052374,0.0,1.0,1.0,1.0,0.0,0.0,0.0,0.0,0.0,1.0,0.0,0.0,0.0,1.0,0.0
-1.6,0.764284991543921,0.0,-0.23348231248837342,0.5,1.0,1.0,0.0,0.0,0.0,0.0,0.0,1.0,1.0,0.0,0.0,0.0,1.0,0.0
0.0,0.0,0.0,-0.12672219857482442,0.5,0.3333333333333333,0.3333333333333333,0.0,0.0,0.0,0.0,0.0,1.0,0.0,1.0,0.0,0.0,1.0,0.0
0.8,-1.1940561714921727,-0.8571428571428569,-0.7910073518146848,0.5,0.6666666666666667,0.6666666666666667,0.0,0.0,0.0,0.0,1.0,0.0,1.0,0.0,0.0,1.0,0.0,0.0
0.0,-0.26348274815339473,-0.6428571428571427,0.11052249901084003,0.0,0.0,0.0,0.0,0.0,0.0,0.0,1.0,0.0,1.0,0.0,0.0,1.0,0.0,0.0
1.8,0.0,0.0,0.7273587127335676,1.0,1.0,1.0,0.0,0.0,0.0,0.0,0.0,1.0,0.0,1.0,0.0,0.0,0.0,1.0
0.0,0.6834246397132161,0.9285714285714282,-1.5027414445716782,1.0,0.0,0.0,0.0,0.0,0.0,0.0,1.0,0.0,0.0,1.0,0.0,1.0,0.0,0.0
1.8,0.9327850132261748,-0.07142857142857148,0.964603410319232,1.0,1.0,1.0,0.0,0.0,0.0,1.0,0.0,0.0,1.0,0.0,0.0,1.0,0.0,0.0
-0.2,-0.45878203552998653,0.9285714285714282,-1.1112876935553317,0.0,1.0,1.0,1.0,0.0,0.0,0.0,0.0,0.0,1.0,0.0,1.0,0.0,0.0,0.0
0.0,0.684234110521675,1.2857142857142854,0.08679802925227359,0.0,0.0,0.0,0.0,0.0,1.0,0.0,0.0,0.0,0.0,1.0,1.0,0.0,0.0,0.0
0.0,-0.1916277590667958,-1.1428571428571426,0.45452731051005346,0.0,1.0,1.0,0.0,0.0,0.0,0.0,1.0,0.0,0.0,1.0,0.0,1.0,0.0,0.0
1.8,0.6535464939795609,1.1428571428571423,-0.7672828820561184,0.0,0.6666666666666667,0.6666666666666667,0.0,1.0,0.0,0.0,0.0,0.0,1.0,0.0,0.0,0.0,1.0,0.0
0.0,0.0,0.0,1.284883752059879,0.5,0.3333333333333333,0.3333333333333333,0.0,0.0,0.0,1.0,0.0,0.0,1.0,0.0,0.0,1.0,0.0,0.0
1.4,0.685260403868114,-0.42857142857142855,0.7273587127335676,0.5,1.0,1.0,0.0,0.0,0.0,1.0,0.0,0.0,0.0,1.0,0.0,1.0,0.0,0.0
1.8,0.02542605628713086,0.42857142857142855,-0.5063137147118876,1.0,1.0,1.0,1.0,0.0,0.0,0.0,0.0,0.0,1.0,0.0,1.0,0.0,0.0,0.0
1.4,0.6021740073141469,-1.214285714285714,0.27659378732080514,1.0,0.6666666666666667,0.6666666666666667,0.0,0.0,0.0,1.0,0.0,0.0,1.0,0.0,0.0,1.0,0.0,0.0
0.2,-0.6109625475202729,0.8571428571428571,1.6407507984383758,1.0,1.0,1.0,1.0,0.0,0.0,0.0,0.0,0.0,0.0,1.0,0.0,0.0,0.0,1.0
0.2,1.028418207311256,0.07142857142857148,-1.7637106119159092,0.0,1.0,1.0,0.0,0.0,0.0,0.0,0.0,1.0,1.0,0.0,0.0,0.0,1.0,0.0
0.0,0.0,0.0,-0.09113549393697475,0.0,1.0,1.0,0.0,1.0,0.0,0.0,0.0,0.0,1.0,0.0,0.0,1.0,0.0,0.0
1.0,0.20011274771974963,0.07142857142857148,1.0001901149570818,0.0,1.0,1.0,0.0,0.0,0.0,1.0,0.0,0.0,1.0,0.0,0.0,0.0,0.0,1.0
1.8,0.18679984388777265,-0.14285714285714296,-0.11485996369554119,0.0,0.6666666666666667,0.6666666666666667,1.0,0.0,0.0,0.0,0.0,0.0,0.0,1.0,0.0,0.0,0.0,1.0
-1.8,-0.14915945129443056,0.0,-0.423278070556905,1.0,1.0,1.0,1.0,0.0,0.0,0.0,0.0,0.0,1.0,0.0,1.0,0.0,0.0,0.0
-0.2,0.8478917621890404,0.9285714285714282,-0.031824319540558636,0.0,1.0,1.0,1.0,0.0,0.0,0.0,0.0,0.0,0.0,1.0,1.0,0.0,0.0,0.0
0.0,0.15706624651277085,0.35714285714285704,-1.6095015584852272,1.0,1.0,1.0,0.0,0.0,0.0,1.0,0.0,0.0,0.0,1.0,1.0,0.0,0.0,0.0
1.8,0.0,-0.5714285714285712,-1.8941951955880245,0.0,0.0,0.0,0.0,1.0,0.0,0.0,0.0,0.0,0.0,1.0,0.0,0.0,0.0,1.0
-1.8,-0.5011202497795637,1.357142857142857,-0.8265940564525345,0.0,0.3333333333333333,0.3333333333333333,0.0,1.0,0.0,0.0,0.0,0.0,1.0,0.0,0.0,0.0,1.0,0.0
1.8,0.0,0.0,0.9052922359228159,0.0,1.0,1.0,0.0,0.0,0.0,1.0,0.0,0.0,0.0,1.0,1.0,0.0,0.0,0.0
-1.4,1.264436767320507,0.0,-0.031824319540558636,1.0,0.0,0.0,1.0,0.0,0.0,0.0,0.0,0.0,1.0,0.0,1.0,0.0,0.0,0.0
1.0,-1.0200633121810903,-0.2857142857142856,-0.031824319540558636,0.5,0.6666666666666667,0.6666666666666667,1.0,0.0,0.0,0.0,0.0,0.0,0.0,1.0,1.0,0.0,0.0,0.0
-1.2,0.6766886861999682,0.7142857142857141,-1.6569504980023602,0.0,0.6666666666666667,0.6666666666666667,0.0,0.0,0.0,0.0,0.0,1.0,0.0,1.0,1.0,0.0,0.0,0.0
0.0,0.9957069137479944,0.8571428571428571,1.3204704566977288,1.0,1.0,1.0,0.0,0.0,0.0,1.0,0.0,0.0,0.0,1.0,0.0,1.0,0.0,0.0
1.6,0.0,-1.214285714285714,0.5968741290614521,0.0,0.6666666666666667,0.6666666666666667,0.0,1.0,0.0,0.0,0.0,0.0,1.0,0.0,0.0,1.0,0.0,0.0
-0.6,0.3630765672655787,0.0,-0.04368655441984186,1.0,0.0,0.0,0.0,0.0,1.0,0.0,0.0,0.0,1.0,0.0,1.0,0.0,0.0,0.0
0.0,-1.170263511657825,-0.2142857142857141,1.0357768195949313,0.0,1.0,1.0,0.0,0.0,0.0,0.0,1.0,0.0,1.0,0.0,0.0,1.0,0.0,0.0
0.0,-0.4940084705338171,0.8571428571428571,1.5339906845248268,0.0,0.3333333333333333,0.3333333333333333,0.0,1.0,0.0,0.0,0.0,0.0,0.0,1.0,1.0,0.0,0.0,0.0
0.2,0.0,1.2857142857142854,-0.09113549393697475,1.0,1.0,1.0,0.0,0.0,0.0,0.0,0.0,1.0,0.0,1.0,1.0,0.0,0.0,0.0
0.6,0.0,0.0,-0.3876913659190553,0.0,0.3333333333333333,0.3333333333333333,0.0,1.0,0.0,0.0,0.0,0.0,1.0,0.0,1.0,0.0,0.0,0.0
-1.2,-0.7343490264668044,1.1428571428571423,-0.09113549393697475,0.5,1.0,1.0,0.0,1.0,0.0,0.0,0.0,0.0,1.0,0.0,0.0,0.0,0.0,1.0
-0.4,-0.6923721831138607,-1.3571428571428568,0.6087363639407354,1.0,1.0,1.0,0.0,0.0,0.0,1.0,0.0,0.0,0.0,1.0,1.0,0.0,0.0,0.0
1.4,-0.9639496393518452,-0.2142857142857141,-0.13858443345410765,0.0,0.0,0.0,0.0,0.0,1.0,0.0,0.0,0.0,0.0,1.0,0.0,0.0,0.0,1.0
1.8,0.8493517006114396,1.0714285714285712,1.1306746986291971,1.0,0.6666666666666667,0.6666666666666667,0.0,1.0,0.0,0.0,0.0,0.0,0.0,1.0,0.0,0.0,0.0,1.0
0.0,0.0,0.0,-0.07927325905769153,1.0,0.0,0.0,0.0,0.0,0.0,1.0,0.0,0.0,1.0,0.0,1.0,0.0,0.0,0.0
0.0,0.5495439499284486,-1.4285714285714282,1.3086082218184454,1.0,0.6666666666666667,0.6666666666666667,0.0,0.0,0.0,0.0,1.0,0.0,1.0,0.0,0.0,1.0,0.0,0.0
1.4,1.3798441768693717,0.8571428571428571,0.41894060587220383,1.0,1.0,1.0,0.0,0.0,0.0,0.0,1.0,0.0,0.0,1.0,0.0,1.0,0.0,0.0
-1.6,1.0872927537907806,-0.2857142857142856,-0.04368655441984186,0.5,1.0,1.0,0.0,0.0,0.0,0.0,0.0,1.0,0.0,1.0,1.0,0.0,0.0,0.0
0.2,-1.1683699281594657,1.4285714285714282,1.5102662147662602,1.0,1.0,1.0,0.0,0.0,1.0,0.0,0.0,0.0,1.0,0.0,1.0,0.0,0.0,0.0
0.0,1.261618074326766,-0.8571428571428569,0.2528693175622387,0.0,1.0,1.0,1.0,0.0,0.0,0.0,0.0,0.0,0.0,1.0,1.0,0.0,0.0,0.0
1.4,0.0,1.0,0.039349089735140695,0.5,0.6666666666666667,0.6666666666666667,1.0,0.0,0.0,0.0,0.0,0.0,1.0,0.0,1.0,0.0,0.0,0.0
0.0,1.2152180511990287,1.2142857142857142,-1.4552925050545453,0.5,0.6666666666666667,0.6666666666666667,1.0,0.0,0.0,0.0,0.0,0.0,1.0,0.0,1.0,0.0,0.0,0.0
-1.8,-1.4067735360864977,0.2857142857142856,-1.7992973165537587,0.0,0.3333333333333333,0.3333333333333333,0.0,0.0,0.0,1.0,0.0,0.0,1.0,0.0,0.0,0.0,0.0,1.0
0.4,-0.12400803688874112,0.0,0.8815677661642495,0.0,0.3333333333333333,0.3333333333333333,0.0,0.0,0.0,0.0,1.0,0.0,1.0,0.0,0.0,1.0,0.0,0.0
0.0,-1.0851100735751145,0.7142857142857141,-0.10299772881625797,0.0,0.6666666666666667,0.6666666666666667,1.0,0.0,0.0,0.0,0.0,0.0,1.0,0.0,0.0,0.0,1.0,0.0
-1.0,0.6184501524985184,0.0,1.5339906845248268,1.0,0.3333333333333333,0.3333333333333333,1.0,0.0,0.0,0.0,0.0,0.0,1.0,0.0,0.0,0.0,0.0,1.0
1.6,0.0,-0.6428571428571427,-1.7518483770366258,0.0,0.3333333333333333,0.3333333333333333,1.0,0.0,0.0,0.0,0.0,0.0,1.0,0.0,0.0,1.0,0.0,0.0
0.0,-0.09141238201240225,0.0,-0.3402424264019224,0.0,0.0,0.0,0.0,0.0,0.0,1.0,0.0,0.0,1.0,0.0,0.0,0.0,0.0,1.0
-0.8,-0.605252887353464,1.357142857142857,-1.7162616723987763,0.0,0.6666666666666667,0.6666666666666667,0.0,1.0,0.0,0.0,0.0,0.0,0.0,1.0,0.0,1.0,0.0,0.0
0.8,1.0442173429120711,-1.1428571428571426,0.32404272683793806,0.0,1.0,1.0,0.0,0.0,0.0,0.0,1.0,0.0,1.0,0.0,0.0,1.0,0.0,0.0
-0.4,-0.762622685419407,1.2142857142857142,-0.9452164052453668,1.0,1.0,1.0,0.0,0.0,0.0,1.0,0.0,0.0,0.0,1.0,0.0,0.0,0.0,1.0
-0.6,1.1260172590740232,-0.6428571428571427,1.3204704566977288,0.0,1.0,1.0,0.0,0.0,0.0,1.0,0.0,0.0,1.0,0.0,0.0,0.0,0.0,1.0
0.4,0.0,0.7142857142857141,-0.6723850030218527,1.0,0.0,0.0,0.0,0.0,1.0,0.0,0.0,0.0,0.0,1.0,1.0,0.0,0.0,0.0
1.4,-0.8321359910958211,-1.214285714285714,0.05121132461442392,0.0,0.6666666666666667,0.6666666666666667,0.0,0.0,0.0,0.0,0.0,1.0,1.0,0.0,0.0,1.0,0.0,0.0
-0.2,0.0799786068429193,0.0,-1.1231499284346151,0.0,0.6666666666666667,0.6666666666666667,1.0,0.0,0.0,0.0,0.0,0.0,1.0,0.0,1.0,0.0,0.0,0.0
0.0,0.5464217053815353,0.0,-0.10299772881625797,1.0,1.0,1.0,0.0,0.0,0.0,0.0,0.0,1.0,1.0,0.0,1.0,0.0,0.0,0.0
0.6,0.0,0.0,1.7949598518690575,0.0,1.0,1.0,0.0,0.0,0.0,1.0,0.0,0.0,1.0,0.0,0.0,1.0,0.0,0.0
1.2,1.0716526213844841,0.0,-0.6605227681425694,1.0,0.0,0.0,0.0,0.0,0.0,0.0,0.0,1.0,0.0,1.0,0.0,0.0,0.0,1.0
-1.2,-1.0106965785403508,0.2142857142857141,0.27659378732080514,0.0,0.3333333333333333,0.3333333333333333,0.0,0.0,0.0,1.0,0.0,0.0,1.0,0.0,0.0,0.0,1.0,0.0
-0.2,-1.0103785721513132,0.5,1.7475109123519248,0.0,1.0,1.0,0.0,1.0,0.0,0.0,0.0,0.0,0.0,1.0,0.0,1.0,0.0,0.0
1.4,0.0,0.42857142857142855,1.2374348125427461,0.0,0.6666666666666667,0.6666666666666667,0.0,0.0,0.0,1.0,0.0,0.0,0.0,1.0,0.0,0.0,1.0,0.0
1.4,0.98570416732918,-0.2857142857142856,-1.4078435655374124,0.5,0.0,0.0,1.0,0.0,0.0,0.0,0.0,0.0,0.0,1.0,0.0,0.0,1.0,0.0
-0.4,-1.409259767855336,0.0,-0.031824319540558636,1.0,0.6666666666666667,0.6666666666666667,0.0,0.0,1.0,0.0,0.0,0.0,1.0,0.0,0.0,0.0,0.0,1.0
-1.6,-1.1210303407004814,1.357142857142857,-0.04368655441984186,0.0,1.0,1.0,0.0,0.0,1.0,0.0,0.0,0.0,0.0,1.0,1.0,0.0,0.0,0.0
0.0,0.2947051936225264,0.0,-1.0282520494003493,1.0,0.6666666666666667,0.6666666666666667,0.0,0.0,0.0,0.0,0.0,1.0,1.0,0.0,0.0,1.0,0.0,0.0
1.4,-1.173241207846085,0.0,0.039349089735140695,0.0,1.0,1.0,0.0,0.0,1.0,0.0,0.0,0.0,1.0,0.0,0.0,1.0,0.0,0.0
-0.2,0.0,-0.7857142857142856,-0.04368655441984186,0.0,0.0,0.0,0.0,0.0,1.0,0.0,0.0,0.0,1.0,0.0,0.0,0.0,1.0,0.0
-0.2,-1.3922753357135629,0.2857142857142856,-1.7755728467951923,1.0,0.6666666666666667,0.6666666666666667,0.0,0.0,1.0,0.0,0.0,0.0,0.0,1.0,0.0,1.0,0.0,0.0
0.0,0.876165421141643,-1.1428571428571426,1.4272305706112778,0.0,0.0,0.0,0.0,0.0,0.0,0.0,0.0,1.0,1.0,0.0,0.0,1.0,0.0,0.0
1.0,-1.3936774547925008,0.0,-0.8028695866939681,0.0,1.0,1.0,0.0,0.0,1.0,0.0,0.0,0.0,0.0,1.0,0.0,0.0,0.0,1.0
-1.0,-0.7562481028027926,-0.5,0.44266507563077023,0.5,0.3333333333333333,0.3333333333333333,0.0,0.0,1.0,0.0,0.0,0.0,0.0,1.0,0.0,0.0,1.0,0.0
-1.8,0.0,1.0714285714285712,0.07493579437299036,0.5,1.0,1.0,0.0,0.0,0.0,0.0,1.0,0.0,0.0,1.0,0.0,1.0,0.0,0.0
-1.4,-0.4761422934042584,0.0,-1.6806749677609265,1.0,0.3333333333333333,0.3333333333333333,0.0,0.0,1.0,0.0,0.0,0.0,0.0,1.0,0.0,0.0,0.0,1.0
0.0,-0.4948757606857374,1.2857142857142854,-1.7399861421573426,0.0,0.3333333333333333,0.3333333333333333,0.0,0.0,0.0,0.0,0.0,1.0,0.0,1.0,1.0,0.0,0.0,0.0
0.0,-0.4375045171362079,-1.214285714285714,1.4153683357319944,1.0,1.0,1.0,0.0,0.0,0.0,0.0,0.0,1.0,1.0,0.0,1.0,0.0,0.0,0.0
0.0,0.9003049970367587,-0.7142857142857141,1.1425369335084803,0.0,1.0,1.0,0.0,0.0,1.0,0.0,0.0,0.0,0.0,1.0,0.0,0.0,0.0,1.0
1.8,0.793382576140848,-0.5,-0.008099849781992192,1.0,0.6666666666666667,0.6666666666666667,0.0,0.0,0.0,0.0,1.0,0.0,0.0,1.0,0.0,1.0,0.0,0.0
1.0,0.4645495150402567,0.0,1.5221284496455434,1.0,0.3333333333333333,0.3333333333333333,0.0,0.0,1.0,0.0,0.0,0.0,1.0,0.0,0.0,0.0,0.0,1.0
0.0,-1.0571688758474147,-0.35714285714285704,-0.15044666833339085,0.0,1.0,1.0,0.0,0.0,1.0,0.0,0.0,0.0,0.0,1.0,1.0,0.0,0.0,0.0
0.0,-0.5653719952009945,-0.2142857142857141,-0.031824319540558636,0.5,0.0,0.0,1.0,0.0,0.0,0.0,0.0,0.0,1.0,0.0,0.0,0.0,0.0,1.0
-1.2,-0.21582515430537286,-0.7857142857142856,-0.09113549393697475,0.5,1.0,1.0,0.0,1.0,0.0,0.0,0.0,0.0,1.0,0.0,0.0,0.0,1.0,0.0
1.4,-0.5978086468828147,0.0,1.8779954960240401,1.0,1.0,1.0,0.0,0.0,0.0,0.0,1.0,0.0,1.0,0.0,0.0,1.0,0.0,0.0
0.0,0.562235295818216,-0.2142857142857141,-0.24534454736765662,0.5,0.6666666666666667,0.6666666666666667,0.0,1.0,0.0,0.0,0.0,0.0,0.0,1.0,0.0,1.0,0.0,0.0
-1.4,-0.2392275335713563,0.14285714285714296,1.3797816310941449,0.0,1.0,1.0,0.0,0.0,0.0,0.0,0.0,1.0,1.0,0.0,1.0,0.0,0.0,0.0
1.6,-0.04600974255937324,0.9285714285714282,0.27659378732080514,1.0,1.0,1.0,0.0,0.0,0.0,1.0,0.0,0.0,1.0,0.0,0.0,0.0,0.0,1.0
0.0,-0.2686286697214553,-0.6428571428571427,-0.16230890321267408,0.5,1.0,1.0,0.0,1.0,0.0,0.0,0.0,0.0,0.0,1.0,0.0,0.0,1.0,0.0
-1.8,0.2336335120914702,0.2857142857142856,1.7356486774726414,0.0,1.0,1.0,0.0,1.0,0.0,0.0,0.0,0.0,1.0,0.0,0.0,0.0,1.0,0.0
-1.0,0.7892629479192264,0.0,-0.09113549393697475,0.0,0.0,0.0,0.0,0.0,0.0,0.0,0.0,1.0,1.0,0.0,1.0,0.0,0.0,0.0
0.8,-0.5427935415793353,-0.5,0.27659378732080514,0.0,1.0,1.0,0.0,0.0,0.0,1.0,0.0,0.0,1.0,0.0,0.0,1.0,0.0,0.0
1.6,-0.34697388011159136,0.14285714285714296,0.5612874244236025,0.5,1.0,1.0,1.0,0.0,0.0,0.0,0.0,0.0,1.0,0.0,1.0,0.0,0.0,0.0
0.0,1.051979589771758,0.0,1.3086082218184454,0.0,0.0,0.0,0.0,0.0,0.0,0.0,0.0,1.0,1.0,0.0,1.0,0.0,0.0,0.0
0.6,-0.6212110261487981,-0.9999999999999997,-0.031824319540558636,0.5,0.6666666666666667,0.6666666666666667,0.0,0.0,0.0,0.0,1.0,0.0,1.0,0.0,0.0,1.0,0.0,0.0
0.0,0.0,1.2857142857142854,-1.5146036794509614,0.0,1.0,1.0,1.0,0.0,0.0,0.0,0.0,0.0,1.0,0.0,1.0,0.0,0.0,0.0
-1.4,0.0,-0.9999999999999997,0.27659378732080514,0.0,1.0,1.0,0.0,0.0,0.0,1.0,0.0,0.0,1.0,0.0,0.0,0.0,1.0,0.0
-1.2,0.5097642416270364,0.0,-1.4078435655374124,1.0,0.6666666666666667,0.6666666666666667,0.0,0.0,0.0,0.0,1.0,0.0,0.0,1.0,0.0,1.0,0.0,0.0
-1.4,-0.9238663794972608,-1.1428571428571426,0.27659378732080514,1.0,1.0,1.0,0.0,0.0,0.0,1.0,0.0,0.0,0.0,1.0,0.0,0.0,0.0,1.0
-0.4,0.0,0.7142857142857141,-0.5300381844704539,0.0,0.0,0.0,0.0,0.0,1.0,0.0,0.0,0.0,0.0,1.0,0.0,0.0,0.0,1.0
1.4,1.1975397869357194,0.0,-0.09113549393697475,0.5,0.0,0.0,0.0,0.0,0.0,0.0,0.0,1.0,1.0,0.0,0.0,0.0,0.0,1.0
0.4,-0.638874835576242,-0.2857142857142856,0.11052249901084003,1.0,0.6666666666666667,0.6666666666666667,0.0,0.0,0.0,0.0,1.0,0.0,0.0,1.0,0.0,1.0,0.0,0.0
1.0,0.0404012662436218,0.8571428571428571,-0.031824319540558636,0.5,1.0,1.0,1.0,0.0,0.0,0.0,0.0,0.0,1.0,0.0,1.0,0.0,0.0,0.0
1.4,0.0,-0.35714285714285704,0.7154964778542844,0.5,0.3333333333333333,0.3333333333333333,0.0,0.0,0.0,0.0,1.0,0.0,1.0,0.0,0.0,1.0,0.0,0.0
0.0,-0.055419840707708765,-0.5,1.4628172752491273,0.0,0.0,0.0,0.0,0.0,0.0,0.0,1.0,0.0,1.0,0.0,0.0,1.0,0.0,0.0
-1.2,-0.2709848079675055,-0.2142857142857141,-0.44700254031547143,1.0,0.0,0.0,0.0,1.0,0.0,0.0,0.0,0.0,0.0,1.0,0.0,1.0,0.0,0.0
1.0,0.0,-1.214285714285714,-0.8859052308489507,0.5,1.0,1.0,0.0,1.0,0.0,0.0,0.0,0.0,1.0,0.0,0.0,1.0,0.0,0.0
-0.8,0.0,1.0,0.9883278800777985,0.0,0.6666666666666667,0.6666666666666667,0.0,0.0,0.0,0.0,1.0,0.0,0.0,1.0,0.0,1.0,0.0,0.0
0.0,0.0964715745652708,1.0714285714285712,-0.7316961774182688,0.5,1.0,1.0,1.0,0.0,0.0,0.0,0.0,0.0,0.0,1.0,1.0,0.0,0.0,0.0
0.4,1.3782396900883191,0.5,0.3596294314757877,0.0,0.0,0.0,0.0,0.0,0.0,1.0,0.0,0.0,1.0,0.0,0.0,0.0,0.0,1.0
0.4,-1.145805929373672,0.35714285714285704,-1.8348840211916084,0.5,0.6666666666666667,0.6666666666666667,0.0,0.0,1.0,0.0,0.0,0.0,0.0,1.0,1.0,0.0,0.0,0.0
1.4,0.0,0.0,-1.7992973165537587,0.5,0.6666666666666667,0.6666666666666667,1.0,0.0,0.0,0.0,0.0,0.0,1.0,0.0,1.0,0.0,0.0,0.0
1.0,0.9758748789407496,0.0,1.2967459869391622,0.0,1.0,1.0,0.0,0.0,0.0,0.0,0.0,1.0,1.0,0.0,0.0,1.0,0.0,0.0
1.4,0.0,-0.7857142857142856,-1.5620526189680943,0.0,1.0,1.0,0.0,0.0,1.0,0.0,0.0,0.0,0.0,1.0,0.0,0.0,0.0,1.0
0.0,-1.1902979141671846,0.35714285714285704,-0.1741711380919573,0.0,0.6666666666666667,0.6666666666666667,1.0,0.0,0.0,0.0,0.0,0.0,0.0,1.0,0.0,1.0,0.0,0.0
0.0,-0.162790361515445,-0.8571428571428569,1.9610311401790226,1.0,1.0,1.0,0.0,0.0,0.0,1.0,0.0,0.0,1.0,0.0,0.0,0.0,0.0,1.0
1.4,-0.6735519868171896,1.4285714285714282,-0.09113549393697475,1.0,0.0,0.0,0.0,1.0,0.0,0.0,0.0,0.0,0.0,1.0,1.0,0.0,0.0,0.0
1.2,0.8775241757129848,0.14285714285714296,-1.4078435655374124,0.5,1.0,1.0,0.0,0.0,0.0,0.0,1.0,0.0,0.0,1.0,0.0,1.0,0.0,0.0
-0.4,-1.1972217805466818,-0.9285714285714284,-0.8147318215732513,0.5,0.0,0.0,0.0,0.0,1.0,0.0,0.0,0.0,1.0,0.0,0.0,1.0,0.0,0.0
-0.6,0.0,-0.2857142857142856,-1.7755728467951923,0.0,0.3333333333333333,0.3333333333333333,0.0,0.0,0.0,1.0,0.0,0.0,1.0,0.0,0.0,0.0,1.0,0.0
0.0,0.6325869819748197,0.0,-0.031824319540558636,1.0,0.0,0.0,1.0,0.0,0.0,0.0,0.0,0.0,1.0,0.0,1.0,0.0,0.0,0.0
0.2,0.0,1.1428571428571423,-0.09113549393697475,1.0,1.0,1.0,0.0,0.0,0.0,0.0,0.0,1.0,1.0,0.0,0.0,0.0,1.0,0.0
-1.6,-0.9370491898064498,0.0,1.3560571613355783,0.0,0.6666666666666667,0.6666666666666667,0.0,1.0,0.0,0.0,0.0,0.0,1.0,0.0,1.0,0.0,0.0,0.0
-1.6,0.9803847877307353,0.7142857142857141,0.12238473389012325,0.0,0.6666666666666667,0.6666666666666667,0.0,0.0,0.0,0.0,0.0,1.0,1.0,0.0,0.0,0.0,1.0,0.0
0.0,0.3324901345745219,0.5714285714285712,0.4663895453893367,0.5,1.0,1.0,0.0,0.0,0.0,0.0,1.0,0.0,0.0,1.0,0.0,1.0,0.0,0.0
0.0,1.1506193897168298,1.2857142857142854,-0.031824319540558636,1.0,0.3333333333333333,0.3333333333333333,1.0,0.0,0.0,0.0,0.0,0.0,1.0,0.0,1.0,0.0,0.0,0.0
0.0,0.0,-0.42857142857142855,-1.4434302701752622,1.0,1.0,1.0,0.0,1.0,0.0,0.0,0.0,0.0,1.0,0.0,0.0,0.0,0.0,1.0
0.0,0.49436984143045054,1.357142857142857,-0.5181759495911707,1.0,0.3333333333333333,0.3333333333333333,0.0,0.0,1.0,0.0,0.0,0.0,0.0,1.0,0.0,0.0,0.0,1.0
0.0,-0.7461297176970555,-0.07142857142857148,-0.9452164052453668,0.0,1.0,1.0,0.0,0.0,0.0,0.0,0.0,1.0,1.0,0.0,0.0,1.0,0.0,0.0
-1.0,-1.3518596146340758,-0.14285714285714296,0.9052922359228159,1.0,1.0,1.0,0.0,0.0,0.0,1.0,0.0,0.0,0.0,1.0,0.0,0.0,1.0,0.0
0.0,-1.4015697951749757,0.0,1.6288885635590924,0.5,1.0,1.0,0.0,0.0,0.0,0.0,0.0,1.0,1.0,0.0,0.0,0.0,0.0,1.0
1.8,0.8344632196701407,-0.42857142857142855,0.4782517802686199,0.5,0.0,0.0,0.0,0.0,0.0,0.0,1.0,0.0,1.0,0.0,0.0,1.0,0.0,0.0
-0.8,0.0,-0.9999999999999997,-0.8503185262111009,0.5,0.3333333333333333,0.3333333333333333,1.0,0.0,0.0,0.0,0.0,0.0,1.0,0.0,0.0,0.0,1.0,0.0
0.6,-0.3296858964166462,0.0,-0.09113549393697475,1.0,0.6666666666666667,0.6666666666666667,0.0,0.0,0.0,0.0,0.0,1.0,0.0,1.0,0.0,0.0,0.0,1.0
0.0,0.6875009034272416,0.0,1.7830976169897743,0.5,1.0,1.0,0.0,0.0,0.0,1.0,0.0,0.0,0.0,1.0,0.0,1.0,0.0,0.0
1.2,-0.8838987583295992,-0.9285714285714284,0.16983367340725614,0.5,0.3333333333333333,0.3333333333333333,0.0,0.0,0.0,0.0,0.0,1.0,0.0,1.0,0.0,1.0,0.0,0.0
0.0,0.0,0.07142857142857148,1.498403979886977,0.0,1.0,1.0,0.0,0.0,0.0,0.0,1.0,0.0,0.0,1.0,0.0,1.0,0.0,0.0
1.4,-1.3810872927537907,0.2142857142857141,-0.09113549393697475,0.5,0.0,0.0,0.0,1.0,0.0,0.0,0.0,0.0,0.0,1.0,0.0,1.0,0.0,0.0
0.4,0.0,-0.35714285714285704,0.8815677661642495,0.0,0.3333333333333333,0.3333333333333333,0.0,0.0,0.0,1.0,0.0,0.0,0.0,1.0,0.0,0.0,0.0,1.0
-1.0,-1.374654890793715,-0.7142857142857141,1.7000619728347919,1.0,0.6666666666666667,0.6666666666666667,0.0,1.0,0.0,0.0,0.0,0.0,1.0,0.0,1.0,0.0,0.0,0.0
0.0,0.09227967216432258,-0.8571428571428569,-0.031824319540558636,1.0,1.0,1.0,1.0,0.0,0.0,0.0,0.0,0.0,1.0,0.0,0.0,1.0,0.0,0.0
0.0,0.0,1.357142857142857,1.7712353821104911,0.0,1.0,1.0,0.0,0.0,0.0,0.0,0.0,1.0,1.0,0.0,0.0,0.0,1.0,0.0
0.2,0.0,-0.5,0.5612874244236025,0.5,0.3333333333333333,0.3333333333333333,0.0,0.0,0.0,0.0,0.0,1.0,1.0,0.0,0.0,1.0,0.0,0.0
0.6,-0.8713375059626198,0.7142857142857141,-0.09113549393697475,1.0,1.0,1.0,0.0,1.0,0.0,0.0,0.0,0.0,1.0,0.0,0.0,1.0,0.0,0.0
-0.2,0.0,0.42857142857142855,1.4035061008527112,1.0,1.0,1.0,0.0,0.0,1.0,0.0,0.0,0.0,0.0,1.0,0.0,0.0,1.0,0.0
-1.2,0.5763721252945173,-1.1428571428571426,-0.10299772881625797,0.5,0.0,0.0,0.0,0.0,0.0,0.0,1.0,0.0,0.0,1.0,0.0,1.0,0.0,0.0
-1.8,0.7611482921611425,-0.5,0.6324608336993018,0.0,0.0,0.0,0.0,0.0,0.0,0.0,1.0,0.0,1.0,0.0,0.0,1.0,0.0,0.0
-1.6,-1.06763417701392,-1.3571428571428568,-0.6486605332632862,0.0,1.0,1.0,0.0,0.0,0.0,1.0,0.0,0.0,1.0,0.0,0.0,0.0,0.0,1.0
-0.2,0.049710180540899956,-1.2857142857142854,0.9408789405606656,1.0,0.3333333333333333,0.3333333333333333,0.0,0.0,1.0,0.0,0.0,0.0,1.0,0.0,0.0,1.0,0.0,0.0
-0.2,-0.7337997427039216,-1.2857142857142854,-0.5774871239875868,0.5,0.3333333333333333,0.3333333333333333,0.0,1.0,0.0,0.0,0.0,0.0,0.0,1.0,0.0,1.0,0.0,0.0
0.0,1.2444457293187436,-0.8571428571428569,-1.8230217863123253,0.0,0.3333333333333333,0.3333333333333333,0.0,1.0,0.0,0.0,0.0,0.0,1.0,0.0,0.0,0.0,1.0,0.0
0.0,1.1518625056012488,0.9285714285714282,1.5814396240419595,0.5,1.0,1.0,0.0,0.0,1.0,0.0,0.0,0.0,1.0,0.0,1.0,0.0,0.0,0.0
0.0,0.0,1.4285714285714282,-0.09113549393697475,0.5,1.0,1.0,0.0,0.0,0.0,0.0,0.0,1.0,1.0,0.0,0.0,0.0,0.0,1.0
-0.4,-0.2009511281999393,-0.5,-0.6367982983840029,0.0,0.3333333333333333,0.3333333333333333,1.0,0.0,0.0,0.0,0.0,0.0,1.0,0.0,1.0,0.0,0.0,0.0
0.4,-0.46997007848975875,0.7142857142857141,-0.8503185262111009,0.0,0.3333333333333333,0.3333333333333333,0.0,0.0,0.0,1.0,0.0,0.0,1.0,0.0,0.0,0.0,0.0,1.0
0.0,-1.1776643876208785,-0.6428571428571427,-1.3248079213824298,0.0,0.3333333333333333,0.3333333333333333,0.0,0.0,0.0,0.0,0.0,1.0,0.0,1.0,0.0,0.0,0.0,1.0
0.4,-0.6561628192711871,1.4285714285714282,1.439092805490561,0.0,0.3333333333333333,0.3333333333333333,0.0,0.0,1.0,0.0,0.0,0.0,1.0,0.0,1.0,0.0,0.0,0.0
-1.0,-1.0390136020005494,0.2857142857142856,-0.09113549393697475,1.0,1.0,1.0,0.0,0.0,0.0,0.0,0.0,1.0,1.0,0.0,0.0,0.0,1.0,0.0
0.0,-1.326216735808965,0.5,0.430802840751487,0.0,0.3333333333333333,0.3333333333333333,1.0,0.0,0.0,0.0,0.0,0.0,0.0,1.0,0.0,1.0,0.0,0.0
0.0,-1.0364984605599803,-0.9285714285714284,-0.7910073518146848,0.0,0.6666666666666667,0.6666666666666667,0.0,0.0,0.0,0.0,1.0,0.0,0.0,1.0,0.0,1.0,0.0,0.0
-0.6,0.2724302915540394,-0.7857142857142856,-1.8348840211916084,1.0,1.0,1.0,0.0,1.0,0.0,0.0,0.0,0.0,0.0,1.0,0.0,0.0,1.0,0.0
0.0,0.0,-0.7142857142857141,-0.031824319540558636,0.0,0.6666666666666667,0.6666666666666667,1.0,0.0,0.0,0.0,0.0,0.0,1.0,0.0,0.0,1.0,0.0,0.0
0.2,-0.23906853037683756,0.5714285714285712,-1.170598867951748,1.0,1.0,1.0,0.0,0.0,0.0,1.0,0.0,0.0,0.0,1.0,0.0,0.0,0.0,1.0
0.0,0.4045764010349662,0.14285714285714296,-0.10299772881625797,1.0,1.0,1.0,0.0,0.0,0.0,0.0,1.0,0.0,0.0,1.0,0.0,1.0,0.0,0.0
1.8,-0.687775545308683,-1.2857142857142854,-0.2216200776090902,1.0,1.0,1.0,0.0,0.0,1.0,0.0,0.0,0.0,0.0,1.0,1.0,0.0,0.0,0.0
0.0,0.9170581518046863,1.0714285714285712,-0.04368655441984186,0.0,0.3333333333333333,0.3333333333333333,0.0,0.0,1.0,0.0,0.0,0.0,0.0,1.0,0.0,1.0,0.0,0.0
-1.2,1.3999363987221924,-0.2857142857142856,0.4070783709929206,0.0,1.0,1.0,0.0,1.0,0.0,0.0,0.0,0.0,1.0,0.0,0.0,0.0,1.0,0.0
1.8,-0.4971451699165956,0.0,-0.09113549393697475,1.0,0.3333333333333333,0.3333333333333333,0.0,1.0,0.0,0.0,0.0,0.0,0.0,1.0,0.0,1.0,0.0,0.0
0.0,-0.5627267602376375,0.07142857142857148,1.6763375030762253,0.0,0.0,0.0,0.0,1.0,0.0,0.0,0.0,0.0,1.0,0.0,1.0,0.0,0.0,0.0
1.4,0.0,1.2142857142857142,-0.04368655441984186,0.5,0.6666666666666667,0.6666666666666667,0.0,0.0,1.0,0.0,0.0,0.0,1.0,0.0,1.0,0.0,0.0,0.0
-1.6,-1.2752489845477804,1.2142857142857142,-1.4790169748131117,0.0,0.3333333333333333,0.3333333333333333,0.0,0.0,0.0,0.0,0.0,1.0,1.0,0.0,0.0,0.0,1.0,0.0
-1.0,0.0,-1.0714285714285712,0.7154964778542844,0.5,1.0,1.0,0.0,0.0,1.0,0.0,0.0,0.0,1.0,0.0,0.0,0.0,0.0,1.0
1.6,-1.2160130671716223,1.357142857142857,-1.170598867951748,0.0,0.6666666666666667,0.6666666666666667,1.0,0.0,0.0,0.0,0.0,0.0,1.0,0.0,0.0,1.0,0.0,0.0
-1.6,-0.5409144129168413,1.1428571428571423,1.1306746986291971,1.0,0.6666666666666667,0.6666666666666667,0.0,0.0,0.0,0.0,0.0,1.0,0.0,1.0,0.0,0.0,0.0,1.0
-1.2,0.9845044159523568,0.8571428571428571,-0.35210466128120566,0.0,0.3333333333333333,0.3333333333333333,0.0,0.0,0.0,0.0,0.0,1.0,1.0,0.0,1.0,0.0,0.0,0.0
0.8,0.0,-0.2857142857142856,-0.04368655441984186,0.0,1.0,1.0,0.0,0.0,1.0,0.0,0.0,0.0,0.0,1.0,0.0,0.0,0.0,1.0
0.2,0.9149188360966162,0.0,0.27659378732080514,0.0,0.0,0.0,0.0,0.0,0.0,1.0,0.0,0.0,0.0,1.0,0.0,1.0,0.0,0.0
0.0,1.3522643500383054,1.0,-1.8823329607087413,1.0,1.0,1.0,0.0,0.0,1.0,0.0,0.0,0.0,0.0,1.0,0.0,0.0,0.0,1.0
0.0,0.43708532689611307,0.14285714285714296,-1.8704707258294582,0.0,0.0,0.0,0.0,1.0,0.0,0.0,0.0,0.0,0.0,1.0,0.0,0.0,0.0,1.0
-0.2,-0.7212818548445382,1.2857142857142854,1.3797816310941449,0.0,1.0,1.0,0.0,0.0,1.0,0.0,0.0,0.0,0.0,1.0,0.0,0.0,0.0,1.0
-1.6,-0.22915251297321518,0.2857142857142856,1.2611592823013127,0.0,0.3333333333333333,0.3333333333333333,0.0,0.0,1.0,0.0,0.0,0.0,1.0,0.0,0.0,0.0,1.0,0.0
-0.8,1.1743686850435813,-1.2857142857142854,1.6644752681969421,0.5,1.0,1.0,0.0,1.0,0.0,0.0,0.0,0.0,1.0,0.0,0.0,0.0,0.0,1.0
0.0,0.621803674419277,0.0,-1.4552925050545453,0.0,0.3333333333333333,0.3333333333333333,1.0,0.0,0.0,0.0,0.0,0.0,1.0,0.0,0.0,1.0,0.0,0.0
0.2,-0.2546363886038074,0.0,0.27659378732080514,0.0,1.0,1.0,0.0,0.0,0.0,1.0,0.0,0.0,0.0,1.0,0.0,1.0,0.0,0.0
1.2,0.8124629594830951,-0.14285714285714296,1.1899858730256132,1.0,0.0,0.0,0.0,1.0,0.0,0.0,0.0,0.0,0.0,1.0,1.0,0.0,0.0,0.0
0.0,0.3051560399531663,0.0,-0.6961094727804191,1.0,0.6666666666666667,0.6666666666666667,0.0,0.0,0.0,0.0,0.0,1.0,0.0,1.0,0.0,1.0,0.0,0.0
1.6,0.8328153683814921,0.8571428571428571,0.27659378732080514,0.0,1.0,1.0,0.0,0.0,0.0,1.0,0.0,0.0,0.0,1.0,0.0,1.0,0.0,0.0
-0.2,-1.253118630837947,-0.7857142857142856,-0.031824319540558636,1.0,1.0,1.0,1.0,0.0,0.0,0.0,0.0,0.0,0.0,1.0,1.0,0.0,0.0,0.0
0.8,0.0,-0.9999999999999997,-0.7079717076597023,0.0,0.0,0.0,0.0,0.0,0.0,1.0,0.0,0.0,0.0,1.0,1.0,0.0,0.0,0.0
0.0,0.9812954423902517,-0.8571428571428569,0.11052249901084003,0.0,0.3333333333333333,0.3333333333333333,0.0,0.0,0.0,0.0,1.0,0.0,1.0,0.0,0.0,1.0,0.0,0.0
1.6,-0.8296353044911176,1.2857142857142854,-1.490879209692395,0.5,0.6666666666666667,0.6666666666666667,0.0,0.0,0.0,0.0,0.0,1.0,0.0,1.0,1.0,0.0,0.0,0.0
0.0,0.3806102831702346,1.1428571428571423,-1.2892212167445802,0.5,0.0,0.0,0.0,0.0,0.0,0.0,1.0,0.0,1.0,0.0,0.0,1.0,0.0,0.0
1.4,1.204955117734638,1.2857142857142854,1.012052349836365,0.5,0.6666666666666667,0.6666666666666667,0.0,0.0,0.0,0.0,1.0,0.0,0.0,1.0,0.0,1.0,0.0,0.0
1.4,0.7868923548373108,-0.9285714285714284,-0.07927325905769153,0.0,0.3333333333333333,0.3333333333333333,0.0,0.0,1.0,0.0,0.0,0.0,0.0,1.0,0.0,1.0,0.0,0.0
-0.8,0.0,0.0,-1.6688127328816433,0.5,0.3333333333333333,0.3333333333333333,1.0,0.0,0.0,0.0,0.0,0.0,0.0,1.0,0.0,0.0,1.0,0.0
0.0,0.0,-0.6428571428571427,1.391643865973428,0.0,0.0,0.0,0.0,0.0,0.0,0.0,1.0,0.0,1.0,0.0,0.0,1.0,0.0,0.0
1.6,-1.2837484280365996,0.6428571428571427,-0.04368655441984186,0.0,0.3333333333333333,0.3333333333333333,0.0,0.0,1.0,0.0,0.0,0.0,0.0,1.0,0.0,0.0,1.0,0.0
1.6,0.7111779245746664,-0.6428571428571427,0.32404272683793806,1.0,0.6666666666666667,0.6666666666666667,0.0,0.0,0.0,1.0,0.0,0.0,1.0,0.0,0.0,1.0,0.0,0.0
-1.6,-1.2205518856333386,1.0714285714285712,0.08679802925227359,0.0,0.0,0.0,0.0,0.0,1.0,0.0,0.0,0.0,1.0,0.0,0.0,0.0,0.0,1.0
-0.6,-0.9648458391754962,0.9285714285714282,-1.8348840211916084,0.0,0.0,0.0,0.0,0.0,1.0,0.0,0.0,0.0,1.0,0.0,0.0,1.0,0.0,0.0
0.0,0.0,0.0,-0.6249360635047198,0.0,0.3333333333333333,0.3333333333333333,0.0,0.0,0.0,1.0,0.0,0.0,0.0,1.0,0.0,0.0,0.0,1.0
0.0,0.47846952197857795,0.0,-0.5774871239875868,0.5,1.0,1.0,1.0,0.0,0.0,0.0,0.0,0.0,0.0,1.0,0.0,0.0,1.0,0.0
0.0,0.08641100880299504,-1.0714285714285712,1.4035061008527112,0.5,0.0,0.0,1.0,0.0,0.0,0.0,0.0,0.0,1.0,0.0,0.0,1.0,0.0,0.0
0.0,0.0,0.0,-0.031824319540558636,0.0,1.0,1.0,1.0,0.0,0.0,0.0,0.0,0.0,1.0,0.0,0.0,0.0,1.0,0.0
0.0,1.077232188028505,-1.1428571428571426,-0.031824319540558636,0.5,0.3333333333333333,0.3333333333333333,1.0,0.0,0.0,0.0,0.0,0.0,0.0,1.0,0.0,0.0,1.0,0.0
0.6,-0.4159668116968532,-1.3571428571428568,0.27659378732080514,0.0,0.0,0.0,0.0,0.0,0.0,1.0,0.0,0.0,1.0,0.0,0.0,0.0,1.0,0.0
-0.8,1.0200922218528208,0.0,0.11052249901084003,1.0,1.0,1.0,0.0,0.0,0.0,0.0,1.0,0.0,1.0,0.0,0.0,1.0,0.0,0.0
-1.2,0.08060016478512887,-0.8571428571428569,0.7748076522507005,0.5,0.3333333333333333,0.3333333333333333,1.0,0.0,0.0,0.0,0.0,0.0,1.0,0.0,0.0,1.0,0.0,0.0
1.0,0.0,-0.7142857142857141,-0.3283801915226392,0.0,1.0,1.0,0.0,1.0,0.0,0.0,0.0,0.0,0.0,1.0,1.0,0.0,0.0,0.0
0.0,0.0,0.0,1.0001901149570818,0.5,1.0,1.0,0.0,0.0,0.0,1.0,0.0,0.0,1.0,0.0,0.0,0.0,0.0,1.0
-1.4,-0.08716266026799266,0.0,-0.3402424264019224,0.5,1.0,1.0,0.0,0.0,0.0,1.0,0.0,0.0,1.0,0.0,0.0,0.0,0.0,1.0
-1.4,0.0,-0.2142857142857141,0.4782517802686199,0.5,0.6666666666666667,0.6666666666666667,0.0,0.0,1.0,0.0,0.0,0.0,1.0,0.0,0.0,1.0,0.0,0.0
0.6,-0.9826541969615935,-0.2857142857142856,0.08679802925227359,0.0,1.0,1.0,1.0,0.0,0.0,0.0,0.0,0.0,1.0,0.0,1.0,0.0,0.0,0.0
0.6,-1.0076899726803603,-0.9285714285714284,0.7273587127335676,1.0,0.0,0.0,0.0,0.0,0.0,0.0,0.0,1.0,0.0,1.0,1.0,0.0,0.0,0.0
-1.4,0.8852719677368064,0.2142857142857141,0.6205985988200186,0.0,0.0,0.0,1.0,0.0,0.0,0.0,0.0,0.0,1.0,0.0,0.0,0.0,1.0,0.0
0.0,-1.0720573567887137,0.07142857142857148,-0.3283801915226392,0.5,1.0,1.0,1.0,0.0,0.0,0.0,0.0,0.0,0.0,1.0,0.0,0.0,1.0,0.0
0.0,0.6461600728523728,-0.42857142857142855,0.6680475383371515,0.0,1.0,1.0,0.0,0.0,0.0,1.0,0.0,0.0,0.0,1.0,0.0,1.0,0.0,0.0
1.8,0.8846359549587315,0.5714285714285712,-0.09113549393697475,1.0,0.0,0.0,0.0,1.0,0.0,0.0,0.0,0.0,0.0,1.0,1.0,0.0,0.0,0.0
0.0,-1.380668102513696,0.2857142857142856,-0.5656248891083037,0.0,0.0,0.0,0.0,0.0,0.0,0.0,0.0,1.0,0.0,1.0,0.0,0.0,0.0,1.0
-1.0,-0.05179167690550874,1.0714285714285712,0.27659378732080514,1.0,1.0,1.0,0.0,0.0,0.0,1.0,0.0,0.0,0.0,1.0,0.0,1.0,0.0,0.0
0.0,1.3743224295688123,0.0,0.11052249901084003,0.0,0.3333333333333333,0.3333333333333333,0.0,0.0,0.0,0.0,1.0,0.0,0.0,1.0,0.0,1.0,0.0,0.0
1.8,0.8024891227360114,-1.2857142857142854,0.6324608336993018,1.0,1.0,1.0,0.0,0.0,1.0,0.0,0.0,0.0,1.0,0.0,1.0,0.0,0.0,0.0
0.0,0.0,0.8571428571428571,0.11052249901084003,0.0,0.0,0.0,0.0,0.0,0.0,0.0,1.0,0.0,1.0,0.0,0.0,1.0,0.0,0.0
-1.2,0.050331738483109525,1.357142857142857,1.7475109123519248,1.0,0.3333333333333333,0.3333333333333333,0.0,0.0,0.0,1.0,0.0,0.0,0.0,1.0,1.0,0.0,0.0,0.0
1.6,-0.4064988942050563,0.0,1.5339906845248268,0.0,0.0,0.0,0.0,0.0,0.0,0.0,1.0,0.0,0.0,1.0,0.0,1.0,0.0,0.0
0.6,-0.09800378716699672,-0.5,-0.6605227681425694,0.0,1.0,1.0,0.0,0.0,1.0,0.0,0.0,0.0,1.0,0.0,1.0,0.0,0.0,0.0
0.2,0.0,0.0,0.6799097732164346,0.5,1.0,1.0,0.0,0.0,0.0,1.0,0.0,0.0,1.0,0.0,0.0,1.0,0.0,0.0
1.0,0.0,0.5714285714285712,0.27659378732080514,0.0,0.3333333333333333,0.3333333333333333,0.0,0.0,0.0,1.0,0.0,0.0,0.0,1.0,0.0,0.0,1.0,0.0
-0.4,0.0,1.4285714285714282,-1.2654967469860137,0.0,0.6666666666666667,0.6666666666666667,0.0,0.0,0.0,1.0,0.0,0.0,0.0,1.0,0.0,0.0,0.0,1.0
-1.0,1.1919602202916986,-0.42857142857142855,1.225572577663463,0.5,0.6666666666666667,0.6666666666666667,0.0,0.0,0.0,1.0,0.0,0.0,1.0,0.0,0.0,0.0,0.0,1.0
1.6,-0.6906376028100201,-0.7142857142857141,1.4272305706112778,0.5,0.6666666666666667,0.6666666666666667,1.0,0.0,0.0,0.0,0.0,0.0,0.0,1.0,0.0,0.0,0.0,1.0
0.8,-0.5951055925759963,0.0,-0.09113549393697475,0.5,1.0,1.0,0.0,1.0,0.0,0.0,0.0,0.0,0.0,1.0,0.0,1.0,0.0,0.0
0.8,0.0,-1.3571428571428568,-1.2061855725895976,1.0,1.0,1.0,0.0,1.0,0.0,0.0,0.0,0.0,0.0,1.0,0.0,1.0,0.0,0.0
0.0,1.0217545279773348,-0.2142857142857141,-0.031824319540558636,1.0,0.3333333333333333,0.3333333333333333,1.0,0.0,0.0,0.0,0.0,0.0,0.0,1.0,0.0,1.0,0.0,0.0
-0.2,0.4947167574912187,0.0,-1.9060574304673077,0.0,0.6666666666666667,0.6666666666666667,0.0,0.0,0.0,0.0,1.0,0.0,0.0,1.0,0.0,1.0,0.0,0.0
-0.6,0.8045272545930241,1.1428571428571423,0.5612874244236025,1.0,0.3333333333333333,0.3333333333333333,0.0,0.0,0.0,0.0,1.0,0.0,0.0,1.0,0.0,1.0,0.0,0.0
0.4,0.0,-1.214285714285714,0.857843296405683,0.0,1.0,1.0,0.0,0.0,1.0,0.0,0.0,0.0,1.0,0.0,1.0,0.0,0.0,0.0
0.8,-1.2254231653199579,-1.214285714285714,0.05121132461442392,0.0,0.0,0.0,0.0,0.0,0.0,0.0,0.0,1.0,0.0,1.0,1.0,0.0,0.0,0.0
1.6,0.0,-0.7142857142857141,-0.6723850030218527,0.0,0.6666666666666667,0.6666666666666667,0.0,0.0,1.0,0.0,0.0,0.0,0.0,1.0,1.0,0.0,0.0,0.0
0.4,0.13539844755062808,-0.5,-0.37582913103977206,0.5,0.3333333333333333,0.3333333333333333,0.0,0.0,0.0,1.0,0.0,0.0,1.0,0.0,0.0,1.0,0.0,0.0
-1.6,0.7615241178936413,0.14285714285714296,-0.3995536007983385,0.0,0.0,0.0,0.0,1.0,0.0,0.0,0.0,0.0,0.0,1.0,0.0,0.0,1.0,0.0
0.0,1.074500224049956,-0.07142857142857148,0.5968741290614521,0.0,1.0,1.0,0.0,0.0,0.0,1.0,0.0,0.0,0.0,1.0,0.0,0.0,1.0,0.0
1.6,-0.1899509981064165,1.0,-0.6486605332632862,1.0,1.0,1.0,0.0,1.0,0.0,0.0,0.0,0.0,0.0,1.0,0.0,1.0,0.0,0.0
0.8,0.0,1.357142857142857,-0.1741711380919573,0.0,1.0,1.0,0.0,0.0,0.0,0.0,1.0,0.0,0.0,1.0,0.0,1.0,0.0,0.0
1.4,0.2617626226854194,-0.42857142857142855,0.3952161361136374,1.0,0.3333333333333333,0.3333333333333333,0.0,1.0,0.0,0.0,0.0,0.0,0.0,1.0,0.0,0.0,1.0,0.0
1.2,-0.7995837007270783,-1.2857142857142854,-1.7043994375194929,0.0,1.0,1.0,0.0,0.0,0.0,0.0,1.0,0.0,0.0,1.0,0.0,1.0,0.0,0.0
0.0,0.3705786270796895,0.0,0.3121804919586548,1.0,1.0,1.0,0.0,0.0,0.0,0.0,1.0,0.0,0.0,1.0,0.0,1.0,0.0,0.0
-0.6,-0.6741446350876685,-0.07142857142857148,0.5494251895443193,1.0,0.3333333333333333,0.3333333333333333,1.0,0.0,0.0,0.0,0.0,0.0,1.0,0.0,0.0,0.0,0.0,1.0
0.0,0.9447102528150793,-0.42857142857142855,-0.7791451169354017,1.0,1.0,1.0,0.0,1.0,0.0,0.0,0.0,0.0,0.0,1.0,0.0,0.0,1.0,0.0
0.8,-0.6612364666599211,0.2142857142857141,-0.6723850030218527,0.0,1.0,1.0,0.0,0.0,0.0,0.0,1.0,0.0,1.0,0.0,0.0,1.0,0.0,0.0
0.2,-0.24227750393894276,1.0,-1.8467462560708916,1.0,1.0,1.0,0.0,0.0,1.0,0.0,0.0,0.0,1.0,0.0,1.0,0.0,0.0,0.0
-1.8,0.0,0.14285714285714296,-0.09113549393697475,0.0,1.0,1.0,0.0,1.0,0.0,0.0,0.0,0.0,0.0,1.0,1.0,0.0,0.0,0.0
-0.2,0.0,0.0,0.11052249901084003,0.0,0.0,0.0,0.0,0.0,0.0,0.0,1.0,0.0,0.0,1.0,0.0,1.0,0.0,0.0
0.0,-1.4026249981931456,-0.8571428571428569,1.3086082218184454,0.0,0.6666666666666667,0.6666666666666667,0.0,0.0,1.0,0.0,0.0,0.0,1.0,0.0,0.0,1.0,0.0,0.0
-1.2,1.127549471675749,-0.9285714285714284,-0.23348231248837342,0.0,0.6666666666666667,0.6666666666666667,0.0,1.0,0.0,0.0,0.0,0.0,0.0,1.0,0.0,1.0,0.0,0.0
-0.2,0.0,0.9285714285714282,0.2528693175622387,0.5,1.0,1.0,0.0,0.0,1.0,0.0,0.0,0.0,1.0,0.0,0.0,0.0,1.0,0.0
1.2,1.0541189054798283,1.2142857142857142,-0.11485996369554119,0.5,1.0,1.0,0.0,0.0,1.0,0.0,0.0,0.0,0.0,1.0,0.0,0.0,1.0,0.0
0.2,-0.7198074615862737,1.2142857142857142,0.27659378732080514,0.0,0.6666666666666667,0.6666666666666667,0.0,0.0,0.0,1.0,0.0,0.0,1.0,0.0,0.0,0.0,1.0,0.0
-0.4,0.4407424003700438,-0.2142857142857141,-0.09113549393697475,0.0,1.0,1.0,0.0,0.0,0.0,0.0,0.0,1.0,0.0,1.0,0.0,1.0,0.0,0.0
1.6,-0.33964527832786456,0.0,-0.04368655441984186,0.0,1.0,1.0,0.0,0.0,1.0,0.0,0.0,0.0,0.0,1.0,0.0,1.0,0.0,0.0
1.4,0.656582009511282,-0.5,-0.09113549393697475,1.0,0.0,0.0,0.0,0.0,0.0,0.0,0.0,1.0,1.0,0.0,0.0,0.0,1.0,0.0
-1.4,-0.9950853558057848,-0.9999999999999997,-1.8704707258294582,1.0,0.6666666666666667,0.6666666666666667,0.0,0.0,0.0,0.0,1.0,0.0,0.0,1.0,0.0,1.0,0.0,0.0
0.6,-0.7519550165507871,-0.9285714285714284,-0.04368655441984186,0.0,0.6666666666666667,0.6666666666666667,0.0,0.0,1.0,0.0,0.0,0.0,0.0,1.0,1.0,0.0,0.0,0.0
-1.2,1.0170711611569652,0.0,-0.09113549393697475,0.0,1.0,1.0,0.0,1.0,0.0,0.0,0.0,0.0,0.0,1.0,0.0,0.0,0.0,1.0
-0.4,0.23637993090588455,0.2142857142857141,1.1662614032670469,0.0,0.3333333333333333,0.3333333333333333,0.0,0.0,0.0,0.0,1.0,0.0,0.0,1.0,0.0,1.0,0.0,0.0
0.6,0.0,0.8571428571428571,1.6170263286798092,0.0,1.0,1.0,1.0,0.0,0.0,0.0,0.0,0.0,0.0,1.0,0.0,1.0,0.0,0.0
-0.8,-1.4092742226912014,-1.1428571428571426,0.27659378732080514,0.0,1.0,1.0,0.0,0.0,0.0,1.0,0.0,0.0,1.0,0.0,0.0,0.0,1.0,0.0
-1.8,-0.08534135094895998,-0.2142857142857141,-1.4671547399338285,0.5,0.3333333333333333,0.3333333333333333,0.0,0.0,0.0,0.0,1.0,0.0,0.0,1.0,0.0,1.0,0.0,0.0
1.6,0.0,0.0,1.1899858730256132,1.0,0.0,0.0,0.0,0.0,1.0,0.0,0.0,0.0,1.0,0.0,0.0,1.0,0.0,0.0
0.0,0.7136641563435048,0.0,1.3204704566977288,0.5,1.0,1.0,0.0,1.0,0.0,0.0,0.0,0.0,1.0,0.0,1.0,0.0,0.0,0.0
-1.2,0.0,-0.2857142857142856,1.2611592823013127,0.5,0.6666666666666667,0.6666666666666667,0.0,1.0,0.0,0.0,0.0,0.0,0.0,1.0,0.0,0.0,1.0,0.0
0.0,-1.0690652057645886,0.07142857142857148,0.27659378732080514,0.0,0.3333333333333333,0.3333333333333333,0.0,0.0,0.0,1.0,0.0,0.0,1.0,0.0,1.0,0.0,0.0,0.0
0.6,-0.8431794856969399,0.5,-0.09113549393697475,0.5,1.0,1.0,0.0,0.0,0.0,0.0,0.0,1.0,0.0,1.0,0.0,0.0,0.0,1.0
-0.8,0.0,0.5714285714285712,0.21728261292438902,0.0,0.0,0.0,0.0,0.0,0.0,0.0,1.0,0.0,1.0,0.0,0.0,1.0,0.0,0.0
0.4,-1.2173862765788295,-0.07142857142857148,0.11052249901084003,0.5,0.6666666666666667,0.6666666666666667,0.0,0.0,0.0,0.0,1.0,0.0,1.0,0.0,0.0,1.0,0.0,0.0
0.0,1.0447377170032235,-1.214285714285714,-0.09113549393697475,1.0,1.0,1.0,0.0,1.0,0.0,0.0,0.0,0.0,1.0,0.0,1.0,0.0,0.0,0.0
-0.4,0.0,0.0,0.1935581431658226,1.0,0.3333333333333333,0.3333333333333333,0.0,0.0,0.0,0.0,0.0,1.0,1.0,0.0,0.0,0.0,1.0,0.0
0.0,0.0,0.5,-0.031824319540558636,0.0,1.0,1.0,1.0,0.0,0.0,0.0,0.0,0.0,0.0,1.0,0.0,0.0,1.0,0.0
-1.6,1.3789335222098553,-0.35714285714285704,0.27659378732080514,0.5,0.3333333333333333,0.3333333333333333,0.0,0.0,0.0,1.0,0.0,0.0,1.0,0.0,0.0,1.0,0.0,0.0
-1.2,1.0145704745522615,-0.35714285714285704,0.039349089735140695,0.0,0.6666666666666667,0.6666666666666667,0.0,1.0,0.0,0.0,0.0,0.0,0.0,1.0,1.0,0.0,0.0,0.0
-1.2,0.0,0.14285714285714296,-0.31651795664335597,0.0,1.0,1.0,1.0,0.0,0.0,0.0,0.0,0.0,1.0,0.0,1.0,0.0,0.0,0.0
-0.4,0.06750408349113196,-0.8571428571428569,0.27659378732080514,0.5,1.0,1.0,0.0,0.0,0.0,1.0,0.0,0.0,0.0,1.0,1.0,0.0,0.0,0.0
0.8,-0.5547187811682398,-0.07142857142857148,-0.09113549393697475,0.5,1.0,1.0,0.0,0.0,0.0,0.0,0.0,1.0,1.0,0.0,0.0,0.0,1.0,0.0
-1.6,0.34959020540321767,0.2857142857142856,0.11052249901084003,0.0,0.0,0.0,0.0,0.0,0.0,0.0,1.0,0.0,0.0,1.0,0.0,1.0,0.0,0.0
-1.6,0.0,1.2857142857142854,1.818684321627624,0.5,0.0,0.0,0.0,0.0,0.0,0.0,1.0,0.0,0.0,1.0,0.0,1.0,0.0,0.0
-1.8,0.0,-0.9285714285714284,1.6881997379555085,1.0,0.6666666666666667,0.6666666666666667,0.0,0.0,1.0,0.0,0.0,0.0,1.0,0.0,0.0,0.0,1.0,0.0
-0.2,0.3433168066376606,-0.2857142857142856,0.27659378732080514,0.0,0.3333333333333333,0.3333333333333333,0.0,0.0,0.0,1.0,0.0,0.0,0.0,1.0,0.0,1.0,0.0,0.0
-0.4,0.6977204723840361,0.0,1.5695773891626763,0.5,0.0,0.0,0.0,1.0,0.0,0.0,0.0,0.0,1.0,0.0,0.0,0.0,1.0,0.0
-0.2,0.38218586027955653,0.6428571428571427,-1.5620526189680943,0.0,0.3333333333333333,0.3333333333333333,1.0,0.0,0.0,0.0,0.0,0.0,0.0,1.0,0.0,0.0,1.0,0.0
-0.6,-0.7928911117214265,-0.2857142857142856,-0.6605227681425694,0.0,1.0,1.0,0.0,0.0,1.0,0.0,0.0,0.0,0.0,1.0,1.0,0.0,0.0,0.0
0.2,0.05721224035501077,0.0,1.6288885635590924,0.0,1.0,1.0,0.0,1.0,0.0,0.0,0.0,0.0,1.0,0.0,0.0,0.0,0.0,1.0
-1.6,-0.32355704600974255,0.0,0.6205985988200186,0.0,1.0,1.0,1.0,0.0,0.0,0.0,0.0,0.0,1.0,0.0,0.0,0.0,0.0,1.0
0.0,-0.20820745580433933,1.2142857142857142,-1.0401142842796325,0.5,0.0,0.0,0.0,0.0,0.0,1.0,0.0,0.0,1.0,0.0,0.0,0.0,1.0,0.0
1.8,-0.40537141700755985,0.35714285714285704,-0.09113549393697475,0.0,0.3333333333333333,0.3333333333333333,0.0,1.0,0.0,0.0,0.0,0.0,1.0,0.0,1.0,0.0,0.0,0.0
0.0,1.364247408970671,0.5714285714285712,-1.7043994375194929,1.0,0.3333333333333333,0.3333333333333333,0.0,0.0,0.0,0.0,0.0,1.0,1.0,0.0,0.0,1.0,0.0,0.0
0.0,-0.7671615038811235,-0.35714285714285704,-0.09113549393697475,0.0,0.3333333333333333,0.3333333333333333,0.0,1.0,0.0,0.0,0.0,0.0,0.0,1.0,0.0,1.0,0.0,0.0
0.8,1.2971046963761725,-1.1428571428571426,-0.031824319540558636,0.0,1.0,1.0,1.0,0.0,0.0,0.0,0.0,0.0,0.0,1.0,1.0,0.0,0.0,0.0
-1.6,0.3649412410922074,0.14285714285714296,0.1935581431658226,0.0,0.0,0.0,0.0,0.0,0.0,0.0,0.0,1.0,1.0,0.0,0.0,0.0,1.0,0.0
0.0,0.28889434960466026,0.2857142857142856,0.11052249901084003,1.0,0.0,0.0,0.0,0.0,0.0,0.0,1.0,0.0,0.0,1.0,0.0,1.0,0.0,0.0
0.0,0.0,0.0,-0.18603337297124053,0.0,1.0,1.0,0.0,0.0,1.0,0.0,0.0,0.0,0.0,1.0,0.0,0.0,0.0,1.0
1.8,1.0895187985140429,0.0,0.3121804919586548,0.5,0.0,0.0,1.0,0.0,0.0,0.0,0.0,0.0,1.0,0.0,1.0,0.0,0.0,0.0
0.4,0.7345080296613232,0.0,0.3003182570793716,0.0,0.0,0.0,0.0,0.0,0.0,0.0,0.0,1.0,1.0,0.0,1.0,0.0,0.0,0.0
0.6,0.0,0.2142857142857141,-0.3639668961604889,0.0,0.6666666666666667,0.6666666666666667,1.0,0.0,0.0,0.0,0.0,0.0,0.0,1.0,1.0,0.0,0.0,0.0
0.0,-1.3081481909772914,-0.14285714285714296,-1.0282520494003493,0.5,0.6666666666666667,0.6666666666666667,0.0,0.0,0.0,0.0,0.0,1.0,1.0,0.0,0.0,1.0,0.0,0.0
-1.2,-0.4419421517468669,0.0,1.3441949264562951,0.5,0.3333333333333333,0.3333333333333333,0.0,0.0,0.0,0.0,1.0,0.0,0.0,1.0,0.0,1.0,0.0,0.0
0.0,0.8907792602015004,0.0,1.7949598518690575,0.0,1.0,1.0,0.0,0.0,0.0,0.0,0.0,1.0,1.0,0.0,0.0,0.0,1.0,0.0
0.0,0.4575967389890288,1.4285714285714282,0.22914484780367225,0.5,1.0,1.0,0.0,0.0,0.0,0.0,1.0,0.0,0.0,1.0,0.0,1.0,0.0,0.0
0.0,0.2582934620777381,0.5714285714285712,0.9052922359228159,0.0,1.0,1.0,0.0,0.0,1.0,0.0,0.0,0.0,0.0,1.0,0.0,0.0,0.0,1.0
0.0,0.0,-1.3571428571428568,0.21728261292438902,0.5,0.3333333333333333,0.3333333333333333,0.0,0.0,0.0,0.0,1.0,0.0,1.0,0.0,0.0,1.0,0.0,0.0
-1.4,1.1406600078056113,0.2142857142857141,0.11052249901084003,0.0,0.0,0.0,0.0,0.0,0.0,0.0,1.0,0.0,0.0,1.0,0.0,1.0,0.0,0.0
-0.2,0.6149376273832411,0.2142857142857141,-0.04368655441984186,0.0,0.3333333333333333,0.3333333333333333,0.0,0.0,1.0,0.0,0.0,0.0,0.0,1.0,0.0,0.0,0.0,1.0
0.0,0.0,-0.7142857142857141,0.9764656451985152,1.0,1.0,1.0,0.0,0.0,0.0,1.0,0.0,0.0,1.0,0.0,0.0,0.0,1.0,0.0
0.0,-0.37385987482112143,0.5,0.5494251895443193,0.0,1.0,1.0,0.0,0.0,0.0,0.0,1.0,0.0,1.0,0.0,0.0,1.0,0.0,0.0
0.0,0.2696983275754904,0.9285714285714282,-0.6130738286254366,0.0,0.3333333333333333,0.3333333333333333,0.0,1.0,0.0,0.0,0.0,0.0,0.0,1.0,1.0,0.0,0.0,0.0
0.0,1.074847140110724,1.357142857142857,-0.3402424264019224,1.0,0.0,0.0,0.0,1.0,0.0,0.0,0.0,0.0,1.0,0.0,0.0,0.0,1.0,0.0
-1.0,0.6598632572527139,0.0,-1.8348840211916084,0.0,0.0,0.0,0.0,0.0,0.0,1.0,0.0,0.0,1.0,0.0,0.0,1.0,0.0,0.0
1.0,-0.2128474581171131,0.0,0.751083182492134,0.5,0.3333333333333333,0.3333333333333333,0.0,0.0,0.0,0.0,0.0,1.0,1.0,0.0,1.0,0.0,0.0,0.0
0.0,0.45774128734768216,1.357142857142857,0.3003182570793716,1.0,0.0,0.0,0.0,1.0,0.0,0.0,0.0,0.0,0.0,1.0,0.0,0.0,0.0,1.0
1.8,0.9266417079834058,0.14285714285714296,-0.04368655441984186,0.5,1.0,1.0,0.0,0.0,1.0,0.0,0.0,0.0,1.0,0.0,0.0,1.0,0.0,0.0
-1.2,1.3085384715456556,-1.214285714285714,0.11052249901084003,0.5,0.6666666666666667,0.6666666666666667,0.0,0.0,0.0,0.0,1.0,0.0,1.0,0.0,0.0,1.0,0.0,0.0
0.0,0.6823260721874503,0.35714285714285704,-0.04368655441984186,1.0,1.0,1.0,0.0,0.0,1.0,0.0,0.0,0.0,0.0,1.0,1.0,0.0,0.0,0.0
1.4,0.13058498720747025,0.5714285714285712,0.3003182570793716,0.0,0.0,0.0,0.0,0.0,0.0,0.0,1.0,0.0,0.0,1.0,0.0,1.0,0.0,0.0
1.2,-0.6053251615327908,-0.7142857142857141,-0.031824319540558636,0.0,0.3333333333333333,0.3333333333333333,1.0,0.0,0.0,0.0,0.0,0.0,0.0,1.0,0.0,0.0,0.0,1.0
0.0,-0.2090169266127983,0.0,-0.04368655441984186,1.0,0.3333333333333333,0.3333333333333333,0.0,0.0,1.0,0.0,0.0,0.0,1.0,0.0,0.0,1.0,0.0,0.0
0.4,-1.1007357511455458,0.0,1.332332691577012,1.0,0.6666666666666667,0.6666666666666667,0.0,0.0,1.0,0.0,0.0,0.0,0.0,1.0,1.0,0.0,0.0,0.0
0.6,0.0,-0.9999999999999997,0.015624619976574253,0.0,1.0,1.0,0.0,1.0,0.0,0.0,0.0,0.0,1.0,0.0,0.0,1.0,0.0,0.0
0.6,1.3625128286668304,1.2857142857142854,1.2730215171805959,0.5,0.3333333333333333,0.3333333333333333,0.0,0.0,0.0,0.0,1.0,0.0,0.0,1.0,0.0,1.0,0.0,0.0
0.0,0.9599890143247424,0.35714285714285704,0.38335390123435414,1.0,1.0,1.0,0.0,0.0,1.0,0.0,0.0,0.0,0.0,1.0,1.0,0.0,0.0,0.0
0.0,0.8715543285005999,0.0,-0.9689408750039332,1.0,0.6666666666666667,0.6666666666666667,0.0,0.0,0.0,0.0,1.0,0.0,0.0,1.0,0.0,1.0,0.0,0.0
0.0,0.0,-0.5714285714285712,0.44266507563077023,0.5,1.0,1.0,1.0,0.0,0.0,0.0,0.0,0.0,1.0,0.0,1.0,0.0,0.0,0.0
1.8,0.6613665601827091,1.1428571428571423,0.644323068578585,0.0,1.0,1.0,0.0,0.0,0.0,0.0,1.0,0.0,0.0,1.0,0.0,1.0,0.0,0.0
0.0,-0.5194345268209479,0.5714285714285712,1.6407507984383758,0.0,0.3333333333333333,0.3333333333333333,1.0,0.0,0.0,0.0,0.0,0.0,0.0,1.0,0.0,0.0,0.0,1.0
-0.6,0.0,0.0,-1.0401142842796325,0.0,1.0,1.0,1.0,0.0,0.0,0.0,0.0,0.0,0.0,1.0,0.0,1.0,0.0,0.0
-0.6,-0.9985400615776008,1.2142857142857142,-1.1468743981931815,0.5,0.3333333333333333,0.3333333333333333,0.0,0.0,0.0,1.0,0.0,0.0,0.0,1.0,1.0,0.0,0.0,0.0
-1.2,0.0,0.0,-1.7874350816744755,0.0,1.0,1.0,0.0,0.0,0.0,0.0,1.0,0.0,1.0,0.0,0.0,1.0,0.0,0.0
-0.4,0.0,0.0,-1.2061855725895976,0.5,0.0,0.0,0.0,0.0,0.0,0.0,1.0,0.0,1.0,0.0,0.0,1.0,0.0,0.0
-0.6,0.8238967346525781,-0.5,-0.9452164052453668,1.0,1.0,1.0,0.0,0.0,0.0,0.0,0.0,1.0,1.0,0.0,0.0,1.0,0.0,0.0
0.0,-0.6146918951735303,1.357142857142857,-0.09113549393697475,0.5,0.6666666666666667,0.6666666666666667,0.0,0.0,0.0,0.0,0.0,1.0,0.0,1.0,0.0,0.0,1.0,0.0
0.0,-0.29521111287781326,0.0,-0.09113549393697475,1.0,0.3333333333333333,0.3333333333333333,0.0,1.0,0.0,0.0,0.0,0.0,0.0,1.0,0.0,1.0,0.0,0.0
0.2,-0.5902487677252425,-0.7857142857142856,0.1579714385279729,0.0,0.6666666666666667,0.6666666666666667,0.0,0.0,0.0,1.0,0.0,0.0,0.0,1.0,1.0,0.0,0.0,0.0
0.6,-1.0521675026380075,-0.9999999999999997,-0.04368655441984186,0.5,0.0,0.0,0.0,0.0,0.0,0.0,1.0,0.0,0.0,1.0,0.0,1.0,0.0,0.0
-0.2,1.2641043060956043,1.357142857142857,-0.9926653447624997,0.0,0.6666666666666667,0.6666666666666667,0.0,0.0,0.0,0.0,0.0,1.0,1.0,0.0,1.0,0.0,0.0,0.0
0.0,1.142264494586664,-1.2857142857142854,-0.7435584122975519,0.5,0.0,0.0,0.0,0.0,0.0,0.0,0.0,1.0,0.0,1.0,0.0,0.0,1.0,0.0
0.0,-0.7774822566889753,0.7857142857142853,0.5019762500271864,0.5,0.0,0.0,0.0,0.0,1.0,0.0,0.0,0.0,0.0,1.0,0.0,0.0,0.0,1.0
0.0,-0.380032089735621,0.5,0.7866698871299836,0.0,0.0,0.0,0.0,0.0,0.0,0.0,0.0,1.0,1.0,0.0,0.0,0.0,1.0,0.0
-0.8,0.5101834318671311,0.5714285714285712,-0.09113549393697475,0.5,0.3333333333333333,0.3333333333333333,0.0,0.0,0.0,0.0,0.0,1.0,1.0,0.0,1.0,0.0,0.0,0.0
0.6,1.3204781659704254,0.0,0.5850118941821689,0.0,0.6666666666666667,0.6666666666666667,0.0,0.0,0.0,0.0,1.0,0.0,1.0,0.0,0.0,1.0,0.0,0.0
1.2,-0.45217617553952677,1.0,0.8459810615263998,0.0,1.0,1.0,0.0,0.0,0.0,0.0,0.0,1.0,1.0,0.0,0.0,0.0,1.0,0.0
-0.6,0.4291351671701768,0.0,0.7392209476128508,0.5,0.0,0.0,0.0,0.0,0.0,1.0,0.0,0.0,1.0,0.0,0.0,0.0,1.0,0.0
-0.8,-0.5414781515155895,-0.5,-1.4197058004166956,0.0,0.0,0.0,1.0,0.0,0.0,0.0,0.0,0.0,1.0,0.0,0.0,0.0,1.0,0.0
1.6,0.0,-0.9999999999999997,-0.031824319540558636,0.0,0.0,0.0,1.0,0.0,0.0,0.0,0.0,0.0,0.0,1.0,1.0,0.0,0.0,0.0
-1.8,0.0,-0.7142857142857141,0.27659378732080514,0.5,0.0,0.0,0.0,0.0,0.0,1.0,0.0,0.0,1.0,0.0,0.0,0.0,0.0,1.0
-0.4,-0.6319654240326101,0.2142857142857141,-0.24534454736765662,0.0,1.0,1.0,0.0,0.0,0.0,0.0,1.0,0.0,0.0,1.0,0.0,1.0,0.0,0.0
-1.0,0.5959728827279166,-0.7142857142857141,-0.09113549393697475,0.0,1.0,1.0,0.0,1.0,0.0,0.0,0.0,0.0,0.0,1.0,0.0,0.0,1.0,0.0
1.4,0.23467426027377458,0.42857142857142855,0.45452731051005346,0.5,0.0,0.0,0.0,0.0,0.0,0.0,0.0,1.0,1.0,0.0,1.0,0.0,0.0,0.0
1.2,1.0768129977884102,0.6428571428571427,1.3679193962148615,0.0,0.6666666666666667,0.6666666666666667,0.0,1.0,0.0,0.0,0.0,0.0,1.0,0.0,0.0,0.0,1.0,0.0
0.0,-0.5043003136699383,0.6428571428571427,0.5019762500271864,0.0,1.0,1.0,0.0,0.0,0.0,1.0,0.0,0.0,1.0,0.0,0.0,0.0,0.0,1.0
-1.8,0.4175423888061751,-0.9999999999999997,1.818684321627624,1.0,1.0,1.0,0.0,0.0,0.0,1.0,0.0,0.0,1.0,0.0,1.0,0.0,0.0,0.0
0.4,1.2065885141874213,0.0,0.32404272683793806,0.0,1.0,1.0,1.0,0.0,0.0,0.0,0.0,0.0,0.0,1.0,0.0,1.0,0.0,0.0
-0.2,0.0,0.0,-1.6806749677609265,1.0,0.3333333333333333,0.3333333333333333,1.0,0.0,0.0,0.0,0.0,0.0,0.0,1.0,0.0,1.0,0.0,0.0
0.0,0.3703473497058441,-0.2857142857142856,1.0950879939913474,1.0,0.6666666666666667,0.6666666666666667,0.0,0.0,1.0,0.0,0.0,0.0,0.0,1.0,0.0,0.0,1.0,0.0
1.2,-0.23308422832858733,-0.5714285714285712,-0.8265940564525345,0.0,0.6666666666666667,0.6666666666666667,0.0,0.0,1.0,0.0,0.0,0.0,0.0,1.0,1.0,0.0,0.0,0.0
0.2,0.5073647388733901,-0.9999999999999997,-0.3639668961604889,1.0,0.0,0.0,0.0,0.0,0.0,0.0,1.0,0.0,0.0,1.0,0.0,1.0,0.0,0.0
0.0,1.0209450571688758,1.1428571428571423,-0.04368655441984186,0.0,1.0,1.0,0.0,0.0,1.0,0.0,0.0,0.0,0.0,1.0,0.0,1.0,0.0,0.0
0.8,0.31187753863054885,-0.5,-1.597639323605944,0.0,0.6666666666666667,0.6666666666666667,0.0,0.0,0.0,1.0,0.0,0.0,1.0,0.0,1.0,0.0,0.0,0.0
-1.0,-1.3965539671297031,0.7142857142857141,-0.09113549393697475,0.0,0.3333333333333333,0.3333333333333333,0.0,1.0,0.0,0.0,0.0,0.0,1.0,0.0,0.0,1.0,0.0,0.0
0.0,0.0,0.6428571428571427,1.759373147231208,0.0,1.0,1.0,0.0,0.0,1.0,0.0,0.0,0.0,0.0,1.0,0.0,0.0,1.0,0.0
-1.2,0.0,-0.42857142857142855,-0.031824319540558636,0.0,0.0,0.0,1.0,0.0,0.0,0.0,0.0,0.0,1.0,0.0,0.0,0.0,0.0,1.0
0.2,1.0650178517222937,-1.214285714285714,-0.6486605332632862,0.0,1.0,1.0,0.0,0.0,0.0,0.0,0.0,1.0,0.0,1.0,0.0,1.0,0.0,0.0
-1.0,0.0,-1.4285714285714282,-1.5857770887266607,0.0,1.0,1.0,0.0,0.0,0.0,1.0,0.0,0.0,1.0,0.0,1.0,0.0,0.0,0.0
1.6,0.6212254809846635,0.0,-0.031824319540558636,1.0,1.0,1.0,1.0,0.0,0.0,0.0,0.0,0.0,0.0,1.0,1.0,0.0,0.0,0.0
-0.4,0.6475043725878493,-1.1428571428571426,-0.09113549393697475,0.0,0.3333333333333333,0.3333333333333333,0.0,1.0,0.0,0.0,0.0,0.0,1.0,0.0,0.0,1.0,0.0,0.0
0.0,-0.15046038652231103,0.0,1.9491689052997394,0.0,1.0,1.0,0.0,0.0,0.0,1.0,0.0,0.0,1.0,0.0,0.0,1.0,0.0,0.0
1.2,0.0,0.7142857142857141,0.27659378732080514,0.5,0.6666666666666667,0.6666666666666667,0.0,0.0,0.0,1.0,0.0,0.0,1.0,0.0,0.0,1.0,0.0,0.0
0.6,0.8781023691475983,-0.42857142857142855,-0.7316961774182688,1.0,1.0,1.0,0.0,0.0,0.0,1.0,0.0,0.0,0.0,1.0,0.0,0.0,1.0,0.0
0.0,0.12691345889767422,-1.2857142857142854,0.8341188266471166,1.0,1.0,1.0,0.0,0.0,0.0,1.0,0.0,0.0,0.0,1.0,1.0,0.0,0.0,0.0
-0.2,0.4753617322675301,-0.35714285714285704,-0.7910073518146848,0.0,1.0,1.0,1.0,0.0,0.0,0.0,0.0,0.0,1.0,0.0,0.0,1.0,0.0,0.0
-1.2,-0.07012040878275827,0.0,0.22914484780367225,0.0,1.0,1.0,0.0,0.0,0.0,0.0,1.0,0.0,1.0,0.0,0.0,1.0,0.0,0.0
-1.4,0.0,1.4285714285714282,1.4272305706112778,0.5,0.3333333333333333,0.3333333333333333,0.0,0.0,0.0,0.0,1.0,0.0,0.0,1.0,0.0,1.0,0.0,0.0
-0.6,0.3793816221216808,0.0,0.5257007197857528,1.0,1.0,1.0,0.0,0.0,1.0,0.0,0.0,0.0,1.0,0.0,1.0,0.0,0.0,0.0
1.6,0.6655150980760614,0.0,-1.2180478074688807,0.0,0.0,0.0,1.0,0.0,0.0,0.0,0.0,0.0,0.0,1.0,0.0,1.0,0.0,0.0
-0.2,0.696564085514809,-0.42857142857142855,-1.7399861421573426,0.0,0.0,0.0,0.0,0.0,0.0,0.0,1.0,0.0,1.0,0.0,0.0,1.0,0.0,0.0
1.8,0.0,1.2857142857142854,0.27659378732080514,0.0,1.0,1.0,0.0,0.0,0.0,1.0,0.0,0.0,0.0,1.0,1.0,0.0,0.0,0.0
0.0,0.0,-0.42857142857142855,0.11052249901084003,0.0,0.6666666666666667,0.6666666666666667,0.0,0.0,0.0,0.0,1.0,0.0,0.0,1.0,0.0,1.0,0.0,0.0
-0.2,0.0,0.7142857142857141,-0.031824319540558636,0.0,1.0,1.0,1.0,0.0,0.0,0.0,0.0,0.0,0.0,1.0,0.0,1.0,0.0,0.0
1.2,0.850349084286148,0.35714285714285704,-0.09113549393697475,1.0,1.0,1.0,0.0,0.0,0.0,0.0,0.0,1.0,0.0,1.0,0.0,1.0,0.0,0.0
1.2,0.16680880588600916,0.0,1.2374348125427461,0.0,0.6666666666666667,0.6666666666666667,0.0,0.0,0.0,0.0,1.0,0.0,0.0,1.0,0.0,1.0,0.0,0.0
-0.2,1.1956751131090906,0.8571428571428571,0.11052249901084003,1.0,0.0,0.0,0.0,0.0,0.0,0.0,1.0,0.0,1.0,0.0,0.0,1.0,0.0,0.0
1.6,-0.2750032523380697,0.7142857142857141,-1.9060574304673077,0.5,0.0,0.0,0.0,0.0,0.0,0.0,1.0,0.0,0.0,1.0,0.0,1.0,0.0,0.0
0.8,0.8019976583165899,-0.42857142857142855,0.6205985988200186,0.5,0.0,0.0,0.0,0.0,0.0,0.0,0.0,1.0,0.0,1.0,0.0,1.0,0.0,0.0
-1.6,-0.6381954582905711,-0.6428571428571427,0.27659378732080514,0.0,0.3333333333333333,0.3333333333333333,0.0,0.0,0.0,1.0,0.0,0.0,1.0,0.0,1.0,0.0,0.0,0.0
1.4,-1.0398230728090083,0.35714285714285704,0.27659378732080514,1.0,1.0,1.0,0.0,0.0,0.0,1.0,0.0,0.0,0.0,1.0,0.0,0.0,0.0,1.0
0.0,-0.44796981830271315,-1.4285714285714282,0.9883278800777985,0.5,0.0,0.0,0.0,0.0,0.0,0.0,1.0,0.0,1.0,0.0,0.0,1.0,0.0,0.0
0.0,0.8421821020222315,0.5714285714285712,0.27659378732080514,0.0,0.3333333333333333,0.3333333333333333,0.0,0.0,0.0,1.0,0.0,0.0,1.0,0.0,0.0,0.0,1.0,0.0
1.2,-0.5562076292623698,0.7142857142857141,-1.7637106119159092,0.0,0.3333333333333333,0.3333333333333333,0.0,0.0,1.0,0.0,0.0,0.0,1.0,0.0,0.0,0.0,1.0,0.0
0.0,-0.253508911406311,-1.0714285714285712,-0.18603337297124053,0.0,0.0,0.0,1.0,0.0,0.0,0.0,0.0,0.0,0.0,1.0,0.0,0.0,1.0,0.0
0.0,0.7003223428397971,0.5,-0.09113549393697475,1.0,0.6666666666666667,0.6666666666666667,0.0,0.0,0.0,0.0,0.0,1.0,0.0,1.0,0.0,1.0,0.0,0.0
0.4,0.4929966320232434,-1.0714285714285712,0.8341188266471166,0.0,1.0,1.0,0.0,1.0,0.0,0.0,0.0,0.0,1.0,0.0,1.0,0.0,0.0,0.0
0.0,-0.20207860539743572,-0.6428571428571427,-1.3366701562617131,1.0,0.0,0.0,0.0,0.0,0.0,1.0,0.0,0.0,0.0,1.0,1.0,0.0,0.0,0.0
0.0,-0.158352726904786,0.9285714285714282,-1.170598867951748,0.5,1.0,1.0,0.0,0.0,1.0,0.0,0.0,0.0,1.0,0.0,0.0,0.0,0.0,1.0
1.0,-0.8515632904988364,0.0,-0.04368655441984186,0.0,0.6666666666666667,0.6666666666666667,0.0,0.0,1.0,0.0,0.0,0.0,0.0,1.0,0.0,1.0,0.0,0.0
-0.4,0.0,0.2857142857142856,-0.5063137147118876,1.0,0.3333333333333333,0.3333333333333333,0.0,0.0,0.0,0.0,1.0,0.0,1.0,0.0,0.0,1.0,0.0,0.0
0.0,1.0113759558260216,-0.7857142857142856,-0.6367982983840029,0.0,1.0,1.0,0.0,0.0,0.0,0.0,0.0,1.0,0.0,1.0,0.0,0.0,1.0,0.0
0.0,-0.9767277142568046,-0.5,0.5850118941821689,0.5,1.0,1.0,0.0,0.0,0.0,1.0,0.0,0.0,1.0,0.0,1.0,0.0,0.0,0.0
-0.4,0.5258380191092931,0.0,-0.04368655441984186,0.5,1.0,1.0,0.0,0.0,1.0,0.0,0.0,0.0,0.0,1.0,0.0,0.0,0.0,1.0
0.0,0.3909744004856825,0.2142857142857141,0.24100708268295548,0.5,1.0,1.0,0.0,0.0,0.0,0.0,1.0,0.0,0.0,1.0,0.0,1.0,0.0,0.0
0.0,-0.7221346901605932,1.0,1.5933018589212429,0.5,1.0,1.0,0.0,0.0,0.0,0.0,1.0,0.0,1.0,0.0,0.0,1.0,0.0,0.0
0.0,0.0,-0.2857142857142856,-1.7992973165537587,1.0,1.0,1.0,0.0,0.0,1.0,0.0,0.0,0.0,1.0,0.0,0.0,1.0,0.0,0.0
1.2,-0.014960755120625606,0.0,-1.6095015584852272,1.0,0.0,0.0,0.0,0.0,0.0,1.0,0.0,0.0,1.0,0.0,1.0,0.0,0.0,0.0
0.0,-0.23585955681473236,-1.214285714285714,0.5968741290614521,0.0,1.0,1.0,0.0,0.0,0.0,1.0,0.0,0.0,1.0,0.0,1.0,0.0,0.0,0.0
0.0,0.0,-0.35714285714285704,-0.5063137147118876,0.5,1.0,1.0,0.0,0.0,0.0,1.0,0.0,0.0,0.0,1.0,0.0,0.0,1.0,0.0
0.0,0.0,0.0,0.11052249901084003,1.0,1.0,1.0,0.0,0.0,0.0,0.0,1.0,0.0,0.0,1.0,0.0,1.0,0.0,0.0
-1.6,-0.9327705583903094,1.1428571428571423,-0.47072701007403783,1.0,1.0,1.0,0.0,0.0,0.0,0.0,1.0,0.0,0.0,1.0,0.0,1.0,0.0,0.0
0.0,-0.7477920238215695,-1.214285714285714,1.3204704566977288,0.0,1.0,1.0,1.0,0.0,0.0,0.0,0.0,0.0,1.0,0.0,0.0,0.0,1.0,0.0
0.0,0.5924603576126393,0.0,-0.09113549393697475,0.0,0.0,0.0,1.0,0.0,0.0,0.0,0.0,0.0,1.0,0.0,0.0,0.0,0.0,1.0
0.0,-1.115725415937902,1.357142857142857,-0.04368655441984186,0.0,1.0,1.0,0.0,0.0,1.0,0.0,0.0,0.0,0.0,1.0,0.0,0.0,0.0,1.0
0.0,0.05722669519087611,0.0,-0.9214919354868003,0.5,1.0,1.0,0.0,0.0,0.0,1.0,0.0,0.0,0.0,1.0,0.0,1.0,0.0,0.0
-1.8,0.0,-1.1428571428571426,-0.09113549393697475,0.0,0.3333333333333333,0.3333333333333333,0.0,0.0,0.0,0.0,0.0,1.0,1.0,0.0,0.0,1.0,0.0,0.0
0.0,-0.3604602419739524,-0.7142857142857141,-1.9179196653465909,0.0,0.6666666666666667,0.6666666666666667,0.0,0.0,1.0,0.0,0.0,0.0,1.0,0.0,0.0,1.0,0.0,0.0
-0.4,1.118963299171738,-0.2142857142857141,-0.04368655441984186,0.0,0.3333333333333333,0.3333333333333333,0.0,0.0,1.0,0.0,0.0,0.0,1.0,0.0,0.0,1.0,0.0,0.0
-1.4,1.264942686575794,-0.7142857142857141,-0.9570786401246499,0.0,0.6666666666666667,0.6666666666666667,0.0,0.0,0.0,1.0,0.0,0.0,0.0,1.0,0.0,1.0,0.0,0.0
-0.2,0.15340917303884014,0.0,-1.1824611028310312,1.0,1.0,1.0,0.0,0.0,0.0,0.0,1.0,0.0,1.0,0.0,0.0,1.0,0.0,0.0
0.0,-0.5729607840302974,0.0,-0.5063137147118876,0.5,1.0,1.0,0.0,1.0,0.0,0.0,0.0,0.0,1.0,0.0,0.0,0.0,0.0,1.0
0.2,-0.8957661785750423,-1.214285714285714,0.3121804919586548,0.0,1.0,1.0,0.0,0.0,0.0,0.0,1.0,0.0,1.0,0.0,0.0,1.0,0.0,0.0
-0.2,-0.4509619693268383,-0.7142857142857141,-0.31651795664335597,0.0,0.6666666666666667,0.6666666666666667,0.0,0.0,1.0,0.0,0.0,0.0,0.0,1.0,1.0,0.0,0.0,0.0
1.6,-0.8729998120871337,1.2142857142857142,1.2967459869391622,0.5,1.0,1.0,1.0,0.0,0.0,0.0,0.0,0.0,1.0,0.0,0.0,1.0,0.0,0.0
0.4,0.0,0.0,-0.3995536007983385,0.0,0.6666666666666667,0.6666666666666667,0.0,0.0,0.0,0.0,0.0,1.0,1.0,0.0,0.0,0.0,0.0,1.0
-1.0,0.6637805177722207,0.14285714285714296,0.8341188266471166,0.0,0.3333333333333333,0.3333333333333333,0.0,0.0,1.0,0.0,0.0,0.0,1.0,0.0,0.0,0.0,0.0,1.0
1.4,-0.3912056778595279,-0.9285714285714284,1.866133261144757,0.0,0.3333333333333333,0.3333333333333333,0.0,0.0,0.0,0.0,0.0,1.0,1.0,0.0,0.0,1.0,0.0,0.0
1.4,-0.6400601321171998,0.0,-0.09113549393697475,0.0,0.6666666666666667,0.6666666666666667,0.0,0.0,0.0,0.0,0.0,1.0,0.0,1.0,0.0,1.0,0.0,0.0
-1.4,-0.44247698067388447,0.0,-0.09113549393697475,1.0,0.6666666666666667,0.6666666666666667,0.0,0.0,0.0,0.0,0.0,1.0,1.0,0.0,0.0,0.0,1.0,0.0
0.0,0.4783105187840592,-1.214285714285714,-0.0674110241784083,1.0,0.3333333333333333,0.3333333333333333,0.0,1.0,0.0,0.0,0.0,0.0,1.0,0.0,0.0,0.0,1.0,0.0
-0.6,0.0,0.5714285714285712,1.118812463749914,0.0,1.0,1.0,0.0,0.0,1.0,0.0,0.0,0.0,1.0,0.0,1.0,0.0,0.0,0.0
0.6,0.4629739379309348,-0.6428571428571427,-0.031824319540558636,1.0,0.6666666666666667,0.6666666666666667,1.0,0.0,0.0,0.0,0.0,0.0,1.0,0.0,0.0,1.0,0.0,0.0
0.0,-1.3839348954192625,0.35714285714285704,0.11052249901084003,1.0,0.3333333333333333,0.3333333333333333,0.0,0.0,0.0,0.0,1.0,0.0,1.0,0.0,0.0,1.0,0.0,0.0
-1.0,0.0,-0.5714285714285712,-0.10299772881625797,0.0,0.0,0.0,1.0,0.0,0.0,0.0,0.0,0.0,0.0,1.0,0.0,0.0,0.0,1.0
-1.0,0.0,0.2142857142857141,-0.9808031098832164,1.0,0.0,0.0,0.0,0.0,1.0,0.0,0.0,0.0,1.0,0.0,0.0,0.0,0.0,1.0
0.6,-0.7983694945143898,0.5,0.33590496171722123,1.0,1.0,1.0,0.0,0.0,0.0,0.0,1.0,0.0,1.0,0.0,0.0,1.0,0.0,0.0
0.0,0.0,0.8571428571428571,1.2611592823013127,1.0,1.0,1.0,0.0,0.0,1.0,0.0,0.0,0.0,0.0,1.0,0.0,1.0,0.0,0.0
1.2,-0.42351223601856003,0.0,-1.3010834516238634,0.0,0.0,0.0,0.0,1.0,0.0,0.0,0.0,0.0,0.0,1.0,1.0,0.0,0.0,0.0
0.0,-0.953874618753704,0.0,0.537562954665036,0.5,0.0,0.0,0.0,0.0,0.0,0.0,1.0,0.0,0.0,1.0,0.0,1.0,0.0,0.0
-1.4,-0.9850970642228357,-0.07142857142857148,-0.09113549393697475,0.0,1.0,1.0,0.0,1.0,0.0,0.0,0.0,0.0,1.0,0.0,0.0,1.0,0.0,0.0
-1.2,-0.13396741879995952,-0.7142857142857141,-0.18603337297124053,0.0,1.0,1.0,1.0,0.0,0.0,0.0,0.0,0.0,0.0,1.0,0.0,0.0,1.0,0.0
0.0,0.6849423974790766,0.9285714285714282,-0.5774871239875868,0.0,0.0,0.0,0.0,0.0,1.0,0.0,0.0,0.0,0.0,1.0,0.0,0.0,0.0,1.0
0.0,-0.58715543285006,-0.2142857142857141,-0.8265940564525345,1.0,1.0,1.0,0.0,0.0,0.0,0.0,1.0,0.0,1.0,0.0,0.0,1.0,0.0,0.0
1.6,0.25128286668304883,0.35714285714285704,-0.2572067822469399,0.0,0.6666666666666667,0.6666666666666667,0.0,0.0,0.0,0.0,0.0,1.0,1.0,0.0,0.0,1.0,0.0,0.0
0.0,0.6671340396929792,-0.5,-0.031824319540558636,0.0,0.6666666666666667,0.6666666666666667,1.0,0.0,0.0,0.0,0.0,0.0,0.0,1.0,0.0,0.0,1.0,0.0
0.0,-1.13867969529206,0.2857142857142856,-0.8265940564525345,1.0,1.0,1.0,0.0,0.0,0.0,1.0,0.0,0.0,0.0,1.0,1.0,0.0,0.0,0.0
1.8,0.0,-0.9999999999999997,0.11052249901084003,0.5,0.3333333333333333,0.3333333333333333,0.0,0.0,0.0,0.0,1.0,0.0,1.0,0.0,0.0,1.0,0.0,0.0
0.6,0.8886833090010263,0.2142857142857141,1.605164093800526,0.0,0.0,0.0,0.0,0.0,0.0,1.0,0.0,0.0,0.0,1.0,0.0,0.0,0.0,1.0
0.0,0.1713331695118602,0.35714285714285704,-0.09113549393697475,0.5,0.0,0.0,0.0,1.0,0.0,0.0,0.0,0.0,0.0,1.0,0.0,0.0,0.0,1.0
0.0,0.0,0.0,-1.8823329607087413,0.0,0.0,0.0,0.0,0.0,0.0,0.0,1.0,0.0,1.0,0.0,0.0,1.0,0.0,0.0
0.0,1.3535074659227244,-0.9285714285714284,-1.3603946260202795,0.0,0.0,0.0,0.0,0.0,0.0,0.0,1.0,0.0,1.0,0.0,0.0,1.0,0.0,0.0
-0.6,1.0924531301947067,-0.9999999999999997,-1.5857770887266607,0.0,1.0,1.0,0.0,1.0,0.0,0.0,0.0,0.0,0.0,1.0,0.0,0.0,0.0,1.0
-1.2,-0.057371243549529494,1.0714285714285712,1.6881997379555085,0.0,0.3333333333333333,0.3333333333333333,0.0,1.0,0.0,0.0,0.0,0.0,0.0,1.0,0.0,0.0,0.0,1.0
1.4,0.14352206530694844,-0.8571428571428569,0.430802840751487,0.0,1.0,1.0,0.0,1.0,0.0,0.0,0.0,0.0,0.0,1.0,0.0,0.0,0.0,1.0
0.0,-1.1504892961940416,-0.8571428571428569,-0.3639668961604889,0.0,0.6666666666666667,0.6666666666666667,0.0,1.0,0.0,0.0,0.0,0.0,0.0,1.0,0.0,0.0,1.0,0.0
0.6,0.46872696260533964,0.0,-1.5739148538473775,0.0,1.0,1.0,0.0,0.0,0.0,1.0,0.0,0.0,1.0,0.0,0.0,0.0,0.0,1.0
-1.2,0.08005088102224599,0.5,-0.6249360635047198,0.0,1.0,1.0,1.0,0.0,0.0,0.0,0.0,0.0,0.0,1.0,0.0,0.0,0.0,1.0
0.0,0.46037206747517384,-0.2857142857142856,1.8542710262654738,0.5,0.0,0.0,0.0,0.0,1.0,0.0,0.0,0.0,1.0,0.0,0.0,1.0,0.0,0.0
1.4,0.28747777568985705,0.2857142857142856,1.9135822006618899,0.5,1.0,1.0,0.0,0.0,1.0,0.0,0.0,0.0,0.0,1.0,0.0,0.0,1.0,0.0
0.0,-0.35216316618724797,-0.2857142857142856,-0.031824319540558636,1.0,1.0,1.0,1.0,0.0,0.0,0.0,0.0,0.0,0.0,1.0,0.0,0.0,1.0,0.0
-1.0,-0.8757895954091441,-1.1428571428571426,-1.5264659143302446,0.0,0.3333333333333333,0.3333333333333333,0.0,1.0,0.0,0.0,0.0,0.0,0.0,1.0,0.0,1.0,0.0,0.0
-0.2,-1.1217964470013444,0.0,-0.37582913103977206,0.0,1.0,1.0,0.0,0.0,0.0,0.0,1.0,0.0,0.0,1.0,0.0,1.0,0.0,0.0
0.2,0.0,0.5714285714285712,-0.44700254031547143,0.5,0.0,0.0,1.0,0.0,0.0,0.0,0.0,0.0,0.0,1.0,0.0,0.0,0.0,1.0
-1.4,-1.1653488674636099,0.42857142857142855,-1.8586084909501748,0.0,0.0,0.0,1.0,0.0,0.0,0.0,0.0,0.0,1.0,0.0,0.0,0.0,0.0,1.0
0.0,0.31758719879735764,-0.8571428571428569,-0.5656248891083037,1.0,0.3333333333333333,0.3333333333333333,0.0,1.0,0.0,0.0,0.0,0.0,1.0,0.0,0.0,1.0,0.0,0.0
0.8,0.3383443430999841,0.5714285714285712,-1.3010834516238634,0.0,0.0,0.0,0.0,0.0,0.0,0.0,0.0,1.0,1.0,0.0,1.0,0.0,0.0,0.0
0.0,-1.341538861826224,-0.9999999999999997,0.2528693175622387,1.0,0.3333333333333333,0.3333333333333333,0.0,0.0,0.0,0.0,1.0,0.0,1.0,0.0,0.0,1.0,0.0,0.0
-0.4,0.5389919197467513,0.2857142857142856,0.5968741290614521,1.0,0.0,0.0,0.0,0.0,0.0,1.0,0.0,0.0,0.0,1.0,0.0,0.0,0.0,1.0
1.6,1.1986961738049464,0.0,0.9171544708020991,0.0,1.0,1.0,0.0,0.0,0.0,1.0,0.0,0.0,0.0,1.0,0.0,0.0,0.0,1.0
0.0,-0.4348881918445816,-0.7857142857142856,1.2967459869391622,0.0,1.0,1.0,1.0,0.0,0.0,0.0,0.0,0.0,0.0,1.0,0.0,0.0,0.0,1.0
-1.0,0.0,0.7142857142857141,1.6644752681969421,0.0,1.0,1.0,0.0,0.0,0.0,0.0,0.0,1.0,0.0,1.0,0.0,1.0,0.0,0.0
0.0,0.0,-0.2142857142857141,1.8305465565069072,0.5,1.0,1.0,0.0,0.0,1.0,0.0,0.0,0.0,1.0,0.0,1.0,0.0,0.0,0.0
0.0,-0.6660210173313482,0.0,0.27659378732080514,0.0,1.0,1.0,0.0,0.0,0.0,1.0,0.0,0.0,1.0,0.0,0.0,1.0,0.0,0.0
0.0,0.0,-0.14285714285714296,-0.09113549393697475,1.0,0.3333333333333333,0.3333333333333333,0.0,1.0,0.0,0.0,0.0,0.0,1.0,0.0,0.0,1.0,0.0,0.0
1.6,1.2675445570315549,0.0,-0.04368655441984186,0.0,1.0,1.0,0.0,0.0,1.0,0.0,0.0,0.0,0.0,1.0,0.0,0.0,0.0,1.0
1.8,-0.050693109379742994,-0.7857142857142856,0.6205985988200186,0.0,1.0,1.0,0.0,0.0,1.0,0.0,0.0,0.0,0.0,1.0,0.0,1.0,0.0,0.0
0.0,0.0,0.2142857142857141,0.27659378732080514,0.0,1.0,1.0,0.0,0.0,0.0,1.0,0.0,0.0,1.0,0.0,0.0,0.0,0.0,1.0
0.4,1.308986571457481,-1.214285714285714,0.8459810615263998,1.0,1.0,1.0,1.0,0.0,0.0,0.0,0.0,0.0,0.0,1.0,0.0,0.0,0.0,1.0
0.0,0.0,-1.3571428571428568,0.4070783709929206,1.0,1.0,1.0,0.0,0.0,1.0,0.0,0.0,0.0,0.0,1.0,0.0,0.0,1.0,0.0
-1.8,1.1305849872074702,0.0,0.11052249901084003,1.0,0.3333333333333333,0.3333333333333333,0.0,0.0,0.0,0.0,1.0,0.0,0.0,1.0,0.0,1.0,0.0,0.0
0.0,0.0,0.0,-0.3876913659190553,0.0,1.0,1.0,1.0,0.0,0.0,0.0,0.0,0.0,0.0,1.0,0.0,0.0,1.0,0.0
0.0,0.14170075598791576,0.35714285714285704,1.332332691577012,1.0,0.0,0.0,0.0,1.0,0.0,0.0,0.0,0.0,1.0,0.0,0.0,1.0,0.0,0.0
0.0,-0.82568913429988,0.2142857142857141,0.430802840751487,0.5,0.0,0.0,0.0,0.0,1.0,0.0,0.0,0.0,1.0,0.0,0.0,0.0,0.0,1.0
0.0,1.0759023431288939,0.0,-1.3603946260202795,0.0,0.6666666666666667,0.6666666666666667,0.0,0.0,0.0,0.0,0.0,1.0,1.0,0.0,0.0,0.0,0.0,1.0
0.0,-0.2618638065364768,0.0,-0.3876913659190553,1.0,0.0,0.0,0.0,0.0,0.0,0.0,0.0,1.0,1.0,0.0,0.0,1.0,0.0,0.0
-0.2,0.6484873014266923,-0.14285714285714296,-1.0757009889174822,1.0,0.0,0.0,0.0,0.0,1.0,0.0,0.0,0.0,0.0,1.0,0.0,1.0,0.0,0.0
-0.8,-0.27928188375421,0.8571428571428571,-0.04368655441984186,0.0,0.3333333333333333,0.3333333333333333,0.0,0.0,1.0,0.0,0.0,0.0,0.0,1.0,0.0,0.0,1.0,0.0
-0.2,-0.7074196672496784,0.0,-0.031824319540558636,0.0,0.3333333333333333,0.3333333333333333,1.0,0.0,0.0,0.0,0.0,0.0,0.0,1.0,0.0,0.0,0.0,1.0
-1.6,-1.3023084372876945,-0.5714285714285712,-1.8348840211916084,0.0,1.0,1.0,0.0,0.0,0.0,0.0,0.0,1.0,0.0,1.0,0.0,0.0,1.0,0.0
0.0,0.0,0.0,1.6763375030762253,0.0,1.0,1.0,0.0,1.0,0.0,0.0,0.0,0.0,0.0,1.0,0.0,0.0,1.0,0.0
0.4,-0.38689813677165696,0.0,1.071363524232781,0.0,1.0,1.0,1.0,0.0,0.0,0.0,0.0,0.0,1.0,0.0,1.0,0.0,0.0,0.0
1.8,0.46728147901880573,1.357142857142857,-1.1943233377103144,0.5,0.0,0.0,0.0,0.0,1.0,0.0,0.0,0.0,1.0,0.0,0.0,0.0,0.0,1.0
1.8,0.9759905176276723,0.0,-1.6450882631230768,0.0,0.6666666666666667,0.6666666666666667,0.0,1.0,0.0,0.0,0.0,0.0,0.0,1.0,0.0,1.0,0.0,0.0
0.2,1.3741056070308322,0.35714285714285704,-1.5857770887266607,1.0,1.0,1.0,0.0,0.0,0.0,0.0,1.0,0.0,0.0,1.0,0.0,1.0,0.0,0.0
0.0,-0.95348433818534,-0.5,-0.15044666833339085,0.0,0.3333333333333333,0.3333333333333333,0.0,0.0,1.0,0.0,0.0,0.0,0.0,1.0,0.0,0.0,0.0,1.0
1.6,-0.08152527428051054,-0.9285714285714284,-1.4078435655374124,0.0,0.6666666666666667,0.6666666666666667,0.0,0.0,0.0,0.0,1.0,0.0,0.0,1.0,0.0,1.0,0.0,0.0
0.0,-1.0742689466761104,-1.2857142857142854,1.7830976169897743,0.5,0.3333333333333333,0.3333333333333333,1.0,0.0,0.0,0.0,0.0,0.0,1.0,0.0,0.0,1.0,0.0,0.0
-0.2,0.49402292536968245,0.0,1.118812463749914,1.0,1.0,1.0,0.0,1.0,0.0,0.0,0.0,0.0,1.0,0.0,1.0,0.0,0.0,0.0
1.6,-0.871048409245313,-0.42857142857142855,-0.09113549393697475,0.0,0.0,0.0,0.0,0.0,0.0,0.0,0.0,1.0,0.0,1.0,0.0,1.0,0.0,0.0
-0.4,-0.9096572758416328,-1.0714285714285712,-0.05554878929912508,0.0,1.0,1.0,0.0,0.0,0.0,0.0,0.0,1.0,1.0,0.0,0.0,1.0,0.0,0.0
0.0,-0.725112386348853,-1.0714285714285712,-1.8467462560708916,0.0,1.0,1.0,0.0,0.0,1.0,0.0,0.0,0.0,1.0,0.0,0.0,0.0,0.0,1.0
0.0,0.4426793483759992,0.0,-0.09113549393697475,0.0,0.6666666666666667,0.6666666666666667,0.0,0.0,0.0,0.0,0.0,1.0,0.0,1.0,0.0,0.0,0.0,1.0
1.2,0.0,-1.214285714285714,-0.423278070556905,0.5,1.0,1.0,1.0,0.0,0.0,0.0,0.0,0.0,0.0,1.0,0.0,1.0,0.0,0.0
-0.8,0.19904308986571456,-0.7857142857142856,0.9052922359228159,0.5,1.0,1.0,0.0,0.0,0.0,0.0,0.0,1.0,0.0,1.0,1.0,0.0,0.0,0.0
-0.2,0.005492837628828725,0.5,-1.4197058004166956,0.0,0.3333333333333333,0.3333333333333333,0.0,0.0,1.0,0.0,0.0,0.0,1.0,0.0,0.0,0.0,0.0,1.0
0.0,0.0,0.2142857142857141,-0.031824319540558636,0.0,0.0,0.0,1.0,0.0,0.0,0.0,0.0,0.0,0.0,1.0,0.0,1.0,0.0,0.0
0.8,0.06922420895910728,-0.42857142857142855,0.45452731051005346,1.0,1.0,1.0,0.0,0.0,0.0,0.0,0.0,1.0,1.0,0.0,1.0,0.0,0.0,0.0
0.0,0.3417412295283387,1.1428571428571423,0.9527411754399489,0.0,1.0,1.0,0.0,0.0,0.0,0.0,0.0,1.0,1.0,0.0,0.0,0.0,0.0,1.0
1.2,-1.1153206805336726,-1.1428571428571426,-1.3366701562617131,0.0,0.3333333333333333,0.3333333333333333,0.0,0.0,0.0,0.0,1.0,0.0,0.0,1.0,0.0,1.0,0.0,0.0
-1.8,-0.11186597476185658,0.42857142857142855,-0.04368655441984186,1.0,0.0,0.0,0.0,0.0,1.0,0.0,0.0,0.0,1.0,0.0,0.0,1.0,0.0,0.0
1.0,-0.16280481635131033,-0.2142857142857141,-0.031824319540558636,0.0,0.3333333333333333,0.3333333333333333,1.0,0.0,0.0,0.0,0.0,0.0,1.0,0.0,0.0,0.0,0.0,1.0
-1.4,0.0,0.0,-1.4315680352959788,0.0,0.3333333333333333,0.3333333333333333,0.0,0.0,0.0,0.0,1.0,0.0,0.0,1.0,0.0,1.0,0.0,0.0
1.0,-0.896691288070424,0.14285714285714296,-1.9179196653465909,1.0,1.0,1.0,0.0,0.0,0.0,0.0,0.0,1.0,0.0,1.0,0.0,0.0,0.0,1.0
-0.2,0.0,-0.14285714285714296,-1.8348840211916084,0.5,0.6666666666666667,0.6666666666666667,0.0,0.0,0.0,0.0,0.0,1.0,0.0,1.0,1.0,0.0,0.0,0.0
0.6,0.0,0.0,-0.04368655441984186,0.0,0.3333333333333333,0.3333333333333333,0.0,0.0,1.0,0.0,0.0,0.0,1.0,0.0,0.0,0.0,1.0,0.0
0.0,0.08032552290368743,-1.0714285714285712,1.0476390544742147,1.0,0.0,0.0,0.0,0.0,1.0,0.0,0.0,0.0,1.0,0.0,0.0,0.0,1.0,0.0
-0.2,0.0,-0.7142857142857141,-0.3995536007983385,0.5,0.0,0.0,0.0,0.0,0.0,0.0,1.0,0.0,1.0,0.0,0.0,1.0,0.0,0.0
0.0,-0.385235830647143,1.0,-1.170598867951748,0.5,0.3333333333333333,0.3333333333333333,0.0,1.0,0.0,0.0,0.0,0.0,1.0,0.0,0.0,1.0,0.0,0.0
-1.2,0.8858935256790159,0.0,1.4865417450076939,0.5,0.3333333333333333,0.3333333333333333,0.0,0.0,0.0,1.0,0.0,0.0,0.0,1.0,0.0,0.0,1.0,0.0
-0.4,0.0,1.0,-0.07927325905769153,0.5,1.0,1.0,0.0,0.0,1.0,0.0,0.0,0.0,0.0,1.0,1.0,0.0,0.0,0.0
0.0,-0.26549197033867683,0.0,0.644323068578585,0.5,1.0,1.0,1.0,0.0,0.0,0.0,0.0,0.0,0.0,1.0,1.0,0.0,0.0,0.0
-1.0,-0.8618840433066882,-0.42857142857142855,1.2611592823013127,1.0,0.3333333333333333,0.3333333333333333,0.0,0.0,1.0,0.0,0.0,0.0,0.0,1.0,0.0,0.0,0.0,1.0
0.4,-0.5793642763186424,-0.9285714285714284,-0.09113549393697475,0.0,0.0,0.0,0.0,1.0,0.0,0.0,0.0,0.0,1.0,0.0,0.0,0.0,0.0,1.0
0.0,0.9098740983796129,0.14285714285714296,-0.6249360635047198,0.0,0.0,0.0,0.0,0.0,1.0,0.0,0.0,0.0,1.0,0.0,0.0,0.0,0.0,1.0
-0.6,0.0,1.2857142857142854,0.11052249901084003,0.0,0.6666666666666667,0.6666666666666667,0.0,0.0,0.0,0.0,1.0,0.0,0.0,1.0,0.0,1.0,0.0,0.0
0.0,-1.1854266344805655,-0.07142857142857148,1.0595012893534979,0.0,1.0,1.0,0.0,0.0,0.0,0.0,1.0,0.0,1.0,0.0,0.0,1.0,0.0,0.0
0.0,-1.041817840158425,-1.2857142857142854,1.54585291940411,1.0,0.6666666666666667,0.6666666666666667,1.0,0.0,0.0,0.0,0.0,0.0,0.0,1.0,1.0,0.0,0.0,0.0
-1.8,0.0,0.35714285714285704,-1.8941951955880245,1.0,0.0,0.0,0.0,1.0,0.0,0.0,0.0,0.0,1.0,0.0,0.0,1.0,0.0,0.0
1.4,0.0,0.0,0.11052249901084003,0.0,1.0,1.0,0.0,0.0,0.0,0.0,1.0,0.0,1.0,0.0,0.0,1.0,0.0,0.0
0.0,-1.2465705901909483,1.0,1.5695773891626763,0.5,1.0,1.0,0.0,0.0,1.0,0.0,0.0,0.0,0.0,1.0,0.0,0.0,0.0,1.0
0.6,-0.6814876917072606,-1.1428571428571426,1.1543991683877637,0.5,0.6666666666666667,0.6666666666666667,0.0,1.0,0.0,0.0,0.0,0.0,0.0,1.0,1.0,0.0,0.0,0.0
-0.6,0.0,0.0,0.11052249901084003,0.5,0.3333333333333333,0.3333333333333333,0.0,0.0,0.0,0.0,1.0,0.0,1.0,0.0,0.0,1.0,0.0,0.0
0.0,-0.7355054133360316,0.2857142857142856,-1.384119095778846,0.0,0.0,0.0,1.0,0.0,0.0,0.0,0.0,0.0,1.0,0.0,0.0,1.0,0.0,0.0
0.0,-1.0608259493213454,-1.4285714285714282,1.7000619728347919,0.0,1.0,1.0,0.0,0.0,0.0,1.0,0.0,0.0,1.0,0.0,0.0,0.0,0.0,1.0
0.2,-0.9667105130021248,-1.3571428571428568,1.6881997379555085,0.0,0.0,0.0,0.0,0.0,0.0,0.0,0.0,1.0,1.0,0.0,0.0,1.0,0.0,0.0
0.0,0.0,0.2857142857142856,-1.7992973165537587,0.5,1.0,1.0,0.0,0.0,0.0,0.0,1.0,0.0,1.0,0.0,0.0,1.0,0.0,0.0
-1.2,0.5470143536520142,-0.35714285714285704,-0.6842472379011358,1.0,0.3333333333333333,0.3333333333333333,1.0,0.0,0.0,0.0,0.0,0.0,1.0,0.0,1.0,0.0,0.0,0.0
0.0,-0.8429048438154985,0.35714285714285704,0.4782517802686199,1.0,1.0,1.0,0.0,0.0,0.0,1.0,0.0,0.0,1.0,0.0,1.0,0.0,0.0,0.0
0.0,0.0,-0.42857142857142855,1.1662614032670469,0.0,0.6666666666666667,0.6666666666666667,0.0,0.0,1.0,0.0,0.0,0.0,1.0,0.0,1.0,0.0,0.0,0.0
1.4,0.20414564692617915,-1.0714285714285712,1.8424087913861904,1.0,0.3333333333333333,0.3333333333333333,0.0,0.0,1.0,0.0,0.0,0.0,1.0,0.0,1.0,0.0,0.0,0.0
1.6,1.386854772264061,1.4285714285714282,1.4865417450076939,1.0,0.3333333333333333,0.3333333333333333,0.0,1.0,0.0,0.0,0.0,0.0,1.0,0.0,0.0,1.0,0.0,0.0
-1.4,-0.34685824142466865,0.5,0.44266507563077023,0.0,1.0,1.0,0.0,0.0,0.0,1.0,0.0,0.0,0.0,1.0,1.0,0.0,0.0,0.0
0.0,0.0,-0.7857142857142856,0.0986602641315568,0.0,0.3333333333333333,0.3333333333333333,0.0,0.0,1.0,0.0,0.0,0.0,1.0,0.0,0.0,0.0,1.0,0.0
0.2,0.22555325884274585,-0.7857142857142856,1.225572577663463,0.0,0.0,0.0,0.0,1.0,0.0,0.0,0.0,0.0,1.0,0.0,0.0,0.0,0.0,1.0
-0.2,-1.091441291684133,0.0,-1.7399861421573426,0.5,1.0,1.0,0.0,0.0,1.0,0.0,0.0,0.0,1.0,0.0,1.0,0.0,0.0,0.0
0.0,0.1844292508058571,0.5,0.751083182492134,1.0,0.0,0.0,0.0,0.0,0.0,0.0,1.0,0.0,0.0,1.0,0.0,1.0,0.0,0.0
0.0,-0.47586765152281696,0.5714285714285712,0.6561853034578683,0.0,0.6666666666666667,0.6666666666666667,0.0,0.0,0.0,0.0,0.0,1.0,1.0,0.0,1.0,0.0,0.0,0.0
-1.4,0.0,0.2857142857142856,-0.13858443345410765,0.0,0.6666666666666667,0.6666666666666667,0.0,0.0,0.0,0.0,1.0,0.0,0.0,1.0,0.0,1.0,0.0,0.0
0.0,-0.35518422688310375,-0.5714285714285712,1.2492970474220293,1.0,1.0,1.0,1.0,0.0,0.0,0.0,0.0,0.0,1.0,0.0,1.0,0.0,0.0,0.0
-1.0,0.5065408132290657,0.7142857142857141,-1.597639323605944,0.5,0.6666666666666667,0.6666666666666667,0.0,0.0,0.0,0.0,1.0,0.0,1.0,0.0,0.0,1.0,0.0,0.0
0.0,-0.6177274107052514,0.42857142857142855,-0.7435584122975519,0.0,0.3333333333333333,0.3333333333333333,0.0,0.0,1.0,0.0,0.0,0.0,0.0,1.0,0.0,1.0,0.0,0.0
0.0,0.0,0.0,-0.15044666833339085,1.0,0.6666666666666667,0.6666666666666667,0.0,0.0,0.0,0.0,0.0,1.0,1.0,0.0,0.0,0.0,1.0,0.0
-0.2,-1.0047122764921004,-0.9285714285714284,-1.7399861421573426,0.0,1.0,1.0,0.0,0.0,0.0,1.0,0.0,0.0,0.0,1.0,1.0,0.0,0.0,0.0
0.0,-0.4339919920209306,-0.9285714285714284,-0.7554206471768352,1.0,1.0,1.0,0.0,0.0,1.0,0.0,0.0,0.0,0.0,1.0,0.0,0.0,0.0,1.0
1.8,0.4640146861132392,0.35714285714285704,-0.031824319540558636,0.5,1.0,1.0,1.0,0.0,0.0,0.0,0.0,0.0,1.0,0.0,0.0,0.0,0.0,1.0
0.0,-1.2431592489267285,0.0,-0.04368655441984186,0.0,0.6666666666666667,0.6666666666666667,0.0,0.0,1.0,0.0,0.0,0.0,1.0,0.0,1.0,0.0,0.0,0.0
0.0,0.05497174079588326,1.2857142857142854,0.039349089735140695,0.0,0.6666666666666667,0.6666666666666667,0.0,1.0,0.0,0.0,0.0,0.0,1.0,0.0,0.0,0.0,1.0,0.0
0.6,-0.6649513594773131,-0.2857142857142856,0.7392209476128508,1.0,0.3333333333333333,0.3333333333333333,0.0,1.0,0.0,0.0,0.0,0.0,1.0,0.0,0.0,0.0,1.0,0.0
0.0,-0.9933507755019442,-1.0714285714285712,-0.423278070556905,1.0,1.0,1.0,0.0,0.0,1.0,0.0,0.0,0.0,1.0,0.0,0.0,0.0,1.0,0.0
-0.4,0.0,0.0,-1.0875632237967654,0.0,1.0,1.0,0.0,1.0,0.0,0.0,0.0,0.0,1.0,0.0,0.0,0.0,1.0,0.0
-0.8,0.0,-0.6428571428571427,-0.18603337297124053,1.0,0.6666666666666667,0.6666666666666667,0.0,1.0,0.0,0.0,0.0,0.0,0.0,1.0,0.0,0.0,0.0,1.0
0.0,0.0,-0.7857142857142856,-0.5893493588668701,0.0,0.6666666666666667,0.6666666666666667,0.0,0.0,0.0,1.0,0.0,0.0,0.0,1.0,0.0,0.0,0.0,1.0
0.0,0.0,0.14285714285714296,-1.4790169748131117,0.5,0.0,0.0,0.0,0.0,0.0,0.0,1.0,0.0,1.0,0.0,0.0,1.0,0.0,0.0
0.2,1.0147294777467801,-1.214285714285714,-1.6569504980023602,0.5,0.0,0.0,0.0,0.0,0.0,0.0,0.0,1.0,1.0,0.0,0.0,0.0,0.0,1.0
1.8,0.593342102600425,0.0,1.9017199657826065,0.5,0.0,0.0,1.0,0.0,0.0,0.0,0.0,0.0,0.0,1.0,1.0,0.0,0.0,0.0
-1.8,1.3092178488313264,0.2857142857142856,1.2730215171805959,0.0,0.0,0.0,0.0,1.0,0.0,0.0,0.0,0.0,0.0,1.0,0.0,1.0,0.0,0.0
0.6,-0.9351989708156864,0.5714285714285712,0.27659378732080514,0.0,0.0,0.0,0.0,0.0,0.0,1.0,0.0,0.0,1.0,0.0,0.0,0.0,1.0,0.0
0.0,0.0,-0.14285714285714296,1.1662614032670469,1.0,1.0,1.0,0.0,0.0,0.0,0.0,0.0,1.0,0.0,1.0,0.0,0.0,1.0,0.0
0.0,0.0,0.0,1.0595012893534979,1.0,0.0,0.0,0.0,0.0,0.0,0.0,1.0,0.0,1.0,0.0,0.0,1.0,0.0,0.0
-0.6,0.0,0.14285714285714296,0.9290167056813824,0.0,1.0,1.0,0.0,0.0,0.0,0.0,1.0,0.0,0.0,1.0,0.0,1.0,0.0,0.0
-0.4,-0.42040444630751217,-0.9285714285714284,0.11052249901084003,0.0,0.0,0.0,0.0,0.0,0.0,0.0,1.0,0.0,1.0,0.0,0.0,1.0,0.0,0.0
0.0,-1.2622540871048409,-0.9285714285714284,-0.031824319540558636,0.0,1.0,1.0,1.0,0.0,0.0,0.0,0.0,0.0,1.0,0.0,1.0,0.0,0.0,0.0
-1.6,-1.3516427920960958,0.5714285714285712,-0.09113549393697475,0.5,1.0,1.0,0.0,0.0,0.0,0.0,0.0,1.0,0.0,1.0,1.0,0.0,0.0,0.0
1.6,-0.6248391899509981,0.0,1.0595012893534979,0.5,0.6666666666666667,0.6666666666666667,1.0,0.0,0.0,0.0,0.0,0.0,1.0,0.0,0.0,0.0,1.0,0.0
1.2,-1.1529032537835533,-0.6428571428571427,0.11052249901084003,1.0,1.0,1.0,0.0,0.0,0.0,1.0,0.0,0.0,0.0,1.0,0.0,0.0,0.0,1.0
-1.4,0.4150417022014715,0.42857142857142855,-0.09113549393697475,0.0,1.0,1.0,0.0,1.0,0.0,0.0,0.0,0.0,1.0,0.0,1.0,0.0,0.0,0.0
-0.8,-0.4224714878362556,0.0,0.9171544708020991,0.5,0.6666666666666667,0.6666666666666667,0.0,1.0,0.0,0.0,0.0,0.0,1.0,0.0,0.0,1.0,0.0,0.0
-1.2,-0.2410199332186583,-0.2857142857142856,-0.04368655441984186,0.0,0.0,0.0,0.0,0.0,1.0,0.0,0.0,0.0,1.0,0.0,0.0,0.0,1.0,0.0
0.0,0.4900912100143103,0.0,-0.04368655441984186,0.0,0.3333333333333333,0.3333333333333333,0.0,0.0,1.0,0.0,0.0,0.0,0.0,1.0,0.0,0.0,1.0,0.0
0.0,-1.1564157788988305,0.0,0.0037623850972910303,0.0,1.0,1.0,1.0,0.0,0.0,0.0,0.0,0.0,1.0,0.0,0.0,0.0,1.0,0.0
-1.8,-0.4290339833191194,0.7142857142857141,-0.09113549393697475,0.0,1.0,1.0,0.0,1.0,0.0,0.0,0.0,0.0,1.0,0.0,0.0,1.0,0.0,0.0
-0.6,-1.2070510689351122,-1.1428571428571426,-0.37582913103977206,0.0,0.3333333333333333,0.3333333333333333,1.0,0.0,0.0,0.0,0.0,0.0,1.0,0.0,1.0,0.0,0.0,0.0
-0.6,0.36294647374279065,-0.35714285714285704,0.9764656451985152,1.0,0.6666666666666667,0.6666666666666667,1.0,0.0,0.0,0.0,0.0,0.0,1.0,0.0,0.0,0.0,1.0,0.0
0.0,0.4734970584409014,-0.42857142857142855,1.2967459869391622,1.0,1.0,1.0,0.0,0.0,0.0,1.0,0.0,0.0,0.0,1.0,0.0,0.0,1.0,0.0
1.6,-0.7069426576661222,0.14285714285714296,-1.9416441351051574,0.0,0.0,0.0,0.0,0.0,0.0,0.0,1.0,0.0,0.0,1.0,0.0,1.0,0.0,0.0
0.4,0.0,-1.1428571428571426,0.11052249901084003,0.5,1.0,1.0,0.0,0.0,0.0,0.0,1.0,0.0,0.0,1.0,0.0,1.0,0.0,0.0
0.0,1.3002847602665473,0.0,-0.5300381844704539,1.0,1.0,1.0,1.0,0.0,0.0,0.0,0.0,0.0,1.0,0.0,0.0,1.0,0.0,0.0
1.4,-0.8222922478715254,-1.2857142857142854,-1.2180478074688807,0.0,1.0,1.0,0.0,1.0,0.0,0.0,0.0,0.0,1.0,0.0,0.0,1.0,0.0,0.0
0.0,1.3620358190832742,0.0,0.11052249901084003,0.0,1.0,1.0,0.0,0.0,0.0,0.0,1.0,0.0,1.0,0.0,0.0,1.0,0.0,0.0
-1.0,-0.6787412728928462,0.0,0.9527411754399489,0.0,0.6666666666666667,0.6666666666666667,0.0,0.0,0.0,0.0,1.0,0.0,0.0,1.0,0.0,1.0,0.0,0.0
-0.6,1.1711741663173414,1.357142857142857,0.27659378732080514,0.0,0.0,0.0,0.0,0.0,0.0,1.0,0.0,0.0,0.0,1.0,0.0,0.0,0.0,1.0
1.6,0.06737398996834391,0.7857142857142853,0.964603410319232,0.0,0.3333333333333333,0.3333333333333333,0.0,0.0,0.0,0.0,0.0,1.0,1.0,0.0,0.0,0.0,0.0,1.0
0.0,0.24253769098451888,0.0,1.5695773891626763,0.0,0.0,0.0,0.0,0.0,0.0,0.0,0.0,1.0,1.0,0.0,0.0,1.0,0.0,0.0
1.0,0.3134675705757361,1.2142857142857142,0.6324608336993018,1.0,1.0,1.0,0.0,1.0,0.0,0.0,0.0,0.0,1.0,0.0,0.0,0.0,1.0,0.0
-0.8,0.0,-0.8571428571428569,1.0832257591120642,1.0,1.0,1.0,1.0,0.0,0.0,0.0,0.0,0.0,1.0,0.0,1.0,0.0,0.0,0.0
-1.8,0.0,0.5,-0.09113549393697475,1.0,1.0,1.0,0.0,1.0,0.0,0.0,0.0,0.0,0.0,1.0,1.0,0.0,0.0,0.0
1.2,0.0,-0.8571428571428569,-1.6688127328816433,0.5,0.0,0.0,1.0,0.0,0.0,0.0,0.0,0.0,0.0,1.0,0.0,1.0,0.0,0.0
-0.6,0.0,-1.0714285714285712,-0.9096297006075171,0.0,0.0,0.0,0.0,0.0,0.0,1.0,0.0,0.0,0.0,1.0,0.0,1.0,0.0,0.0
-0.8,0.38435408565935736,1.0714285714285712,-0.7198339425389855,0.5,1.0,1.0,0.0,0.0,1.0,0.0,0.0,0.0,0.0,1.0,0.0,0.0,0.0,1.0
0.2,0.6464202598979488,0.0,1.3441949264562951,1.0,1.0,1.0,0.0,0.0,1.0,0.0,0.0,0.0,1.0,0.0,1.0,0.0,0.0,0.0
0.0,-0.5644613405414781,-0.14285714285714296,-0.8503185262111009,0.0,0.6666666666666667,0.6666666666666667,1.0,0.0,0.0,0.0,0.0,0.0,0.0,1.0,0.0,0.0,1.0,0.0
0.0,1.1838076928636476,-0.8571428571428569,1.2492970474220293,0.0,1.0,1.0,0.0,1.0,0.0,0.0,0.0,0.0,1.0,0.0,1.0,0.0,0.0,0.0
0.0,0.0,0.5714285714285712,0.9408789405606656,0.0,1.0,1.0,0.0,0.0,0.0,1.0,0.0,0.0,1.0,0.0,1.0,0.0,0.0,0.0
-0.6,-0.24274005868663362,-1.3571428571428568,0.0037623850972910303,0.0,0.6666666666666667,0.6666666666666667,0.0,0.0,1.0,0.0,0.0,0.0,0.0,1.0,0.0,1.0,0.0,0.0
-0.2,0.0,-0.6428571428571427,1.3560571613355783,0.0,0.0,0.0,0.0,0.0,0.0,1.0,0.0,0.0,1.0,0.0,0.0,0.0,1.0,0.0
0.0,1.252150156834969,0.7857142857142853,-0.7435584122975519,0.0,0.3333333333333333,0.3333333333333333,0.0,0.0,1.0,0.0,0.0,0.0,0.0,1.0,0.0,0.0,1.0,0.0
0.0,-1.0858039056966509,0.2142857142857141,1.1306746986291971,0.0,0.0,0.0,1.0,0.0,0.0,0.0,0.0,0.0,1.0,0.0,0.0,0.0,0.0,1.0
0.0,-0.5594166028244749,-1.214285714285714,0.27659378732080514,1.0,0.6666666666666667,0.6666666666666667,0.0,0.0,0.0,1.0,0.0,0.0,0.0,1.0,1.0,0.0,0.0,0.0
0.0,-1.3691765080007516,-0.5,0.3952161361136374,0.0,1.0,1.0,1.0,0.0,0.0,0.0,0.0,0.0,0.0,1.0,0.0,0.0,0.0,1.0
0.0,-0.6562350934505139,-0.07142857142857148,-1.7518483770366258,0.5,1.0,1.0,0.0,0.0,0.0,1.0,0.0,0.0,0.0,1.0,1.0,0.0,0.0,0.0
0.6,-1.321865830213498,-0.2857142857142856,-0.09113549393697475,0.0,0.6666666666666667,0.6666666666666667,0.0,0.0,0.0,0.0,0.0,1.0,1.0,0.0,0.0,0.0,1.0,0.0
0.0,-1.3105043292233416,0.7857142857142853,0.5968741290614521,0.0,0.6666666666666667,0.6666666666666667,0.0,1.0,0.0,0.0,0.0,0.0,0.0,1.0,0.0,0.0,0.0,1.0
0.0,-0.8122316821092497,1.357142857142857,0.8222565917678334,0.5,0.3333333333333333,0.3333333333333333,0.0,0.0,0.0,1.0,0.0,0.0,1.0,0.0,0.0,0.0,0.0,1.0
1.0,0.37078099478180426,0.0,-1.1350121633138983,1.0,0.6666666666666667,0.6666666666666667,0.0,0.0,0.0,1.0,0.0,0.0,0.0,1.0,0.0,1.0,0.0,0.0
0.0,-0.607854757809225,-0.35714285714285704,0.27659378732080514,0.0,1.0,1.0,0.0,0.0,0.0,1.0,0.0,0.0,0.0,1.0,0.0,1.0,0.0,0.0
0.4,0.2676457408826123,0.5,-0.9214919354868003,1.0,0.0,0.0,0.0,0.0,0.0,0.0,1.0,0.0,0.0,1.0,0.0,1.0,0.0,0.0
0.0,0.0,0.0,1.1425369335084803,0.0,0.0,0.0,1.0,0.0,0.0,0.0,0.0,0.0,1.0,0.0,0.0,0.0,0.0,1.0
-1.0,0.6599933507755019,0.5,-0.8859052308489507,0.0,0.6666666666666667,0.6666666666666667,0.0,0.0,1.0,0.0,0.0,0.0,1.0,0.0,0.0,0.0,1.0,0.0
0.0,0.8946387013775459,-0.2142857142857141,1.818684321627624,0.5,0.3333333333333333,0.3333333333333333,0.0,1.0,0.0,0.0,0.0,0.0,0.0,1.0,0.0,1.0,0.0,0.0
0.0,0.7472861045662826,0.2142857142857141,1.2018481079048964,0.0,0.6666666666666667,0.6666666666666667,0.0,0.0,1.0,0.0,0.0,0.0,1.0,0.0,1.0,0.0,0.0,0.0
-1.8,-0.40917303884014394,0.14285714285714296,0.27659378732080514,0.0,1.0,1.0,0.0,0.0,0.0,1.0,0.0,0.0,0.0,1.0,1.0,0.0,0.0,0.0
0.0,-0.056706321099723914,-0.9999999999999997,-0.031824319540558636,0.5,0.6666666666666667,0.6666666666666667,1.0,0.0,0.0,0.0,0.0,0.0,1.0,0.0,0.0,0.0,1.0,0.0
0.8,0.29453173559214235,0.5,-1.5264659143302446,0.0,0.0,0.0,1.0,0.0,0.0,0.0,0.0,0.0,1.0,0.0,0.0,1.0,0.0,0.0
0.0,1.2782845000795016,0.0,1.3204704566977288,0.0,1.0,1.0,0.0,0.0,0.0,0.0,0.0,1.0,0.0,1.0,0.0,0.0,0.0,1.0
0.0,-0.23200011563868692,1.357142857142857,0.5257007197857528,0.5,0.6666666666666667,0.6666666666666667,0.0,0.0,1.0,0.0,0.0,0.0,1.0,0.0,1.0,0.0,0.0,0.0
0.8,-1.0429597721917867,1.1428571428571423,0.1461092036486897,0.5,1.0,1.0,0.0,1.0,0.0,0.0,0.0,0.0,0.0,1.0,0.0,1.0,0.0,0.0
1.0,0.0,-1.3571428571428568,1.3560571613355783,1.0,1.0,1.0,0.0,0.0,0.0,1.0,0.0,0.0,0.0,1.0,0.0,0.0,1.0,0.0
0.0,1.2546942079472687,0.0,0.4070783709929206,1.0,1.0,1.0,0.0,0.0,0.0,0.0,1.0,0.0,0.0,1.0,0.0,1.0,0.0,0.0
0.8,0.0,1.1428571428571423,-0.5774871239875868,1.0,0.6666666666666667,0.6666666666666667,0.0,0.0,0.0,0.0,0.0,1.0,1.0,0.0,0.0,1.0,0.0,0.0
-1.8,0.1399228111764791,-0.9285714285714284,1.8305465565069072,0.0,0.0,0.0,0.0,0.0,0.0,1.0,0.0,0.0,0.0,1.0,0.0,0.0,1.0,0.0
-1.8,-0.02426966941790376,0.9285714285714282,1.0476390544742147,0.0,1.0,1.0,0.0,1.0,0.0,0.0,0.0,0.0,1.0,0.0,0.0,1.0,0.0,0.0
0.0,-0.25625533022072533,0.5714285714285712,0.644323068578585,0.5,0.6666666666666667,0.6666666666666667,0.0,1.0,0.0,0.0,0.0,0.0,1.0,0.0,0.0,0.0,0.0,1.0
0.0,0.0,0.0,0.4782517802686199,0.0,1.0,1.0,0.0,0.0,0.0,0.0,0.0,1.0,0.0,1.0,1.0,0.0,0.0,0.0
0.0,0.19093392694525954,-1.1428571428571426,0.1935581431658226,0.5,0.3333333333333333,0.3333333333333333,0.0,0.0,1.0,0.0,0.0,0.0,0.0,1.0,0.0,0.0,1.0,0.0
0.2,0.3212153625995577,-0.07142857142857148,-1.8230217863123253,0.0,0.3333333333333333,0.3333333333333333,0.0,0.0,0.0,1.0,0.0,0.0,0.0,1.0,0.0,0.0,0.0,1.0
0.0,1.1023113282548678,1.1428571428571423,-1.1587366330724647,1.0,0.3333333333333333,0.3333333333333333,0.0,0.0,0.0,1.0,0.0,0.0,1.0,0.0,0.0,0.0,0.0,1.0
1.4,0.0,0.7142857142857141,-1.063838754038199,0.0,1.0,1.0,0.0,0.0,0.0,1.0,0.0,0.0,0.0,1.0,1.0,0.0,0.0,0.0
-1.0,-0.03594917679709747,1.357142857142857,-0.09113549393697475,1.0,0.6666666666666667,0.6666666666666667,0.0,1.0,0.0,0.0,0.0,0.0,0.0,1.0,0.0,0.0,0.0,1.0
-1.0,-1.0860930024139577,0.0,-1.7518483770366258,0.5,0.6666666666666667,0.6666666666666667,0.0,0.0,0.0,0.0,1.0,0.0,1.0,0.0,0.0,1.0,0.0,0.0
1.8,0.0,-0.35714285714285704,-0.8740429959696674,1.0,0.0,0.0,0.0,0.0,0.0,0.0,0.0,1.0,1.0,0.0,1.0,0.0,0.0,0.0
-1.4,0.0,-1.2857142857142854,0.27659378732080514,0.0,0.6666666666666667,0.6666666666666667,0.0,0.0,0.0,1.0,0.0,0.0,1.0,0.0,0.0,0.0,0.0,1.0
0.2,-0.417238837253003,0.0,-0.019962084661275414,0.5,1.0,1.0,0.0,0.0,0.0,0.0,0.0,1.0,1.0,0.0,0.0,0.0,1.0,0.0
-1.4,1.3117474451077609,0.2142857142857141,-0.6723850030218527,0.0,1.0,1.0,1.0,0.0,0.0,0.0,0.0,0.0,0.0,1.0,0.0,0.0,1.0,0.0
0.0,1.3203480724476373,0.8571428571428571,-1.7874350816744755,0.5,0.3333333333333333,0.3333333333333333,0.0,0.0,0.0,0.0,0.0,1.0,1.0,0.0,0.0,1.0,0.0,0.0
-1.6,1.1093508333212876,-0.2142857142857141,-0.8028695866939681,0.0,1.0,1.0,0.0,0.0,0.0,0.0,0.0,1.0,1.0,0.0,0.0,0.0,0.0,1.0
-0.6,0.11284890360069962,1.1428571428571423,0.5257007197857528,0.5,0.0,0.0,0.0,0.0,1.0,0.0,0.0,0.0,1.0,0.0,0.0,1.0,0.0,0.0
-0.6,1.3178907503505297,1.0714285714285712,-1.1943233377103144,1.0,1.0,1.0,0.0,0.0,1.0,0.0,0.0,0.0,1.0,0.0,0.0,0.0,1.0,0.0
1.4,1.0452870007661064,1.1428571428571423,-0.9333541703660835,0.0,1.0,1.0,1.0,0.0,0.0,0.0,0.0,0.0,1.0,0.0,1.0,0.0,0.0,0.0
0.0,0.0,-1.1428571428571426,1.6881997379555085,0.5,0.0,0.0,0.0,0.0,0.0,1.0,0.0,0.0,0.0,1.0,0.0,1.0,0.0,0.0
1.4,0.2739191396481693,0.0,0.3714916663550709,0.0,0.0,0.0,0.0,0.0,0.0,0.0,1.0,0.0,1.0,0.0,0.0,1.0,0.0,0.0
-1.6,0.17929778407366184,1.0714285714285712,-1.6688127328816433,0.0,0.3333333333333333,0.3333333333333333,0.0,0.0,1.0,0.0,0.0,0.0,0.0,1.0,1.0,0.0,0.0,0.0
0.0,1.40751073271563,-0.2857142857142856,0.11052249901084003,0.5,0.3333333333333333,0.3333333333333333,0.0,0.0,0.0,0.0,1.0,0.0,1.0,0.0,0.0,1.0,0.0,0.0
0.0,0.6016247235512641,-0.8571428571428569,-1.597639323605944,0.5,0.0,0.0,0.0,1.0,0.0,0.0,0.0,0.0,0.0,1.0,0.0,0.0,1.0,0.0
0.0,0.8084878796201269,0.9285714285714282,-0.19789560785052374,0.5,1.0,1.0,0.0,0.0,0.0,0.0,0.0,1.0,1.0,0.0,1.0,0.0,0.0,0.0
-0.8,0.5120481056937598,-1.2857142857142854,-1.1231499284346151,1.0,1.0,1.0,0.0,0.0,1.0,0.0,0.0,0.0,1.0,0.0,1.0,0.0,0.0,0.0
1.2,0.0,-0.7857142857142856,-0.04368655441984186,0.0,1.0,1.0,0.0,0.0,1.0,0.0,0.0,0.0,0.0,1.0,0.0,0.0,0.0,1.0
-1.2,-1.2540003758257325,0.0,0.27659378732080514,0.5,0.3333333333333333,0.3333333333333333,0.0,0.0,0.0,1.0,0.0,0.0,0.0,1.0,0.0,1.0,0.0,0.0
0.0,0.6847833942845579,0.07142857142857148,0.8222565917678334,0.0,0.0,0.0,1.0,0.0,0.0,0.0,0.0,0.0,0.0,1.0,0.0,1.0,0.0,0.0
-1.8,-1.211098422977407,0.42857142857142855,-0.6130738286254366,0.0,1.0,1.0,0.0,0.0,1.0,0.0,0.0,0.0,1.0,0.0,0.0,1.0,0.0,0.0
-1.8,-1.0469203972188896,-0.9285714285714284,1.498403979886977,0.0,0.3333333333333333,0.3333333333333333,0.0,0.0,0.0,1.0,0.0,0.0,0.0,1.0,0.0,1.0,0.0,0.0
0.0,-0.9971668521703936,0.0,-1.3603946260202795,1.0,0.3333333333333333,0.3333333333333333,1.0,0.0,0.0,0.0,0.0,0.0,1.0,0.0,0.0,1.0,0.0,0.0
0.0,-1.2457177548748934,0.0,-0.7198339425389855,0.0,0.3333333333333333,0.3333333333333333,0.0,1.0,0.0,0.0,0.0,0.0,1.0,0.0,0.0,1.0,0.0,0.0
0.4,-1.150763938075483,-0.14285714285714296,-1.0163898145210661,0.5,0.6666666666666667,0.6666666666666667,0.0,0.0,0.0,1.0,0.0,0.0,1.0,0.0,0.0,0.0,0.0,1.0
0.0,0.9467772943438227,-0.7142857142857141,-0.8147318215732513,1.0,1.0,1.0,0.0,0.0,0.0,0.0,0.0,1.0,1.0,0.0,0.0,1.0,0.0,0.0
0.0,-0.056706321099723914,0.07142857142857148,-0.04368655441984186,1.0,1.0,1.0,0.0,1.0,0.0,0.0,0.0,0.0,1.0,0.0,1.0,0.0,0.0,0.0
-0.2,0.0,0.2142857142857141,-0.9689408750039332,0.5,0.6666666666666667,0.6666666666666667,0.0,0.0,0.0,1.0,0.0,0.0,1.0,0.0,0.0,0.0,0.0,1.0
0.0,-0.6120900247177693,0.2142857142857141,0.05121132461442392,0.0,1.0,1.0,0.0,1.0,0.0,0.0,0.0,0.0,1.0,0.0,0.0,1.0,0.0,0.0
-1.0,0.0,-1.2857142857142854,-1.2892212167445802,0.5,1.0,1.0,0.0,1.0,0.0,0.0,0.0,0.0,0.0,1.0,1.0,0.0,0.0,0.0
0.6,0.7868634451655802,0.2142857142857141,-0.35210466128120566,1.0,1.0,1.0,0.0,0.0,1.0,0.0,0.0,0.0,0.0,1.0,0.0,1.0,0.0,0.0
0.0,0.0,-0.7857142857142856,-1.5383281492095278,0.5,0.3333333333333333,0.3333333333333333,1.0,0.0,0.0,0.0,0.0,0.0,1.0,0.0,0.0,0.0,1.0,0.0
0.0,0.44929966320232434,0.0,1.6288885635590924,0.0,1.0,1.0,0.0,0.0,0.0,0.0,0.0,1.0,0.0,1.0,0.0,1.0,0.0,0.0
0.2,0.032321012994897445,-0.35714285714285704,-0.04368655441984186,1.0,1.0,1.0,0.0,0.0,1.0,0.0,0.0,0.0,0.0,1.0,1.0,0.0,0.0,0.0
-0.2,-0.3489397377892774,-1.214285714285714,-0.09113549393697475,0.5,0.0,0.0,0.0,1.0,0.0,0.0,0.0,0.0,1.0,0.0,1.0,0.0,0.0,0.0
0.0,-1.121608534135095,0.35714285714285704,-0.04368655441984186,0.5,1.0,1.0,0.0,0.0,1.0,0.0,0.0,0.0,1.0,0.0,0.0,1.0,0.0,0.0
-0.2,1.2961073127014642,-1.1428571428571426,0.9171544708020991,0.0,1.0,1.0,0.0,0.0,0.0,1.0,0.0,0.0,1.0,0.0,0.0,0.0,1.0,0.0
0.0,-1.3750740810338098,-0.2857142857142856,-0.05554878929912508,0.0,1.0,1.0,0.0,0.0,0.0,0.0,1.0,0.0,0.0,1.0,0.0,1.0,0.0,0.0
0.2,-0.9167112357439181,0.0,0.34776719659650446,1.0,0.0,0.0,0.0,1.0,0.0,0.0,0.0,0.0,0.0,1.0,1.0,0.0,0.0,0.0
0.4,0.0,0.7857142857142853,-1.4434302701752622,0.0,0.0,0.0,0.0,0.0,0.0,0.0,0.0,1.0,0.0,1.0,0.0,0.0,0.0,1.0
1.8,0.197481967592258,0.0,-0.031824319540558636,1.0,1.0,1.0,1.0,0.0,0.0,0.0,0.0,0.0,0.0,1.0,1.0,0.0,0.0,0.0
0.2,-0.9984099680548127,0.8571428571428571,-0.09113549393697475,0.0,0.3333333333333333,0.3333333333333333,0.0,0.0,0.0,0.0,0.0,1.0,1.0,0.0,0.0,1.0,0.0,0.0
1.8,-0.43513392405429235,1.4285714285714282,-1.9416441351051574,1.0,1.0,1.0,0.0,0.0,0.0,1.0,0.0,0.0,0.0,1.0,0.0,0.0,0.0,1.0
0.0,0.3396163686561339,0.0,-0.09113549393697475,1.0,0.3333333333333333,0.3333333333333333,0.0,1.0,0.0,0.0,0.0,0.0,0.0,1.0,1.0,0.0,0.0,0.0
-1.4,-1.1236322111562422,0.7857142857142853,1.012052349836365,1.0,1.0,1.0,1.0,0.0,0.0,0.0,0.0,0.0,1.0,0.0,0.0,0.0,0.0,1.0
1.8,-0.8518668420520085,0.0,-0.8621807610903842,0.0,1.0,1.0,0.0,0.0,1.0,0.0,0.0,0.0,1.0,0.0,0.0,0.0,0.0,1.0
0.0,0.0,-1.3571428571428568,1.5814396240419595,1.0,0.0,0.0,0.0,0.0,0.0,0.0,0.0,1.0,1.0,0.0,0.0,0.0,0.0,1.0
-1.6,-0.2930573423338778,0.0,0.24100708268295548,1.0,1.0,1.0,1.0,0.0,0.0,0.0,0.0,0.0,1.0,0.0,0.0,0.0,1.0,0.0
0.0,-0.6690131683554733,1.0714285714285712,0.27659378732080514,0.5,0.3333333333333333,0.3333333333333333,0.0,0.0,0.0,1.0,0.0,0.0,1.0,0.0,0.0,0.0,1.0,0.0
0.0,0.5531287492230526,0.0,-1.277358981865297,0.0,0.6666666666666667,0.6666666666666667,0.0,0.0,0.0,1.0,0.0,0.0,1.0,0.0,0.0,1.0,0.0,0.0
0.0,-1.2010812217227274,1.1428571428571423,0.11052249901084003,0.0,1.0,1.0,0.0,0.0,0.0,0.0,1.0,0.0,0.0,1.0,0.0,1.0,0.0,0.0
1.4,0.0,-1.4285714285714282,0.16983367340725614,0.5,1.0,1.0,0.0,0.0,0.0,0.0,1.0,0.0,1.0,0.0,0.0,1.0,0.0,0.0
-0.6,1.1271013717639236,0.0,-1.7281239072780594,0.0,1.0,1.0,0.0,1.0,0.0,0.0,0.0,0.0,1.0,0.0,1.0,0.0,0.0,0.0
0.0,0.8608866596319799,0.0,-1.597639323605944,0.0,0.6666666666666667,0.6666666666666667,0.0,0.0,0.0,0.0,1.0,0.0,0.0,1.0,0.0,1.0,0.0,0.0
-0.4,1.2825053121521806,0.0,1.5577151542833931,0.0,0.3333333333333333,0.3333333333333333,1.0,0.0,0.0,0.0,0.0,0.0,1.0,0.0,1.0,0.0,0.0,0.0
1.8,-0.8924560211618797,0.2142857142857141,1.3204704566977288,0.5,0.6666666666666667,0.6666666666666667,0.0,0.0,0.0,0.0,0.0,1.0,1.0,0.0,0.0,0.0,0.0,1.0
0.2,0.5461036989924979,-1.2857142857142854,1.925444435541173,1.0,0.3333333333333333,0.3333333333333333,0.0,0.0,0.0,1.0,0.0,0.0,1.0,0.0,1.0,0.0,0.0,0.0
